Unnamed: 0,File,School,Field,Year,File_Path,Maori_words
0,environmental_input_output_analysis_of_the_new_zealand_dairy_industry_2012.pdf,SBE,Building_Technology,2012,C:/Users/vwan118/Documents/MaoriStudy/CoS-Merged\SBE\Building_Technology\2012\environmental_input_output_analysis_of_the_new_zealand_dairy_industry_2012.pdf,"nino, ane, pii, turitea, eioa, automati, hite"
1,a_discrete_choice_model_based_on_random_utilities_for_exit_choice_in_emergency_evacuations_2014.pdf,SBE,Building_Technology,2014,C:/Users/vwan118/Documents/MaoriStudy/CoS-Merged\SBE\Building_Technology\2014\a_discrete_choice_model_based_on_random_utilities_for_exit_choice_in_emergency_evacuations_2014.pdf,"teoria, moura"
2,a_humanoid_robot_for_research_into_kicking_rugby_balls_2014.pdf,SBE,Building_Technology,2014,C:/Users/vwan118/Documents/MaoriStudy/CoS-Merged\SBE\Building_Technology\2014\a_humanoid_robot_for_research_into_kicking_rugby_balls_2014.pdf,"mone, nao, naito, pina, ere, tamura, iki, haake, kee, huma, automa, nao, namiki, kono"
3,data_collection_approaches_for_the_study_of_the_decision_making_process_in_fire_evacuations_2014.pdf,SBE,Building_Technology,2014,C:/Users/vwan118/Documents/MaoriStudy/CoS-Merged\SBE\Building_Technology\2014\data_collection_approaches_for_the_study_of_the_decision_making_process_in_fire_evacuations_2014.pdf,"reneke, amou"
4,fast_apple_inspection_in_colour_space_2014.pdf,SBE,Building_Technology,2014,C:/Users/vwan118/Documents/MaoriStudy/CoS-Merged\SBE\Building_Technology\2014\fast_apple_inspection_in_colour_space_2014.pdf,
5,occupants_perspectives_of_a_five_green_star_certified_school_building_2014.pdf,SBE,Building_Technology,2014,C:/Users/vwan118/Documents/MaoriStudy/CoS-Merged\SBE\Building_Technology\2014\occupants_perspectives_of_a_five_green_star_certified_school_building_2014.pdf,ere
6,the_role_of_herding_behaviour_in_exit_choice_during_evacuation_2014.pdf,SBE,Building_Technology,2014,C:/Users/vwan118/Documents/MaoriStudy/CoS-Merged\SBE\Building_Technology\2014\the_role_of_herding_behaviour_in_exit_choice_during_evacuation_2014.pdf,"ini, reneke, automata, ingenieria"
7,the_validation_of_evacuation_simulation_models_through_the_analysis_of_behavioural_uncertainty_2014.pdf,SBE,Building_Technology,2014,C:/Users/vwan118/Documents/MaoriStudy/CoS-Merged\SBE\Building_Technology\2014\the_validation_of_evacuation_simulation_models_through_the_analysis_of_behavioural_uncertainty_2014.pdf,"reneke, automata, teti, iare, ea, tete"
8,a_mixed_ordered_approach_to_investigate_correlations_among_different_affordances_in_fire_evacuation_2015.pdf,SBE,Building_Technology,2015,C:/Users/vwan118/Documents/MaoriStudy/CoS-Merged\SBE\Building_Technology\2015\a_mixed_ordered_approach_to_investigate_correlations_among_different_affordances_in_fire_evacuation_2015.pdf,"teoria, reneke"
9,a_model_of_the_decision_making_process_during_pre_evacuation_2015.pdf,SBE,Building_Technology,2015,C:/Users/vwan118/Documents/MaoriStudy/CoS-Merged\SBE\Building_Technology\2015\a_model_of_the_decision_making_process_during_pre_evacuation_2015.pdf,"timetime, reneke, automata"
10,calibrating_floor_field_cellular_automaton_models_for_pedestrian_dynamics_by_using_likelihood_function_optimization_2015.pdf,SBE,Building_Technology,2015,C:/Users/vwan118/Documents/MaoriStudy/CoS-Merged\SBE\Building_Technology\2015\calibrating_floor_field_cellular_automaton_models_for_pedestrian_dynamics_by_using_likelihood_function_optimization_2015.pdf,"amoore, tomake, reneke, automata, umeo"
11,the_need_of_latent_variables_for_modelling_decision_making_in_evacuation_simulations_2015.pdf,SBE,Building_Technology,2015,C:/Users/vwan118/Documents/MaoriStudy/CoS-Merged\SBE\Building_Technology\2015\the_need_of_latent_variables_for_modelling_decision_making_in_evacuation_simulations_2015.pdf,"automata, teo, nee, reneke, imate, automata, ture, eene"
12,affordance-based_evaluation_of_signage_design_for_areas_of_refuge_2016.pdf,SBE,Building_Technology,2016,C:/Users/vwan118/Documents/MaoriStudy/CoS-Merged\SBE\Building_Technology\2016\affordance-based_evaluation_of_signage_design_for_areas_of_refuge_2016.pdf,"tatano, ame, aoweu, ao, aoea"
13,an_evacuation_decision_model_based_on_perceived_risk_social_influence_and_behavioural_uncertainty_2016.pdf,SBE,Building_Technology,2016,C:/Users/vwan118/Documents/MaoriStudy/CoS-Merged\SBE\Building_Technology\2016\an_evacuation_decision_model_based_on_perceived_risk_social_influence_and_behavioural_uncertainty_2016.pdf,"retana, reneke"
14,application_of_the_ordered_logit_model_to_optimising_frangi_filter_parameters_for_segmentation_of_perivascular_spaces_2016.pdf,SBE,Building_Technology,2016,C:/Users/vwan118/Documents/MaoriStudy/CoS-Merged\SBE\Building_Technology\2016\application_of_the_ordered_logit_model_to_optimising_frangi_filter_parameters_for_segmentation_of_perivascular_spaces_2016.pdf,miua
15,a_dynamic_approach_for_the_impact_of_a_toxic_gas_dispersion_hazard_considering_human_behaviour_and_dispersion_modelling_2016.pdf,SBE,Building_Technology,2016,C:/Users/vwan118/Documents/MaoriStudy/CoS-Merged\SBE\Building_Technology\2016\a_dynamic_approach_for_the_impact_of_a_toxic_gas_dispersion_hazard_considering_human_behaviour_and_dispersion_modelling_2016.pdf,"nieto, rota, reneke, automata, eea, pone"
16,a_mixed_logit_model_for_predicting_exit_choice_during_building_evacuations_2016.pdf,SBE,Building_Technology,2016,C:/Users/vwan118/Documents/MaoriStudy/CoS-Merged\SBE\Building_Technology\2016\a_mixed_logit_model_for_predicting_exit_choice_during_building_evacuations_2016.pdf,"moke, reneke, uo, animate, ngene"
17,a_review_of_manual_wheelchairs_2016.pdf,SBE,Building_Technology,2016,C:/Users/vwan118/Documents/MaoriStudy/CoS-Merged\SBE\Building_Technology\2016\a_review_of_manual_wheelchairs_2016.pdf,"nationa, ahome, noreau"
18,a_sensitivity_analysis_of_a_hospital_evacuation_in_case_of_fire_2016.pdf,SBE,Building_Technology,2016,C:/Users/vwan118/Documents/MaoriStudy/CoS-Merged\SBE\Building_Technology\2016\a_sensitivity_analysis_of_a_hospital_evacuation_in_case_of_fire_2016.pdf,"nierie, rahouti, uehara, rahouti"
19,a_study_of_herding_behaviour_in_exit_choice_during_emergencies_based_on_random_utility_theory_2016.pdf,SBE,Building_Technology,2016,C:/Users/vwan118/Documents/MaoriStudy/CoS-Merged\SBE\Building_Technology\2016\a_study_of_herding_behaviour_in_exit_choice_during_emergencies_based_on_random_utility_theory_2016.pdf,"ata, reneke, automata, iterature"
20,a_virtual_reality_experiment_on_flashing_lights_at_emergency_exit_portals_for_road_tunnel_evacuation_2016.pdf,SBE,Building_Technology,2016,C:/Users/vwan118/Documents/MaoriStudy/CoS-Merged\SBE\Building_Technology\2016\a_virtual_reality_experiment_on_flashing_lights_at_emergency_exit_portals_for_road_tunnel_evacuation_2016.pdf,"kare, toa"
21,pros_and_cons_of_egress_drills_2016.pdf,SBE,Building_Technology,2016,C:/Users/vwan118/Documents/MaoriStudy/CoS-Merged\SBE\Building_Technology\2016\pros_and_cons_of_egress_drills_2016.pdf,
22,an_immersive_serious_game_for_firefighting_and_evacuation_training_in_healthcare_facilities_2017.pdf,SBE,Building_Technology,2017,C:/Users/vwan118/Documents/MaoriStudy/CoS-Merged\SBE\Building_Technology\2017\an_immersive_serious_game_for_firefighting_and_evacuation_training_in_healthcare_facilities_2017.pdf,"iwaka, rahouti, morimoto, inoue, rahouti"
23,a_humanoid_kicking_robot_2017.pdf,SBE,Building_Technology,2017,C:/Users/vwan118/Documents/MaoriStudy/CoS-Merged\SBE\Building_Technology\2017\a_humanoid_kicking_robot_2017.pdf,
24,coverage_of_apple_surface_for_adequate_machine_vision_inspection_2017.pdf,SBE,Building_Technology,2017,C:/Users/vwan118/Documents/MaoriStudy/CoS-Merged\SBE\Building_Technology\2017\coverage_of_apple_surface_for_adequate_machine_vision_inspection_2017.pdf,rotati
25,dissuasive_exit_signage_for_building_fire_evacuation_2017.pdf,SBE,Building_Technology,2017,C:/Users/vwan118/Documents/MaoriStudy/CoS-Merged\SBE\Building_Technology\2017\dissuasive_exit_signage_for_building_fire_evacuation_2017.pdf,"reneke, miare, noti"
26,perivascular_spaces_segmentation_in_brain_mri_using_optimal_3d_filtering_2017.pdf,SBE,Building_Technology,2017,C:/Users/vwan118/Documents/MaoriStudy/CoS-Merged\SBE\Building_Technology\2017\perivascular_spaces_segmentation_in_brain_mri_using_optimal_3d_filtering_2017.pdf,hou
27,simulating_assisted_evacuation_using_unity3d_2017.pdf,SBE,Building_Technology,2017,C:/Users/vwan118/Documents/MaoriStudy/CoS-Merged\SBE\Building_Technology\2017\simulating_assisted_evacuation_using_unity3d_2017.pdf,"ahouti, nierie, rahouti, uehara, rahouti"
28,the_need_for_enhancing_earthquake_evacuee_safety_by_using_virtual_reality_serious_games_2017.pdf,SBE,Building_Technology,2017,C:/Users/vwan118/Documents/MaoriStudy/CoS-Merged\SBE\Building_Technology\2017\the_need_for_enhancing_earthquake_evacuee_safety_by_using_virtual_reality_serious_games_2017.pdf,"rete, whi, ture, mea, ea"
29,a_review_2018.pdf,SBE,Building_Technology,2018,C:/Users/vwan118/Documents/MaoriStudy/CoS-Merged\SBE\Building_Technology\2018\a_review_2018.pdf,"niu, rainio, kuo, neuro, ao, autonomo, atia, roihu, autonomou, iee, autono, mee, autonomo"
30,calibrating_cellular_automaton_models_for_pedestrians_walking_through_corners_2018.pdf,SBE,Building_Technology,2018,C:/Users/vwan118/Documents/MaoriStudy/CoS-Merged\SBE\Building_Technology\2018\calibrating_cellular_automaton_models_for_pedestrians_walking_through_corners_2018.pdf,"automata, kimura, automata"
31,clinical_validation_of_automatic_quantitative_measurements_of_perivascular_spaces_in_older_age_mri_brain_data_2018.pdf,SBE,Building_Technology,2018,C:/Users/vwan118/Documents/MaoriStudy/CoS-Merged\SBE\Building_Technology\2018\clinical_validation_of_automatic_quantitative_measurements_of_perivascular_spaces_in_older_age_mri_brain_data_2018.pdf,
32,immersive_virtual_reality_serious_games_for_evacuation_training_and_research_2018.pdf,SBE,Building_Technology,2018,C:/Users/vwan118/Documents/MaoriStudy/CoS-Merged\SBE\Building_Technology\2018\immersive_virtual_reality_serious_games_for_evacuation_training_and_research_2018.pdf,"pape, neira, ere, aoki, eme"
33,investigating_pedestrian_navigation_in_indoor_open_space_environments_using_big_data_2018.pdf,SBE,Building_Technology,2018,C:/Users/vwan118/Documents/MaoriStudy/CoS-Merged\SBE\Building_Technology\2018\investigating_pedestrian_navigation_in_indoor_open_space_environments_using_big_data_2018.pdf,"tiwari, peri, pai, automata, tanaka, mahato, hepara, kuwahara"
34,people_choice_modelling_for_evacuation_of_tall_buildings_2018.pdf,SBE,Building_Technology,2018,C:/Users/vwan118/Documents/MaoriStudy/CoS-Merged\SBE\Building_Technology\2018\people_choice_modelling_for_evacuation_of_tall_buildings_2018.pdf,"reneke, torero, ata, omori"
35,prototyping_virtual_reality_serious_games_for_earthquake_preparedness_2018.pdf,SBE,Building_Technology,2018,C:/Users/vwan118/Documents/MaoriStudy/CoS-Merged\SBE\Building_Technology\2018\prototyping_virtual_reality_serious_games_for_earthquake_preparedness_2018.pdf,"ine, roa, koike, miura, rooke, aei, animate, māori, takimoto, ome, rahouti"
36,queue_formation_and_evacuation_modelling_in_road_tunnels_during_fires_2018.pdf,SBE,Building_Technology,2018,C:/Users/vwan118/Documents/MaoriStudy/CoS-Merged\SBE\Building_Technology\2018\queue_formation_and_evacuation_modelling_in_road_tunnels_during_fires_2018.pdf,"reneke, ite, taoka, paramete"
37,a_modelling_framework_for_householder_decision_making_for_wildfire_emergencies_2019.pdf,SBE,Building_Technology,2019,C:/Users/vwan118/Documents/MaoriStudy/CoS-Merged\SBE\Building_Technology\2019\a_modelling_framework_for_householder_decision_making_for_wildfire_emergencies_2019.pdf,"riate, reneke, tute, enginee, ome, aime, ue, kou, opie, pii, urata, wui, uite, whe, ime, hou, ike, ariate"
38,a_pre_evacuation_database_for_use_in_egress_simulations_2019.pdf,SBE,Building_Technology,2019,C:/Users/vwan118/Documents/MaoriStudy/CoS-Merged\SBE\Building_Technology\2019\a_pre_evacuation_database_for_use_in_egress_simulations_2019.pdf,"iei, pineau, meanitiei, retana, reneke, ikea"
39,computational_quantification_of_brain_perivascular_space_morphologies_2019.pdf,SBE,Building_Technology,2019,C:/Users/vwan118/Documents/MaoriStudy/CoS-Merged\SBE\Building_Technology\2019\computational_quantification_of_brain_perivascular_space_morphologies_2019.pdf,"ome, ere, akaike, pii, pone, ure, neto"
40,corrigendum_to_a_pre_evacuation_database_for_use_in_egress_simulations_2019.pdf,SBE,Building_Technology,2019,C:/Users/vwan118/Documents/MaoriStudy/CoS-Merged\SBE\Building_Technology\2019\corrigendum_to_a_pre_evacuation_database_for_use_in_egress_simulations_2019.pdf,ikea
41,mobile_powered_head_mounted_displays_vs_cave_automatic_virtual_environment_experiments_for_evacuation_research_2019.pdf,SBE,Building_Technology,2019,C:/Users/vwan118/Documents/MaoriStudy/CoS-Merged\SBE\Building_Technology\2019\mobile_powered_head_mounted_displays_vs_cave_automatic_virtual_environment_experiments_for_evacuation_research_2019.pdf,
42,modeling_and_simulation_of_pedestrian_movement_planning_around_corners_2019.pdf,SBE,Building_Technology,2019,C:/Users/vwan118/Documents/MaoriStudy/CoS-Merged\SBE\Building_Technology\2019\modeling_and_simulation_of_pedestrian_movement_planning_around_corners_2019.pdf,"mane, renato, okamoto, kawato, automata"
43,prediction_of_kiwifruit_orchard_characteristics_from_satellite_images_2019.pdf,SBE,Building_Technology,2019,C:/Users/vwan118/Documents/MaoriStudy/CoS-Merged\SBE\Building_Technology\2019\prediction_of_kiwifruit_orchard_characteristics_from_satellite_images_2019.pdf,"katikati, inoue, huete, moreira, retina, maunganui, puke, tauranga"
44,proposing_behavior_oriented_strategies_for_earthquake_emergency_evacuation_2019.pdf,SBE,Building_Technology,2019,C:/Users/vwan118/Documents/MaoriStudy/CoS-Merged\SBE\Building_Technology\2019\proposing_behavior_oriented_strategies_for_earthquake_emergency_evacuation_2019.pdf,"amini, mora, rema, ini, rini, eme, keio, ino, aei, inoue"
45,the_impact_of_sampling_methods_on_evacuation_model_convergence_and_egress_time_2019.pdf,SBE,Building_Technology,2019,C:/Users/vwan118/Documents/MaoriStudy/CoS-Merged\SBE\Building_Technology\2019\the_impact_of_sampling_methods_on_evacuation_model_convergence_and_egress_time_2019.pdf,"teo, ano, kimura, reneke, ime, ure, pate, ture, ria, tete"
46,towards_microscopic_calibration_of_pedestrian_simulation_models_using_open_trajectory_data_sets_2019.pdf,SBE,Building_Technology,2019,C:/Users/vwan118/Documents/MaoriStudy/CoS-Merged\SBE\Building_Technology\2019\towards_microscopic_calibration_of_pedestrian_simulation_models_using_open_trajectory_data_sets_2019.pdf,"ute, nakano"
47,an_immersive_virtual_reality_serious_game_to_enhance_earthquake_behavioral_responses_and_post_earthquake_evacuation_preparedness_in_buildings_2020.pdf,SBE,Building_Technology,2020,C:/Users/vwan118/Documents/MaoriStudy/CoS-Merged\SBE\Building_Technology\2020\an_immersive_virtual_reality_serious_game_to_enhance_earthquake_behavioral_responses_and_post_earthquake_evacuation_preparedness_in_buildings_2020.pdf,"eme, ame, ere, roo, ara, iate, moreno, ingame, neto"
48,an_online_survey_of_pedestrian_evacuation_model_usage_and_users_2020.pdf,SBE,Building_Technology,2020,C:/Users/vwan118/Documents/MaoriStudy/CoS-Merged\SBE\Building_Technology\2020\an_online_survey_of_pedestrian_evacuation_model_usage_and_users_2020.pdf,"nore, teo, automa, torero, oni, warei, reneke, aei, rimea"
49,augmented_reality_for_pedestrian_evacuation_research_2020.pdf,SBE,Building_Technology,2020,C:/Users/vwan118/Documents/MaoriStudy/CoS-Merged\SBE\Building_Technology\2020\augmented_reality_for_pedestrian_evacuation_research_2020.pdf,"nemoto, kitamura, nimo, kawai, urai, iwaka, kato, oai, tanimura, reneke, nakatani, aei, inoue, pone, mikami"
50,calibrating_the_wildfire_decision_model_using_hybrid_choice_modelling_2020.pdf,SBE,Building_Technology,2020,C:/Users/vwan118/Documents/MaoriStudy/CoS-Merged\SBE\Building_Technology\2020\calibrating_the_wildfire_decision_model_using_hybrid_choice_modelling_2020.pdf,"reneke, wui"
51,characteristics_of_small_accidental_fires_in_new_zealand_dwellings_2020.pdf,SBE,Building_Technology,2020,C:/Users/vwan118/Documents/MaoriStudy/CoS-Merged\SBE\Building_Technology\2020\characteristics_of_small_accidental_fires_in_new_zealand_dwellings_2020.pdf,"kāhui, kauri, irani, aeaoa, mimeo, hamani, hira, rotorua, emeka, ea, renene, aotearoa, iene, amore, panuku, tanaka, kakitahi, iea, kua, putu, petone, pou, wakita, atie, urenio, ea, motu, merino, otakaro, emanate, nuria, huia, mani, mua, ahuri, wou, maa, nawawi, opine, wengui, rii, waitakere, wiri, rino, akoma, makerere, memari, ara, maori, ina, oionomou, ikau, porirua, mangere, urenio, moreno, rohe, hou, kaka, kumara, ngai, hirai, tawie, nakamoto, hao, tumi, mei, romo, hoai, waikato, nakamato, makaremi, ngowi, māori, oikonomou, pone, kiwi, waimairi, ani"
52,comparing_the_effectiveness_of_fire_extinguisher_virtual_reality_and_video_training_2020.pdf,SBE,Building_Technology,2020,C:/Users/vwan118/Documents/MaoriStudy/CoS-Merged\SBE\Building_Technology\2020\comparing_the_effectiveness_of_fire_extinguisher_virtual_reality_and_video_training_2020.pdf,"hone, aei, rahouti, inoue"
53,computational_quantification_of_brain_perivascular_space_morphologies_2020.pdf,SBE,Building_Technology,2020,C:/Users/vwan118/Documents/MaoriStudy/CoS-Merged\SBE\Building_Technology\2020\computational_quantification_of_brain_perivascular_space_morphologies_2020.pdf,"pone, akaike"
54,evacuation_data_from_a_hospital_outpatient_drill_the_case_study_of_north_shore_hospital_2020.pdf,SBE,Building_Technology,2020,C:/Users/vwan118/Documents/MaoriStudy/CoS-Merged\SBE\Building_Technology\2020\evacuation_data_from_a_hospital_outpatient_drill_the_case_study_of_north_shore_hospital_2020.pdf,"waitemata, aitemata, ime, hori, rahouti, rahouti"
55,exposed_2020.pdf,SBE,Building_Technology,2020,C:/Users/vwan118/Documents/MaoriStudy/CoS-Merged\SBE\Building_Technology\2020\exposed_2020.pdf,"rimea, rimea, eti, reneke, mawani, ito, moreno, eti"
56,glass_curtain_wall_technology_and_sustainability_in_commercial_buildings_in_auckland_new_zealand_2020.pdf,SBE,Building_Technology,2020,C:/Users/vwan118/Documents/MaoriStudy/CoS-Merged\SBE\Building_Technology\2020\glass_curtain_wall_technology_and_sustainability_in_commercial_buildings_in_auckland_new_zealand_2020.pdf,"ene, ine, automa, uti, ime, ere"
57,how_people_make_decisions_during_earthquakes_and_post_earthquake_evacuation_2020.pdf,SBE,Building_Technology,2020,C:/Users/vwan118/Documents/MaoriStudy/CoS-Merged\SBE\Building_Technology\2020\how_people_make_decisions_during_earthquakes_and_post_earthquake_evacuation_2020.pdf,pineau
58,human_behaviour_during_a_healthcare_facility_evacuation_drills_2020.pdf,SBE,Building_Technology,2020,C:/Users/vwan118/Documents/MaoriStudy/CoS-Merged\SBE\Building_Technology\2020\human_behaviour_during_a_healthcare_facility_evacuation_drills_2020.pdf,"kahui, pineau, manaaki, ua, uana, uahi, rahouti, rahoutia, rahouti, aare"
59,modeling_evacuation_behavior_in_the_2019_kincade_fire_sonoma_county_california_2020.pdf,SBE,Building_Technology,2020,C:/Users/vwan118/Documents/MaoriStudy/CoS-Merged\SBE\Building_Technology\2020\modeling_evacuation_behavior_in_the_2019_kincade_fire_sonoma_county_california_2020.pdf,"ama, wui, kaiai"
60,modelling_and_interpreting_pre_evacuation_decision_making_using_machine_learning_2020.pdf,SBE,Building_Technology,2020,C:/Users/vwan118/Documents/MaoriStudy/CoS-Merged\SBE\Building_Technology\2020\modelling_and_interpreting_pre_evacuation_decision_making_using_machine_learning_2020.pdf,"automata, retana, reneke, mauri, aei"
61,modelling_evacuation_decision_making_in_the_2016_chimney_tops_2_fire_in_gatlinburg_tn_2020.pdf,SBE,Building_Technology,2020,C:/Users/vwan118/Documents/MaoriStudy/CoS-Merged\SBE\Building_Technology\2020\modelling_evacuation_decision_making_in_the_2016_chimney_tops_2_fire_in_gatlinburg_tn_2020.pdf,"opie, moke, ute, ime, omori, wui, ina"
62,retinal_biomarkers_discovery_for_cerebral_small_vessel_disease_in_an_older_population_2020.pdf,SBE,Building_Technology,2020,C:/Users/vwan118/Documents/MaoriStudy/CoS-Merged\SBE\Building_Technology\2020\retinal_biomarkers_discovery_for_cerebral_small_vessel_disease_in_an_older_population_2020.pdf,"retina, miua, retina, retina, apa"
63,using_artificial_intelligence_for_safe_and_effective_wildfire_evacuations_2020.pdf,SBE,Building_Technology,2020,C:/Users/vwan118/Documents/MaoriStudy/CoS-Merged\SBE\Building_Technology\2020\using_artificial_intelligence_for_safe_and_effective_wildfire_evacuations_2020.pdf,"wui, opie"
64,validity_and_reliability_of_life_cycle_assessment_2020.pdf,SBE,Building_Technology,2020,C:/Users/vwan118/Documents/MaoriStudy/CoS-Merged\SBE\Building_Technology\2020\validity_and_reliability_of_life_cycle_assessment_2020.pdf,"moreira, kaikoura, eioa, mea, waikato, ture, mea, tatua"
65,virtual_and_augmented_reality_for_human_behaviour_in_disasters_2020.pdf,SBE,Building_Technology,2020,C:/Users/vwan118/Documents/MaoriStudy/CoS-Merged\SBE\Building_Technology\2020\virtual_and_augmented_reality_for_human_behaviour_in_disasters_2020.pdf,"nemoto, kitamura, kawai, iwaka, tanimura, ame, nakatani, aei, morimoto, inoue, huma, rahouti, rou"
66,analysis_of_the_stochastic_excursions_of_tumbling_apples_2021.pdf,SBE,Building_Technology,2021,C:/Users/vwan118/Documents/MaoriStudy/CoS-Merged\SBE\Building_Technology\2021\analysis_of_the_stochastic_excursions_of_tumbling_apples_2021.pdf,"munera, retina"
67,case_studies_of_large_outdoor_fires_involving_evacuation_2021.pdf,SBE,Building_Technology,2021,C:/Users/vwan118/Documents/MaoriStudy/CoS-Merged\SBE\Building_Technology\2021\case_studies_of_large_outdoor_fires_involving_evacuation_2021.pdf,"nia, wea, weerite, rino, nea, ino, eme, wea, humi, ea, ramona, roa, arango, haipo, ipa, meu, wikiu, ura, nima, ere, wui, ange, nume, wapa, nee, operati, ite, naramata, roa, pare, pio, rapi"
68,investigating_evacuation_behaviour_in_retirement_facilities_2021.pdf,SBE,Building_Technology,2021,C:/Users/vwan118/Documents/MaoriStudy/CoS-Merged\SBE\Building_Technology\2021\investigating_evacuation_behaviour_in_retirement_facilities_2021.pdf,"reneke, rahouti"
69,investigating_exit_choice_in_built_environment_evacuation_combining_immersive_virtual_reality_and_discrete_choice_modelling_2021.pdf,SBE,Building_Technology,2021,C:/Users/vwan118/Documents/MaoriStudy/CoS-Merged\SBE\Building_Technology\2021\investigating_exit_choice_in_built_environment_evacuation_combining_immersive_virtual_reality_and_discrete_choice_modelling_2021.pdf,"aei, aei, rahouti, ngene"
70,investigating_office_buildings_evacuations_using_unannounced_fire_drills_2021.pdf,SBE,Building_Technology,2021,C:/Users/vwan118/Documents/MaoriStudy/CoS-Merged\SBE\Building_Technology\2021\investigating_office_buildings_evacuations_using_unannounced_fire_drills_2021.pdf,"tiwari, pineau, reneke, ahouti, ono, ame, huo, rahouti"
71,investigating_personalized_exit_choice_behavior_in_fire_accidents_using_the_hierarchical_bayes_estimator_of_the_random_coefficient_logit_model_2021.pdf,SBE,Building_Technology,2021,C:/Users/vwan118/Documents/MaoriStudy/CoS-Merged\SBE\Building_Technology\2021\investigating_personalized_exit_choice_behavior_in_fire_accidents_using_the_hierarchical_bayes_estimator_of_the_random_coefficient_logit_model_2021.pdf,"ute, peeta, hetero"
72,prototyping_and_testing_a_virtual_reality_counterterrorism_serious_game_for_active_shooting_2021.pdf,SBE,Building_Technology,2021,C:/Users/vwan118/Documents/MaoriStudy/CoS-Merged\SBE\Building_Technology\2021\prototyping_and_testing_a_virtual_reality_counterterrorism_serious_game_for_active_shooting_2021.pdf,"aei, etopio, oikonomou, kaimara, rahouti"
73,prototyping_and_validating_a_non_immersive_virtual_reality_serious_game_for_healthcare_fire_safety_training_2021.pdf,SBE,Building_Technology,2021,C:/Users/vwan118/Documents/MaoriStudy/CoS-Merged\SBE\Building_Technology\2021\prototyping_and_validating_a_non_immersive_virtual_reality_serious_game_for_healthcare_fire_safety_training_2021.pdf,"inga, amato, ahouti, aei, animate, ingame, ea, rahouti"
74,simulating_metro_station_evacuation_using_three_agent_based_exit_choice_models_2021.pdf,SBE,Building_Technology,2021,C:/Users/vwan118/Documents/MaoriStudy/CoS-Merged\SBE\Building_Technology\2021\simulating_metro_station_evacuation_using_three_agent_based_exit_choice_models_2021.pdf,"uri, hao, reneke, ame, automata, arai, keane"
75,the_response_of_sleeping_adults_to_smoke_alarm_signals_in_the_evacuation_decision_model_2021.pdf,SBE,Building_Technology,2021,C:/Users/vwan118/Documents/MaoriStudy/CoS-Merged\SBE\Building_Technology\2021\the_response_of_sleeping_adults_to_smoke_alarm_signals_in_the_evacuation_decision_model_2021.pdf,"retana, awoke, reneke, nakano"
76,automation_in_fire_safety_engineering_using_bim_and_generative_design_2022.pdf,SBE,Building_Technology,2022,C:/Users/vwan118/Documents/MaoriStudy/CoS-Merged\SBE\Building_Technology\2022\automation_in_fire_safety_engineering_using_bim_and_generative_design_2022.pdf,"miro, rahouti"
77,a_highway_vehicle_routing_dataset_during_the_2019_kincade_fire_evacuation_2022.pdf,SBE,Building_Technology,2022,C:/Users/vwan118/Documents/MaoriStudy/CoS-Merged\SBE\Building_Technology\2022\a_highway_vehicle_routing_dataset_during_the_2019_kincade_fire_evacuation_2022.pdf,
78,a_non_immersive_virtual_reality_serious_game_application_for_flood_safety_training_2022.pdf,SBE,Building_Technology,2022,C:/Users/vwan118/Documents/MaoriStudy/CoS-Merged\SBE\Building_Technology\2022\a_non_immersive_virtual_reality_serious_game_application_for_flood_safety_training_2022.pdf,"ope, romano, uniroma, aei, automata, wateri, rahouti"
79,a_pre_evacuation_study_using_data_from_evacuation_drills_and_false_alarm_evacuations_in_a_university_library_2022.pdf,SBE,Building_Technology,2022,C:/Users/vwan118/Documents/MaoriStudy/CoS-Merged\SBE\Building_Technology\2022\a_pre_evacuation_study_using_data_from_evacuation_drills_and_false_alarm_evacuations_in_a_university_library_2022.pdf,"reneke, popu, rahouti, automati"
80,Behavioural_design_based_risk_assessment_and_mitigation_against_floods_in_historical_urban_built_environment_2022.pdf,SBE,Building_Technology,2022,C:/Users/vwan118/Documents/MaoriStudy/CoS-Merged\SBE\Building_Technology\2022\Behavioural_design_based_risk_assessment_and_mitigation_against_floods_in_historical_urban_built_environment_2022.pdf,"pio, renato, romeu, eho, uniroma, ara, ieta, rui, romano, aei, maia, mora, nio, uare, nuno, moreira, enario, renata, mari, morena"
81,data_based_tools_can_prevent_crowd_crushes_2022.pdf,SBE,Building_Technology,2022,C:/Users/vwan118/Documents/MaoriStudy/CoS-Merged\SBE\Building_Technology\2022\data_based_tools_can_prevent_crowd_crushes_2022.pdf,"wea, oamu, materia, mowi, ange, hea, orono, ure, iaona, hoto, noma, monito"
82,digital_technologies_and_data_driven_delay_management_process_for_construction_projects_2022.pdf,SBE,Building_Technology,2022,C:/Users/vwan118/Documents/MaoriStudy/CoS-Merged\SBE\Building_Technology\2022\digital_technologies_and_data_driven_delay_management_process_for_construction_projects_2022.pdf,"pune, oraee, hao, engi, nahangi, amora, hou, aei, eto, rature, ooi, noti, uio, tii, moro"
83,estimating_wildfire_evacuation_decision_and_departure_timing_using_large_scale_gps_data_2022.pdf,SBE,Building_Technology,2022,C:/Users/vwan118/Documents/MaoriStudy/CoS-Merged\SBE\Building_Technology\2022\estimating_wildfire_evacuation_decision_and_departure_timing_using_large_scale_gps_data_2022.pdf,"wua, kumamoto, ikemoto, hui, areai, wheremi, wui, tiru"
84,exit_choice_in_built_environment_evacuation_combining_immersive_virtual_reality_and_discrete_choice_modelling_2022.pdf,SBE,Building_Technology,2022,C:/Users/vwan118/Documents/MaoriStudy/CoS-Merged\SBE\Building_Technology\2022\exit_choice_in_built_environment_evacuation_combining_immersive_virtual_reality_and_discrete_choice_modelling_2022.pdf,"aei, rahouti, rui, ahouti, aei, wou, pone, ani, ario, ngene, peo"
85,exploring_home_to_school_trip_mode_choices_in_kandy_sri_lanka_2022.pdf,SBE,Building_Technology,2022,C:/Users/vwan118/Documents/MaoriStudy/CoS-Merged\SBE\Building_Technology\2022\exploring_home_to_school_trip_mode_choices_in_kandy_sri_lanka_2022.pdf,"epi, reka, iia, nomura, aturupane, tirana, rana, hometo, akaike"
86,improving_the_built_environment_for_manual_wheelchair_users_2022.pdf,SBE,Building_Technology,2022,C:/Users/vwan118/Documents/MaoriStudy/CoS-Merged\SBE\Building_Technology\2022\improving_the_built_environment_for_manual_wheelchair_users_2022.pdf,"ine, noreau, rema, kawai, umi, peeie, hara, karimi, routino"
87,investigating_a_university_library_building_evacuation_in_pakistan_during_a_semi_announced_fire_drill_2022.pdf,SBE,Building_Technology,2022,C:/Users/vwan118/Documents/MaoriStudy/CoS-Merged\SBE\Building_Technology\2022\investigating_a_university_library_building_evacuation_in_pakistan_during_a_semi_announced_fire_drill_2022.pdf,"natura, ata, reneke, ere, automata, hetero, mea, rahouti"
88,modeling_evacuation_decisions_in_the_2019_kincade_fire_in_california_2022.pdf,SBE,Building_Technology,2022,C:/Users/vwan118/Documents/MaoriStudy/CoS-Merged\SBE\Building_Technology\2022\modeling_evacuation_decisions_in_the_2019_kincade_fire_in_california_2022.pdf,"ama, uate, ome, aotearoa, wui, opie, kaitai, rana, ere, tuite, homea, mei, ea, iterati"
89,prototyping_an_immersive_virtual_reality_training_system_for_urban_scale_evacuation_using_360_degree_panoramas_2022.pdf,SBE,Building_Technology,2022,C:/Users/vwan118/Documents/MaoriStudy/CoS-Merged\SBE\Building_Technology\2022\prototyping_an_immersive_virtual_reality_training_system_for_urban_scale_evacuation_using_360_degree_panoramas_2022.pdf,"rahouti, ute, kanakati, panorami, hoe, animate, orewa"
90,risk_perception_and_knowledge_of_protective_measures_for_flood_risk_planning_2022.pdf,SBE,Building_Technology,2022,C:/Users/vwan118/Documents/MaoriStudy/CoS-Merged\SBE\Building_Technology\2022\risk_perception_and_knowledge_of_protective_measures_for_flood_risk_planning_2022.pdf,"totaroa, nini, uri, opo, huitema, piana, pai, piene, totaro, ure, arai, ramu"
91,state_of_the_art_analysis_of_the_integration_of_augmented_reality_with_construction_technologies_to_improve_construction_safety_2022.pdf,SBE,Building_Technology,2022,C:/Users/vwan118/Documents/MaoriStudy/CoS-Merged\SBE\Building_Technology\2022\state_of_the_art_analysis_of_the_integration_of_augmented_reality_with_construction_technologies_to_improve_construction_safety_2022.pdf,"hou, kato, aei"
92,wildfire_evacuation_decision_modeling_using_gps_data_2022.pdf,SBE,Building_Technology,2022,C:/Users/vwan118/Documents/MaoriStudy/CoS-Merged\SBE\Building_Technology\2022\wildfire_evacuation_decision_modeling_using_gps_data_2022.pdf,"wua, kumamoto, ikemoto, kumamoto, tohoku, nara, hui, wui, aotearoa"
93,wind_turbine_infrasound_2022.pdf,SBE,Building_Technology,2022,C:/Users/vwan118/Documents/MaoriStudy/CoS-Merged\SBE\Building_Technology\2022\wind_turbine_infrasound_2022.pdf,"piana, umeoka, aoa, kuuramo, paranoia, ripepe, peri, taurine"
94,analysis_of_resource_availability_for_post_earthquake_reconstruction_in_christchurch_new_zealand_2012.pdf,SBE,Built_Environment,2012,C:/Users/vwan118/Documents/MaoriStudy/CoS-Merged\SBE\Built_Environment\2012\analysis_of_resource_availability_for_post_earthquake_reconstruction_in_christchurch_new_zealand_2012.pdf,
95,applications_of_photomodeler_in_port_au_prince_haiti_2012.pdf,SBE,Built_Environment,2012,C:/Users/vwan118/Documents/MaoriStudy/CoS-Merged\SBE\Built_Environment\2012\applications_of_photomodeler_in_port_au_prince_haiti_2012.pdf,
96,changes_in_resource_need_for_post_disaster_reconstruction_2012.pdf,SBE,Built_Environment,2012,C:/Users/vwan118/Documents/MaoriStudy/CoS-Merged\SBE\Built_Environment\2012\changes_in_resource_need_for_post_disaster_reconstruction_2012.pdf,"oneonone, mou, aea, nurie, amore, mene, whowere"
97,extending_the_utility_of_the_depression_anxiety_stress_scale_by_examining_its_psychometric_properties_in_chinese_settings_2012.pdf,SBE,Built_Environment,2012,C:/Users/vwan118/Documents/MaoriStudy/CoS-Merged\SBE\Built_Environment\2012\extending_the_utility_of_the_depression_anxiety_stress_scale_by_examining_its_psychometric_properties_in_chinese_settings_2012.pdf,"huta, wanga, huanga"
98,identifying_the_added_value_of_various_roles_in_the_post_disaster_response_and_recovery_of_christchurch_2012.pdf,SBE,Built_Environment,2012,C:/Users/vwan118/Documents/MaoriStudy/CoS-Merged\SBE\Built_Environment\2012\identifying_the_added_value_of_various_roles_in_the_post_disaster_response_and_recovery_of_christchurch_2012.pdf,noone
99,managing_resources_in_disaster_recovery_projects_2012.pdf,SBE,Built_Environment,2012,C:/Users/vwan118/Documents/MaoriStudy/CoS-Merged\SBE\Built_Environment\2012\managing_resources_in_disaster_recovery_projects_2012.pdf,"mani, matata, aiii, hanaoka, koria, aii"
100,resourcing_for_post_disaster_reconstruction_2012.pdf,SBE,Built_Environment,2012,C:/Users/vwan118/Documents/MaoriStudy/CoS-Merged\SBE\Built_Environment\2012\resourcing_for_post_disaster_reconstruction_2012.pdf,"aii, miniati, oneonone, neri"
101,community_engagement_2013.pdf,SBE,Built_Environment,2013,C:/Users/vwan118/Documents/MaoriStudy/CoS-Merged\SBE\Built_Environment\2013\community_engagement_2013.pdf,"atai, matai, koha, perio, matai, tonga"
102,improving_regulatory_frameworks_for_earthquake_risk_mitigation_2013.pdf,SBE,Built_Environment,2013,C:/Users/vwan118/Documents/MaoriStudy/CoS-Merged\SBE\Built_Environment\2013\improving_regulatory_frameworks_for_earthquake_risk_mitigation_2013.pdf,"minimu, temitope, ure, ture, ome, hure"
103,iwi_resilience_2013.pdf,SBE,Built_Environment,2013,C:/Users/vwan118/Documents/MaoriStudy/CoS-Merged\SBE\Built_Environment\2013\iwi_resilience_2013.pdf,"aroha, haumaha, manawai, ome, taumata, whanau, oraka, kaiapoi, ruwhenua, marae, rotorua, ea, katene, manawhenua, aotearoa, rehua, ngaire, puna, whakamoemiti, herewini, marae, manuhiri, hui, maatawaka, tikao, mahaanui, whanau, hira, wananga, tahu, wainoni, runanga, rapaki, otautahi, arawa, manaakitanga, whanganui, iwi, punamatariki, maori, tahu, hanau, taurahere, kaikoura, tangata, kaumatua, rahui, terehia, ngata, kapahaka, ngai, ria, runaka, runanga, wea, kaitahu, aperahama, rahui, parata, tainui, nga, meikura, kurataio, awheawhe, hapu, anake, puni, reo, kaitahu, ara, maori, ripeka, kipa, huria, tuahuriri, henare, hui, mihi, ratima, whakatau, oranga, rangiora, arawa, hau, panapa, rongoa, ngai, wha, aika, teara, kaitahu, iwi, tikanga, whakauae, maori, tapu, marae, kanohi, herewini, kohanga, arapata, aranui, katene, koha, tuahiwi, pikia, paepae, māori, hauora, maire, pounamu, tautoko, kokakoka, kokiri, koha, roa"
104,long_term_reconstruction_in_christchurch_2013.pdf,SBE,Built_Environment,2013,C:/Users/vwan118/Documents/MaoriStudy/CoS-Merged\SBE\Built_Environment\2013\long_term_reconstruction_in_christchurch_2013.pdf,"ero, repa, ea"
105,resilient_cities_2013.pdf,SBE,Built_Environment,2013,C:/Users/vwan118/Documents/MaoriStudy/CoS-Merged\SBE\Built_Environment\2013\resilient_cities_2013.pdf,"poi, eparate, wate, ute, operati, hou, unge, whi, nati, amou"
106,resource_challenges_for_housing_reconstruction_2013.pdf,SBE,Built_Environment,2013,C:/Users/vwan118/Documents/MaoriStudy/CoS-Merged\SBE\Built_Environment\2013\resource_challenges_for_housing_reconstruction_2013.pdf,"ake, mani, koria"
107,the_barriers_to_a_community_contracts_approach_in_post_disaster_reconstruction_2013.pdf,SBE,Built_Environment,2013,C:/Users/vwan118/Documents/MaoriStudy/CoS-Merged\SBE\Built_Environment\2013\the_barriers_to_a_community_contracts_approach_in_post_disaster_reconstruction_2013.pdf,"kioe, ionaire"
108,the_gabion_house_revisited_2013.pdf,SBE,Built_Environment,2013,C:/Users/vwan118/Documents/MaoriStudy/CoS-Merged\SBE\Built_Environment\2013\the_gabion_house_revisited_2013.pdf,"whe, ingo, ini, kata, menerima, komu, hou, ume, atau, ea, neri, karena"
109,the_seemingly_simple_2013.pdf,SBE,Built_Environment,2013,C:/Users/vwan118/Documents/MaoriStudy/CoS-Merged\SBE\Built_Environment\2013\the_seemingly_simple_2013.pdf,"kiwi, matai, rime, apia, tonga"
110,are_we_listening_are_we_learning_2014.pdf,SBE,Built_Environment,2014,C:/Users/vwan118/Documents/MaoriStudy/CoS-Merged\SBE\Built_Environment\2014\are_we_listening_are_we_learning_2014.pdf,"ongoi, unita, whakahaumanu, iwi, rura, potangaroaa, nge, eate, marae, mahere"
111,build_back_better_2014.pdf,SBE,Built_Environment,2014,C:/Users/vwan118/Documents/MaoriStudy/CoS-Merged\SBE\Built_Environment\2014\build_back_better_2014.pdf,"mora, keipi"
112,change_and_continuity_in_post_katrina_new_orleans_2014.pdf,SBE,Built_Environment,2014,C:/Users/vwan118/Documents/MaoriStudy/CoS-Merged\SBE\Built_Environment\2014\change_and_continuity_in_post_katrina_new_orleans_2014.pdf,
113,seismic_discussion_paper_2014.pdf,SBE,Built_Environment,2014,C:/Users/vwan118/Documents/MaoriStudy/CoS-Merged\SBE\Built_Environment\2014\seismic_discussion_paper_2014.pdf,nee
114,space_and_culture_using_space_syntax_for_the_tenganan_pageringsingan_housing_of_bali_indonesia_2014.pdf,SBE,Built_Environment,2014,C:/Users/vwan118/Documents/MaoriStudy/CoS-Merged\SBE\Built_Environment\2014\space_and_culture_using_space_syntax_for_the_tenganan_pageringsingan_housing_of_bali_indonesia_2014.pdf,"putu, karana, ure, hita, utama"
115,the_application_of_quality_of_life_metrics_2014.pdf,SBE,Built_Environment,2014,C:/Users/vwan118/Documents/MaoriStudy/CoS-Merged\SBE\Built_Environment\2014\the_application_of_quality_of_life_metrics_2014.pdf,"ake, hea, tenou, ure, amo, tota, nami, towa, ue, aranui, porirua, pape, aitakere, ea, ani, hou, ema, ere, aro, utami, mea, rata, ima, remaini, arou, ingo, humanitaria, manukau, enerate, hou, whi, pite, retai, rine, tauranga, peo"
116,the_proposition_of_the_convergence_of_individual_and_community_resilience_2014.pdf,SBE,Built_Environment,2014,C:/Users/vwan118/Documents/MaoriStudy/CoS-Merged\SBE\Built_Environment\2014\the_proposition_of_the_convergence_of_individual_and_community_resilience_2014.pdf,"auma, potangaroaa, ere, ure"
117,building_back_better_roadmap_for_the_rehabilitation_of_310_agricultural_businesses_in_the_gaza_strip_2015.pdf,SBE,Built_Environment,2015,C:/Users/vwan118/Documents/MaoriStudy/CoS-Merged\SBE\Built_Environment\2015\building_back_better_roadmap_for_the_rehabilitation_of_310_agricultural_businesses_in_the_gaza_strip_2015.pdf,
118,re_engineering_humanitarian_response_opportunity_and_obligation_2015.pdf,SBE,Built_Environment,2015,C:/Users/vwan118/Documents/MaoriStudy/CoS-Merged\SBE\Built_Environment\2015\re_engineering_humanitarian_response_opportunity_and_obligation_2015.pdf,
119,stakeholders_practices_2015.pdf,SBE,Built_Environment,2015,C:/Users/vwan118/Documents/MaoriStudy/CoS-Merged\SBE\Built_Environment\2015\stakeholders_practices_2015.pdf,"wairakei, moroi, temitope, eeri"
120,sustainability_and_the_role_of_natural_ventilation_for_high_rise_buildings_in_new_zealand_2015.pdf,SBE,Built_Environment,2015,C:/Users/vwan118/Documents/MaoriStudy/CoS-Merged\SBE\Built_Environment\2015\sustainability_and_the_role_of_natural_ventilation_for_high_rise_buildings_in_new_zealand_2015.pdf,
121,sustainability_by_design_2015.pdf,SBE,Built_Environment,2015,C:/Users/vwan118/Documents/MaoriStudy/CoS-Merged\SBE\Built_Environment\2015\sustainability_by_design_2015.pdf,"riihu, pehu, whu, rii, uho, iru, whoo"
122,building_back_better_in_gaza_2016.pdf,SBE,Built_Environment,2016,C:/Users/vwan118/Documents/MaoriStudy/CoS-Merged\SBE\Built_Environment\2016\building_back_better_in_gaza_2016.pdf,rami
123,challenges_facing_the_relocated_communities_following_the_2004_indian_ocean_tsunami_2016.pdf,SBE,Built_Environment,2016,C:/Users/vwan118/Documents/MaoriStudy/CoS-Merged\SBE\Built_Environment\2016\challenges_facing_the_relocated_communities_following_the_2004_indian_ocean_tsunami_2016.pdf,
124,the_metrics_2016.pdf,SBE,Built_Environment,2016,C:/Users/vwan118/Documents/MaoriStudy/CoS-Merged\SBE\Built_Environment\2016\the_metrics_2016.pdf,"nua, petaia, nokonoko, rakiraki, nanuku, takatiko, apa"
125,assessment_of_occupants_thermal_condition_and_the_risk_of_overheating_in_sustainable_public_libraries_in_auckland_region_2017.pdf,SBE,Built_Environment,2017,C:/Users/vwan118/Documents/MaoriStudy/CoS-Merged\SBE\Built_Environment\2017\assessment_of_occupants_thermal_condition_and_the_risk_of_overheating_in_sustainable_public_libraries_in_auckland_region_2017.pdf,"niwa, ure, ture, waiheke"
126,a_study_to_investigate_the_relationships_between_work_sampling_categories_and_productivity_for_concrete_slab_formwork_2017.pdf,SBE,Built_Environment,2017,C:/Users/vwan118/Documents/MaoriStudy/CoS-Merged\SBE\Built_Environment\2017\a_study_to_investigate_the_relationships_between_work_sampling_categories_and_productivity_for_concrete_slab_formwork_2017.pdf,"waiti, whe"
127,human_factors_considerations_of_first_person_view_operation_of_unmanned_aircraft_systems_in_infrastructure_construction_and_inspection_environments_2017.pdf,SBE,Built_Environment,2017,C:/Users/vwan118/Documents/MaoriStudy/CoS-Merged\SBE\Built_Environment\2017\human_factors_considerations_of_first_person_view_operation_of_unmanned_aircraft_systems_in_infrastructure_construction_and_inspection_environments_2017.pdf,"ope, ato, ue, ute, ua, puri, ture, iee, monitori"
128,immersive_environment_for_improving_the_understanding_of_architectural_3d_models_2017.pdf,SBE,Built_Environment,2017,C:/Users/vwan118/Documents/MaoriStudy/CoS-Merged\SBE\Built_Environment\2017\immersive_environment_for_improving_the_understanding_of_architectural_3d_models_2017.pdf,"muramoto, pomona, okamoto, romano, ria, ramani"
129,incentives_and_motivators_for_improving_building_resilience_to_earthquake_disaster_2017.pdf,SBE,Built_Environment,2017,C:/Users/vwan118/Documents/MaoriStudy/CoS-Merged\SBE\Built_Environment\2017\incentives_and_motivators_for_improving_building_resilience_to_earthquake_disaster_2017.pdf,"ope, ite, ere, iate, imi, ina"
130,a_comparative_diagnosis_of_students_proficiency_in_bim_in_construction_related_graduate_programs_in_brazil_and_in_the_united_states_2018.pdf,SBE,Built_Environment,2018,C:/Users/vwan118/Documents/MaoriStudy/CoS-Merged\SBE\Built_Environment\2018\a_comparative_diagnosis_of_students_proficiency_in_bim_in_construction_related_graduate_programs_in_brazil_and_in_the_united_states_2018.pdf,"ure, uate, iau"
131,a_tool_to_assess_construction_worker_productivity_2018.pdf,SBE,Built_Environment,2018,C:/Users/vwan118/Documents/MaoriStudy/CoS-Merged\SBE\Built_Environment\2018\a_tool_to_assess_construction_worker_productivity_2018.pdf,"moti, rii, ere, whi, ure, anu"
132,a_usability_study_of_an_immersive_virtual_reality_platform_for_building_design_review_2018.pdf,SBE,Built_Environment,2018,C:/Users/vwan118/Documents/MaoriStudy/CoS-Merged\SBE\Built_Environment\2018\a_usability_study_of_an_immersive_virtual_reality_platform_for_building_design_review_2018.pdf,"ree, aime, ute, ite, heu, moti, towa"
133,challenges_to_building_housing_resilience_2018.pdf,SBE,Built_Environment,2018,C:/Users/vwan118/Documents/MaoriStudy/CoS-Merged\SBE\Built_Environment\2018\challenges_to_building_housing_resilience_2018.pdf,"nokonoko, emai, rakiraki, rapi, enumerate"
134,developing_a_framework_for_measuring_water_supply_resilience_2018.pdf,SBE,Built_Environment,2018,C:/Users/vwan118/Documents/MaoriStudy/CoS-Merged\SBE\Built_Environment\2018\developing_a_framework_for_measuring_water_supply_resilience_2018.pdf,"inone, uri, kumari, akaike, ina"
135,evaluation_of_community_resilience_aspects_of_sri_lankan_coastal_districts_2018.pdf,SBE,Built_Environment,2018,C:/Users/vwan118/Documents/MaoriStudy/CoS-Merged\SBE\Built_Environment\2018\evaluation_of_community_resilience_aspects_of_sri_lankan_coastal_districts_2018.pdf,"matara, meteo, mepa, iora"
136,immersive_virtual_reality_serious_games_for_evacuation_training_and_research_2018.pdf,SBE,Built_Environment,2018,C:/Users/vwan118/Documents/MaoriStudy/CoS-Merged\SBE\Built_Environment\2018\immersive_virtual_reality_serious_games_for_evacuation_training_and_research_2018.pdf,"pape, neira, ere, aoki, eme"
137,impact_of_social_characteristics_of_communities_on_water_supply_system_resilience_2018.pdf,SBE,Built_Environment,2018,C:/Users/vwan118/Documents/MaoriStudy/CoS-Merged\SBE\Built_Environment\2018\impact_of_social_characteristics_of_communities_on_water_supply_system_resilience_2018.pdf,"aroa, wate, mote, whi, tohoku"
138,increase_in_disaster_risk_due_to_inefficient_environmental_management_land_use_policies_and_relocation_policies_2018.pdf,SBE,Built_Environment,2018,C:/Users/vwan118/Documents/MaoriStudy/CoS-Merged\SBE\Built_Environment\2018\increase_in_disaster_risk_due_to_inefficient_environmental_management_land_use_policies_and_relocation_policies_2018.pdf,"aki, pura, roanu, ure, ture, epi, ome"
139,investigation_of_efficiency_and_effectiveness_of_the_existing_disaster_management_frameworks_in_sri_lanka_2018.pdf,SBE,Built_Environment,2018,C:/Users/vwan118/Documents/MaoriStudy/CoS-Merged\SBE\Built_Environment\2018\investigation_of_efficiency_and_effectiveness_of_the_existing_disaster_management_frameworks_in_sri_lanka_2018.pdf,"nara, mora, roanu, hange"
140,methods_to_build_resilience_in_indigenous_communities_2018.pdf,SBE,Built_Environment,2018,C:/Users/vwan118/Documents/MaoriStudy/CoS-Merged\SBE\Built_Environment\2018\methods_to_build_resilience_in_indigenous_communities_2018.pdf,"whenua, whakatane, awanuiarangi, niwa, awatere, manaaki, whare, wananga, maori"
141,prototyping_virtual_reality_serious_games_for_building_earthquake_preparedness_2018.pdf,SBE,Built_Environment,2018,C:/Users/vwan118/Documents/MaoriStudy/CoS-Merged\SBE\Built_Environment\2018\prototyping_virtual_reality_serious_games_for_building_earthquake_preparedness_2018.pdf,"ine, roa, koike, miura, rooke, aei, animate, māori, takimoto, ome, rahouti"
142,psychometric_evaluation_of_disaster_impact_2018.pdf,SBE,Built_Environment,2018,C:/Users/vwan118/Documents/MaoriStudy/CoS-Merged\SBE\Built_Environment\2018\psychometric_evaluation_of_disaster_impact_2018.pdf,oei
143,rapid_3d_reconstruction_of_indoor_environments_to_generate_virtual_reality_serious_games_scenarios_2018.pdf,SBE,Built_Environment,2018,C:/Users/vwan118/Documents/MaoriStudy/CoS-Merged\SBE\Built_Environment\2018\rapid_3d_reconstruction_of_indoor_environments_to_generate_virtual_reality_serious_games_scenarios_2018.pdf,roupe
144,the_maori_response_to_a_seismic_swan_2018.pdf,SBE,Built_Environment,2018,C:/Users/vwan118/Documents/MaoriStudy/CoS-Merged\SBE\Built_Environment\2018\the_maori_response_to_a_seismic_swan_2018.pdf,"manawhenua, manawai, whanau, taumata, peketa, kaiapoi, ruwhenua, marae, rotorua, mātaitai, katene, aotearoa, rehua, māmoe, whakamoemiti, herewini, marae, hui, maatawaka, mahaanui, whanau, wananga, tahu, āti, wainoni, runanga, rapaki, otautahi, arawa, whanganui, iwi, tahu, taurahere, kaikoura, runangaokaikoura, kaumatua, āori, rahui, kapahaka, ngai, āpaki, paua, runaka, runanga, kaitahu, rahui, tainui, nga, kurataio, awheawhe, hapu, puni, takahanga, reo, kaitahu, ara, maori, kipa, huria, tuahuriri, waipara, paua, poho, karakia, hui, mihi, ratima, whakatau, oranga, rangiora, arawa, hau, wha, ngai, whānau, kaitahu, teara, tohunga, whenua, whakauae, maori, tapu, kaha, ngāi, kaimoana, marae, putahitanga, kohanga, aranui, tamatea, katene, tuahiwi, pikia, māori, maire, hauora, ōkai, taonga, pounamu, kokakoka, kokiri, whakapapa, koha, ōtautahi"
145,an_activity_analysis_to_investigate_the_root_causes_of_worker_productivity_losses_in_sri_lankan_building_construction_project_2019.pdf,SBE,Built_Environment,2019,C:/Users/vwan118/Documents/MaoriStudy/CoS-Merged\SBE\Built_Environment\2019\an_activity_analysis_to_investigate_the_root_causes_of_worker_productivity_losses_in_sri_lankan_building_construction_project_2019.pdf,nuhu
146,a_conceptual_framework_for_measuring_livelihood_resilience_2019.pdf,SBE,Built_Environment,2019,C:/Users/vwan118/Documents/MaoriStudy/CoS-Merged\SBE\Built_Environment\2019\a_conceptual_framework_for_measuring_livelihood_resilience_2019.pdf,"mori, reiterate, minamoto, tohoku, miniati, nga, rohe, neri"
147,building_back_towards_storm_resilient_housing_2019.pdf,SBE,Built_Environment,2019,C:/Users/vwan118/Documents/MaoriStudy/CoS-Merged\SBE\Built_Environment\2019\building_back_towards_storm_resilient_housing_2019.pdf,"itaukei, nokonoko, rakiraki, aone, koroipita, tonga"
148,comparing_virtual_reality_and_2_dimensional_drawings_for_the_visualization_of_a_construction_project_2019.pdf,SBE,Built_Environment,2019,C:/Users/vwan118/Documents/MaoriStudy/CoS-Merged\SBE\Built_Environment\2019\comparing_virtual_reality_and_2_dimensional_drawings_for_the_visualization_of_a_construction_project_2019.pdf,"ue, ute, retina, eru, ture"
149,developing_a_sub_contractor_pre_assessment_framework_for_sri_lankan_building_construction_industry_2019.pdf,SBE,Built_Environment,2019,C:/Users/vwan118/Documents/MaoriStudy/CoS-Merged\SBE\Built_Environment\2019\developing_a_sub_contractor_pre_assessment_framework_for_sri_lankan_building_construction_industry_2019.pdf,"atuwa, hea, iteria, riteria, rii, nomi, rera"
150,international_collaboration_for_enhancing_research_and_innovation_in_the_context_of_disaster_resilience_2019.pdf,SBE,Built_Environment,2019,C:/Users/vwan118/Documents/MaoriStudy/CoS-Merged\SBE\Built_Environment\2019\international_collaboration_for_enhancing_research_and_innovation_in_the_context_of_disaster_resilience_2019.pdf,"ata, pereraa"
151,investigation_into_the_risk_of_overheating_in_new_zealands_public_libraries_2019.pdf,SBE,Built_Environment,2019,C:/Users/vwan118/Documents/MaoriStudy/CoS-Merged\SBE\Built_Environment\2019\investigation_into_the_risk_of_overheating_in_new_zealands_public_libraries_2019.pdf,"ree, niwa, wai, nati, operati, heke, ure, waiheke"
152,productivity_and_performance_threats_for_local_construction_companies_in_sri_lanka_2019.pdf,SBE,Built_Environment,2019,C:/Users/vwan118/Documents/MaoriStudy/CoS-Merged\SBE\Built_Environment\2019\productivity_and_performance_threats_for_local_construction_companies_in_sri_lanka_2019.pdf,"opini, ere, materi, monito"
153,smart_and_sustainable_built_environment_2019.pdf,SBE,Built_Environment,2019,C:/Users/vwan118/Documents/MaoriStudy/CoS-Merged\SBE\Built_Environment\2019\smart_and_sustainable_built_environment_2019.pdf,"koo, renene"
154,social_capacities_in_fostering_water_supply_resilience_in_vanuatu_2019.pdf,SBE,Built_Environment,2019,C:/Users/vwan118/Documents/MaoriStudy/CoS-Merged\SBE\Built_Environment\2019\social_capacities_in_fostering_water_supply_resilience_in_vanuatu_2019.pdf,"ingo, uri, anae, nge, ere, emae, mimura, kano, penama"
155,social_factors_affecting_water_supply_resilience_to_disasters_2019.pdf,SBE,Built_Environment,2019,C:/Users/vwan118/Documents/MaoriStudy/CoS-Merged\SBE\Built_Environment\2019\social_factors_affecting_water_supply_resilience_to_disasters_2019.pdf,"paho, uri, wewere, whena, narea"
156,the_relevance_of_visual_cues_in_immersive_environments_2019.pdf,SBE,Built_Environment,2019,C:/Users/vwan118/Documents/MaoriStudy/CoS-Merged\SBE\Built_Environment\2019\the_relevance_of_visual_cues_in_immersive_environments_2019.pdf,"ute, ramani"
157,uas_based_airport_maintenance_inspections_2019.pdf,SBE,Built_Environment,2019,C:/Users/vwan118/Documents/MaoriStudy/CoS-Merged\SBE\Built_Environment\2019\uas_based_airport_maintenance_inspections_2019.pdf,"ue, ute, ua, ania, huma"
158,using_immersive_virtual_reality_to_improve_choosing_by_advantages_system_for_the_selection_of_fall_protection_measures_2019.pdf,SBE,Built_Environment,2019,C:/Users/vwan118/Documents/MaoriStudy/CoS-Merged\SBE\Built_Environment\2019\using_immersive_virtual_reality_to_improve_choosing_by_advantages_system_for_the_selection_of_fall_protection_measures_2019.pdf,"ikumi, ute, kumi, eru, ea"
159,what_does_the_future_hold_for_relocated_communities_post_disaster_2019.pdf,SBE,Built_Environment,2019,C:/Users/vwan118/Documents/MaoriStudy/CoS-Merged\SBE\Built_Environment\2019\what_does_the_future_hold_for_relocated_communities_post_disaster_2019.pdf,"ekonomi, pii, minamoto, tohoku, miniati, nga, neri"
160,an_immersive_virtual_reality_serious_game_to_enhance_earthquake_behavioral_responses_and_post_earthquake_evacuation_preparedness_in_buildings_2020.pdf,SBE,Built_Environment,2020,C:/Users/vwan118/Documents/MaoriStudy/CoS-Merged\SBE\Built_Environment\2020\an_immersive_virtual_reality_serious_game_to_enhance_earthquake_behavioral_responses_and_post_earthquake_evacuation_preparedness_in_buildings_2020.pdf,"eme, ame, ere, roo, ara, iate, moreno, ingame, neto"
161,are_environmental_sustainability_and_happiness_the_keys_to_prosperity_in_asian_nations_2020.pdf,SBE,Built_Environment,2020,C:/Users/vwan118/Documents/MaoriStudy/CoS-Merged\SBE\Built_Environment\2020\are_environmental_sustainability_and_happiness_the_keys_to_prosperity_in_asian_nations_2020.pdf,"teherane, aei, amenia, ekonomika, epi, ahi, mea, nemati, kei"
162,building_information_modelling_workflow_for_heritage_maintenance_2020.pdf,SBE,Built_Environment,2020,C:/Users/vwan118/Documents/MaoriStudy/CoS-Merged\SBE\Built_Environment\2020\building_information_modelling_workflow_for_heritage_maintenance_2020.pdf,"iana, whakapapa, tatiana, enea, pouhere, rone, heri, herita, ohueri, nawawi, maori, tatiana, taonga"
163,evaluation_of_gaps_in_early_warning_mechanisms_and_evacuation_procedures_for_coastal_communities_in_sri_lanka_2020.pdf,SBE,Built_Environment,2020,C:/Users/vwan118/Documents/MaoriStudy/CoS-Merged\SBE\Built_Environment\2020\evaluation_of_gaps_in_early_warning_mechanisms_and_evacuation_procedures_for_coastal_communities_in_sri_lanka_2020.pdf,"matara, kamani, maki, wakui, kuri"
164,how_people_make_decisions_during_earthquakes_and_post_earthquake_evacuation_2020.pdf,SBE,Built_Environment,2020,C:/Users/vwan118/Documents/MaoriStudy/CoS-Merged\SBE\Built_Environment\2020\how_people_make_decisions_during_earthquakes_and_post_earthquake_evacuation_2020.pdf,pineau
165,important_aspects_of_evacuation_planning_for_the_coastal_communities_in_sri_lanka_2020.pdf,SBE,Built_Environment,2020,C:/Users/vwan118/Documents/MaoriStudy/CoS-Merged\SBE\Built_Environment\2020\important_aspects_of_evacuation_planning_for_the_coastal_communities_in_sri_lanka_2020.pdf,"matara, erera, maki, nationa, kuri"
166,investigating_the_technical_dimension_of_water_supply_resilience_to_disasters_2020.pdf,SBE,Built_Environment,2020,C:/Users/vwan118/Documents/MaoriStudy/CoS-Merged\SBE\Built_Environment\2020\investigating_the_technical_dimension_of_water_supply_resilience_to_disasters_2020.pdf,"pukerua, ōura, paho, uri, titahi, menoni, ohariu, porirua, tohoku, maori, kawamura, ūwāhia"
167,lessons_learned_from_interventions_of_external_organizations_in_disaster_management_2020.pdf,SBE,Built_Environment,2020,C:/Users/vwan118/Documents/MaoriStudy/CoS-Merged\SBE\Built_Environment\2020\lessons_learned_from_interventions_of_external_organizations_in_disaster_management_2020.pdf,"noti, noti, matara"
168,modernist_housing_estate_revival_2020.pdf,SBE,Built_Environment,2020,C:/Users/vwan118/Documents/MaoriStudy/CoS-Merged\SBE\Built_Environment\2020\modernist_housing_estate_revival_2020.pdf,"ine, ata, ete, aro, ame, ere, moma, rohe"
169,towards_a_customizable_immersive_virtual_reality_serious_game_for_earthquake_emergency_training_2020.pdf,SBE,Built_Environment,2020,C:/Users/vwan118/Documents/MaoriStudy/CoS-Merged\SBE\Built_Environment\2020\towards_a_customizable_immersive_virtual_reality_serious_game_for_earthquake_emergency_training_2020.pdf,"nario, aei, nakamura, kiemute, ea, rahouti, toone"
170,unmanned_aerial_vehicle_sustainability_assessment_of_heritage_buildings_2020.pdf,SBE,Built_Environment,2020,C:/Users/vwan118/Documents/MaoriStudy/CoS-Merged\SBE\Built_Environment\2020\unmanned_aerial_vehicle_sustainability_assessment_of_heritage_buildings_2020.pdf,"niwa, whakapapa, ata, heri, kuo, tatiana, heri, monitori, pouhere, ohueri, nawawi, maori, tatiana, taonga"
171,analysing_the_effectiveness_of_varied_stakeholder_segments_in_preparedness_planning_for_epidemics_and_pandemics_in_sri_lanka_2021.pdf,SBE,Built_Environment,2021,C:/Users/vwan118/Documents/MaoriStudy/CoS-Merged\SBE\Built_Environment\2021\analysing_the_effectiveness_of_varied_stakeholder_segments_in_preparedness_planning_for_epidemics_and_pandemics_in_sri_lanka_2021.pdf,"matara, paho, ingo"
172,an_evidence_of_cognitive_benefits_from_immersive_design_review_2021.pdf,SBE,Built_Environment,2021,C:/Users/vwan118/Documents/MaoriStudy/CoS-Merged\SBE\Built_Environment\2021\an_evidence_of_cognitive_benefits_from_immersive_design_review_2021.pdf,"muramoto, teoria, kimura, ao, aai, aei, ure, iee, timeto, ramani, naire"
173,a_new_relative_risk_index_for_hospitals_exposed_to_tsunami_2021.pdf,SBE,Built_Environment,2021,C:/Users/vwan118/Documents/MaoriStudy/CoS-Merged\SBE\Built_Environment\2021\a_new_relative_risk_index_for_hospitals_exposed_to_tsunami_2021.pdf,"ohoku, matara, nou, paho, ewi, tohoku, ea"
174,a_study_on_stakeholder_trust_in_sri_lanka’s_multi-hazard_early_warning_mechanism_2021.pdf,SBE,Built_Environment,2021,C:/Users/vwan118/Documents/MaoriStudy/CoS-Merged\SBE\Built_Environment\2021\a_study_on_stakeholder_trust_in_sri_lanka’s_multi-hazard_early_warning_mechanism_2021.pdf,"makihara, renou, wai, wewa, panahatapanaha, ane, anama, takea, amarutanga, rati, nangi, kemana, hora, uwu, teo, tuna, iana, okita, neme, piao, romano, rana, ohe, nakamura, noti, unu, pino, moro, nino, rohana, umeki, naruto, raape, mungo, okamoto, amo, kapu, awa, eri, repo, tanaka, powei, ateneo, nara, whoare, imamura, noti, wipo, kepeema, kii, oneonone, tonga, matara, kumana, romenia, ao, kato, rawana, okoro, toru, tohoku, amani, wiia, ranatunga, karunaweera, kimoto, aki, pore, mota, pingi, horana, merino, maru, marapana, amara, eha, ona, mani, ratioo, popuri, mena, momani, nekama, roanu, nakanowatari, anua, mikami, muara, ruhuna, wherewe, nee, ua, eme, uwu, roo, moha, tamu, koei, ama, nowhe, ara, pii, kiri, nakano, weerakoongama, tena, perini, enga, ratanakiri, ngu, ara, tonote, mepa, moratuwamoratuwa, nomura, wereno, hei, muraro, ame, hui, moreno, heo, puhe, miura, ngi, hou, mori, nuwara, takahata, eea, puri, rakou, oni, kumara, niranga, peta, unu, noro, kuta, nge, huitema, koike, iwanami, epii, kitano, penamora, moa, tewari, erera, hura, hao, arange, meena, onuma, hea, areawho, nika, hunga, kumari, whoweare, naira, haikou, uwa, inone, mata, mueke, maha, komino, mapa, eiu, ongee, kuramoto, kira, meteo, tunga, tapia, kuo, uru, urawa, emenike, inoue, pone, eea, oru, perotoni, erepo, mauro, toure, katu, ranau, ohara"
175,disaster_risk_governance_and_systemic_risks_2021.pdf,SBE,Built_Environment,2021,C:/Users/vwan118/Documents/MaoriStudy/CoS-Merged\SBE\Built_Environment\2021\disaster_risk_governance_and_systemic_risks_2021.pdf,
176,how_the_covid-19_outbreak_affects_the_quality_of_international_research_collaborations_2021.pdf,SBE,Built_Environment,2021,C:/Users/vwan118/Documents/MaoriStudy/CoS-Merged\SBE\Built_Environment\2021\how_the_covid-19_outbreak_affects_the_quality_of_international_research_collaborations_2021.pdf,ruhuna
177,instructional_mechanisms_in_immersive_virtual_reality_serious_games_2021.pdf,SBE,Built_Environment,2021,C:/Users/vwan118/Documents/MaoriStudy/CoS-Merged\SBE\Built_Environment\2021\instructional_mechanisms_in_immersive_virtual_reality_serious_games_2021.pdf,"ea, romano, aei, ere, moreno, ingame"
178,investigation_of_the_institutions_formed_and_empowered_from_disaster_risk_governance_policies_2021.pdf,SBE,Built_Environment,2021,C:/Users/vwan118/Documents/MaoriStudy/CoS-Merged\SBE\Built_Environment\2021\investigation_of_the_institutions_formed_and_empowered_from_disaster_risk_governance_policies_2021.pdf,"noti, noti, matara"
179,research_and_innovation_in_the_context_of_disaster_resilience_in_the_sri_lankan_higher_education_sector_2021.pdf,SBE,Built_Environment,2021,C:/Users/vwan118/Documents/MaoriStudy/CoS-Merged\SBE\Built_Environment\2021\research_and_innovation_in_the_context_of_disaster_resilience_in_the_sri_lankan_higher_education_sector_2021.pdf,"makihara, renou, wai, wewa, panahatapanaha, ane, anama, takea, amarutanga, rati, nangi, kemana, hora, uwu, teo, tuna, iana, okita, neme, piao, romano, rana, ohe, nakamura, noti, unu, pino, moro, nino, rohana, umeki, naruto, raape, mungo, okamoto, amo, kapu, awa, eri, repo, tanaka, powei, ateneo, nara, whoare, imamura, noti, wipo, kepeema, kii, oneonone, tonga, matara, kumana, romenia, ao, kato, rawana, okoro, toru, tohoku, amani, wiia, ranatunga, karunaweera, kimoto, aki, pore, mota, pingi, horana, merino, maru, marapana, amara, eha, ona, mani, ratioo, popuri, mena, momani, nekama, roanu, nakanowatari, anua, mikami, muara, ruhuna, wherewe, nee, ua, eme, uwu, roo, moha, tamu, koei, ama, nowhe, ara, pii, kiri, nakano, weerakoongama, tena, perini, enga, ratanakiri, ngu, ara, tonote, mepa, moratuwamoratuwa, nomura, wereno, hei, muraro, ame, hui, moreno, heo, puhe, miura, ngi, hou, mori, nuwara, takahata, eea, puri, rakou, oni, kumara, niranga, peta, unu, noro, kuta, nge, huitema, koike, iwanami, epii, kitano, penamora, moa, tewari, erera, hura, hao, arange, meena, onuma, hea, areawho, nika, hunga, kumari, whoweare, naira, haikou, uwa, inone, mata, mueke, maha, komino, mapa, eiu, ongee, kuramoto, kira, meteo, tunga, tapia, kuo, uru, urawa, emenike, inoue, pone, eea, oru, perotoni, erepo, mauro, toure, katu, ranau, ohara"
180,settling_the_ripples_2021.pdf,SBE,Built_Environment,2021,C:/Users/vwan118/Documents/MaoriStudy/CoS-Merged\SBE\Built_Environment\2021\settling_the_ripples_2021.pdf,"hou, ranaweera"
181,the_relationship_between_covid_19_preparedness_parameters_and_its_impact_in_developing_effective_response_mechanisms_2021.pdf,SBE,Built_Environment,2021,C:/Users/vwan118/Documents/MaoriStudy/CoS-Merged\SBE\Built_Environment\2021\the_relationship_between_covid_19_preparedness_parameters_and_its_impact_in_developing_effective_response_mechanisms_2021.pdf,"makihara, renou, wai, wewa, panahatapanaha, ane, anama, takea, amarutanga, rati, nangi, kemana, hora, uwu, teo, tuna, iana, okita, neme, piao, romano, rana, ohe, nakamura, noti, unu, pino, moro, nino, rohana, umeki, naruto, raape, mungo, okamoto, amo, kapu, awa, eri, repo, tanaka, powei, ateneo, nara, whoare, imamura, noti, wipo, kepeema, kii, oneonone, tonga, matara, kumana, romenia, ao, kato, rawana, okoro, toru, tohoku, amani, wiia, ranatunga, karunaweera, kimoto, aki, pore, mota, pingi, horana, merino, maru, marapana, amara, eha, ona, mani, ratioo, popuri, mena, momani, nekama, roanu, nakanowatari, anua, mikami, muara, ruhuna, wherewe, nee, ua, eme, uwu, roo, moha, tamu, koei, ama, nowhe, ara, pii, kiri, nakano, weerakoongama, tena, perini, enga, ratanakiri, ngu, ara, tonote, mepa, moratuwamoratuwa, nomura, wereno, hei, muraro, ame, hui, moreno, heo, puhe, miura, ngi, hou, mori, nuwara, takahata, eea, puri, rakou, oni, kumara, niranga, peta, unu, noro, kuta, nge, huitema, koike, iwanami, epii, kitano, penamora, moa, tewari, erera, hura, hao, arange, meena, onuma, hea, areawho, nika, hunga, kumari, whoweare, naira, haikou, uwa, inone, mata, mueke, maha, komino, mapa, eiu, ongee, kuramoto, kira, meteo, tunga, tapia, kuo, uru, urawa, emenike, inoue, pone, eea, oru, perotoni, erepo, mauro, toure, katu, ranau, ohara"
182,towards_broadening_the_scope_of_disaster_risk_reduction_2021.pdf,SBE,Built_Environment,2021,C:/Users/vwan118/Documents/MaoriStudy/CoS-Merged\SBE\Built_Environment\2021\towards_broadening_the_scope_of_disaster_risk_reduction_2021.pdf,"wherewe, noti, moha, puri"
183,what_makes_a_successful_livelihood_recovery_2021.pdf,SBE,Built_Environment,2021,C:/Users/vwan118/Documents/MaoriStudy/CoS-Merged\SBE\Built_Environment\2021\what_makes_a_successful_livelihood_recovery_2021.pdf,"miao, pii, minamoto, puhe, rowena, miniati, ea, neri, oneonone"
184,3d_scanning_as_an_architectural_tool_2022.pdf,SBE,Built_Environment,2022,C:/Users/vwan118/Documents/MaoriStudy/CoS-Merged\SBE\Built_Environment\2022\3d_scanning_as_an_architectural_tool_2022.pdf,"whanau, ature, hue, ange, kahungunu, rone, ngati, wairarapa, whoa, maori, ngāti"
185,analysing_facebook_practices_for_disaster_related_communication_in_sri_lanka_2022.pdf,SBE,Built_Environment,2022,C:/Users/vwan118/Documents/MaoriStudy/CoS-Merged\SBE\Built_Environment\2022\analysing_facebook_practices_for_disaster_related_communication_in_sri_lanka_2022.pdf,maharani
186,an_integrated_approach_for_municipal_buried_infrastructure_asset_management_2022.pdf,SBE,Built_Environment,2022,C:/Users/vwan118/Documents/MaoriStudy/CoS-Merged\SBE\Built_Environment\2022\an_integrated_approach_for_municipal_buried_infrastructure_asset_management_2022.pdf,"atuwa, ama, erera, aine, arora, ere"
187,an_investigation_of_factors_affecting_the_marginalized_communities_in_disasters_from_an_intersection_perspective_2022.pdf,SBE,Built_Environment,2022,C:/Users/vwan118/Documents/MaoriStudy/CoS-Merged\SBE\Built_Environment\2022\an_investigation_of_factors_affecting_the_marginalized_communities_in_disasters_from_an_intersection_perspective_2022.pdf,"aotearoa, akee, noti, ike, kukutai"
188,automation_in_fire_safety_engineering_using_bim_and_generative_design_2022.pdf,SBE,Built_Environment,2022,C:/Users/vwan118/Documents/MaoriStudy/CoS-Merged\SBE\Built_Environment\2022\automation_in_fire_safety_engineering_using_bim_and_generative_design_2022.pdf,"miro, rahouti"
189,a_review_of_using_augmented_reality_to_improve_construction_productivity_2022.pdf,SBE,Built_Environment,2022,C:/Users/vwan118/Documents/MaoriStudy/CoS-Merged\SBE\Built_Environment\2022\a_review_of_using_augmented_reality_to_improve_construction_productivity_2022.pdf,"moreu, mani, ree, moreira, mora, hou, ineurope, hui, ani, nara"
190,a_sequence_analysis_of_behaviors_in_immersive_virtual_reality_for_indoor_earthquake_and_post_earthquake_evacuation_2022.pdf,SBE,Built_Environment,2022,C:/Users/vwan118/Documents/MaoriStudy/CoS-Merged\SBE\Built_Environment\2022\a_sequence_analysis_of_behaviors_in_immersive_virtual_reality_for_indoor_earthquake_and_post_earthquake_evacuation_2022.pdf,"ake, ine, pineau, meeti, nario, kotahi, hea, ea, waka, ere, hita, marono, uake"
191,a_statistical_method_for_pre_estimating_impacts_from_a_disaster_2022.pdf,SBE,Built_Environment,2022,C:/Users/vwan118/Documents/MaoriStudy/CoS-Merged\SBE\Built_Environment\2022\a_statistical_method_for_pre_estimating_impacts_from_a_disaster_2022.pdf,"hao, morimoto, notaro"
192,building_information_modelling_in_quantity_surveying_practices_2022.pdf,SBE,Built_Environment,2022,C:/Users/vwan118/Documents/MaoriStudy/CoS-Merged\SBE\Built_Environment\2022\building_information_modelling_in_quantity_surveying_practices_2022.pdf,"wao, teo, iaeme, mana, karimi, mukaka"
193,challenges_of_offsite_construction_and_bim_implementation_2022.pdf,SBE,Built_Environment,2022,C:/Users/vwan118/Documents/MaoriStudy/CoS-Merged\SBE\Built_Environment\2022\challenges_of_offsite_construction_and_bim_implementation_2022.pdf,"niu, hou, koo, ite, wha, okoro, wuni, aei, meho, ani, nawari"
194,climate_change_impacts_on_built_environment_2022.pdf,SBE,Built_Environment,2022,C:/Users/vwan118/Documents/MaoriStudy/CoS-Merged\SBE\Built_Environment\2022\climate_change_impacts_on_built_environment_2022.pdf,"taheri, miara, ama, moreira, pina, pupo, tumeo, puri"
195,conceptualising_a_framework_for_construction_sector_capacity_2022.pdf,SBE,Built_Environment,2022,C:/Users/vwan118/Documents/MaoriStudy/CoS-Merged\SBE\Built_Environment\2022\conceptualising_a_framework_for_construction_sector_capacity_2022.pdf,"nani, hoai"
196,creating_a_case_for_innovation_acceleration_in_the_new_zealand_building_industry_2022.pdf,SBE,Built_Environment,2022,C:/Users/vwan118/Documents/MaoriStudy/CoS-Merged\SBE\Built_Environment\2022\creating_a_case_for_innovation_acceleration_in_the_new_zealand_building_industry_2022.pdf,"kingi, ina, kiwi, otimi"
197,critical_analysis_of_tsunami_preparedness_at_local_level_for_sustainable_urban_planning_in_sri_lanka_2022.pdf,SBE,Built_Environment,2022,C:/Users/vwan118/Documents/MaoriStudy/CoS-Merged\SBE\Built_Environment\2022\critical_analysis_of_tsunami_preparedness_at_local_level_for_sustainable_urban_planning_in_sri_lanka_2022.pdf,"araki, tanaka, mahanama"
198,developing_a_framework_for_construction_sector_capacity_2022.pdf,SBE,Built_Environment,2022,C:/Users/vwan118/Documents/MaoriStudy/CoS-Merged\SBE\Built_Environment\2022\developing_a_framework_for_construction_sector_capacity_2022.pdf,"nani, hoai"
199,development_and_analysis_of_an_automated_performance_code_checking_workflow_2022.pdf,SBE,Built_Environment,2022,C:/Users/vwan118/Documents/MaoriStudy/CoS-Merged\SBE\Built_Environment\2022\development_and_analysis_of_an_automated_performance_code_checking_workflow_2022.pdf,"neto, teoria, rua, mero, nawari, onetime, aia, nawari"
200,development_of_flood_vulnerability_curves_for_sri_lankan_hospitals_2022.pdf,SBE,Built_Environment,2022,C:/Users/vwan118/Documents/MaoriStudy/CoS-Merged\SBE\Built_Environment\2022\development_of_flood_vulnerability_curves_for_sri_lankan_hospitals_2022.pdf,"miao, paho, etu, rana, okura, karimi, neupane, mahanama"
201,ensuring_biological_hazard_preparedness_in_health_and_safety_of_construction_sector_2022.pdf,SBE,Built_Environment,2022,C:/Users/vwan118/Documents/MaoriStudy/CoS-Merged\SBE\Built_Environment\2022\ensuring_biological_hazard_preparedness_in_health_and_safety_of_construction_sector_2022.pdf,"rui, koo, ooi"
202,evaluating_the_network_of_stakeholders_in_multi_hazard_early_warning_systems_for_multiple_hazards_amidst_biological_outbreaks_2022.pdf,SBE,Built_Environment,2022,C:/Users/vwan118/Documents/MaoriStudy/CoS-Merged\SBE\Built_Environment\2022\evaluating_the_network_of_stakeholders_in_multi_hazard_early_warning_systems_for_multiple_hazards_amidst_biological_outbreaks_2022.pdf,"meteo, nara, ingo, epoa, amaratunge, moa, ina"
203,evaluation_of_societal_trust_on_multi_hazard_early_warning_mechanism_2022.pdf,SBE,Built_Environment,2022,C:/Users/vwan118/Documents/MaoriStudy/CoS-Merged\SBE\Built_Environment\2022\evaluation_of_societal_trust_on_multi_hazard_early_warning_mechanism_2022.pdf,"wea, ane, upo, teri, hui, pone, onime"
204,evolutionary_game_and_simulation_of_green_housing_market_subject_behavior_in_china_2022.pdf,SBE,Built_Environment,2022,C:/Users/vwan118/Documents/MaoriStudy/CoS-Merged\SBE\Built_Environment\2022\evolutionary_game_and_simulation_of_green_housing_market_subject_behavior_in_china_2022.pdf,hao
205,exploring_off_site_construction_and_building_information_modelling_integration_challenges_2022.pdf,SBE,Built_Environment,2022,C:/Users/vwan118/Documents/MaoriStudy/CoS-Merged\SBE\Built_Environment\2022\exploring_off_site_construction_and_building_information_modelling_integration_challenges_2022.pdf,"manu, hao, kiwi, mori, nakano, wuni, minimi, ure, nawari"
206,national_perspectives_of_covid_19_2022.pdf,SBE,Built_Environment,2022,C:/Users/vwan118/Documents/MaoriStudy/CoS-Merged\SBE\Built_Environment\2022\national_perspectives_of_covid_19_2022.pdf,"okereke, hou"
207,prototyping_and_testing_a_virtual_reality_counterterrorism_serious_game_for_active_shooting_2022.pdf,SBE,Built_Environment,2022,C:/Users/vwan118/Documents/MaoriStudy/CoS-Merged\SBE\Built_Environment\2022\prototyping_and_testing_a_virtual_reality_counterterrorism_serious_game_for_active_shooting_2022.pdf,"aei, etopio, oikonomou, kaimara, rahouti"
208,prototyping_an_immersive_virtual_reality_training_system_for_urban_scale_evacuation_using_360_degree_panoramas_2022.pdf,SBE,Built_Environment,2022,C:/Users/vwan118/Documents/MaoriStudy/CoS-Merged\SBE\Built_Environment\2022\prototyping_an_immersive_virtual_reality_training_system_for_urban_scale_evacuation_using_360_degree_panoramas_2022.pdf,"rahouti, ute, kanakati, panorami, hoe, animate, orewa"
209,the_applications_of_building_information_modelling_for_the_lifecycle_performance_of_green_buildings_2022.pdf,SBE,Built_Environment,2022,C:/Users/vwan118/Documents/MaoriStudy/CoS-Merged\SBE\Built_Environment\2022\the_applications_of_building_information_modelling_for_the_lifecycle_performance_of_green_buildings_2022.pdf,"materia, ea, tae"
210,the_impact_of_covid-19_on_the_construction_industry_and_lessons_learned_2022.pdf,SBE,Built_Environment,2022,C:/Users/vwan118/Documents/MaoriStudy/CoS-Merged\SBE\Built_Environment\2022\the_impact_of_covid-19_on_the_construction_industry_and_lessons_learned_2022.pdf,"tonote, hou, nana, inoue, ranaweera, nipa"
211,the_perception_of_commercial_construction_companies_on_using_technology_to_review_contracts_in_new_zealand_2022.pdf,SBE,Built_Environment,2022,C:/Users/vwan118/Documents/MaoriStudy/CoS-Merged\SBE\Built_Environment\2022\the_perception_of_commercial_construction_companies_on_using_technology_to_review_contracts_in_new_zealand_2022.pdf,ure
212,the_role_of_professionals_involved_in_the_built_environment_in_contributing_to_climate_change_adaptation_in_sri_lanka_2022.pdf,SBE,Built_Environment,2022,C:/Users/vwan118/Documents/MaoriStudy/CoS-Merged\SBE\Built_Environment\2022\the_role_of_professionals_involved_in_the_built_environment_in_contributing_to_climate_change_adaptation_in_sri_lanka_2022.pdf,"uea, rami"
213,a_conceptual_framework_to_evaluate_suppliers_for_building_infrastructure_in_the_malaysian_electricity_supply_industry_2012.pdf,SBE,Construction_Management,2012,C:/Users/vwan118/Documents/MaoriStudy/CoS-Merged\SBE\Construction_Management\2012\a_conceptual_framework_to_evaluate_suppliers_for_building_infrastructure_in_the_malaysian_electricity_supply_industry_2012.pdf,"iate, moreo, kuei"
214,a_framework_for_sub_contractor_integration_in_alliance_contracts_2012.pdf,SBE,Construction_Management,2012,C:/Users/vwan118/Documents/MaoriStudy/CoS-Merged\SBE\Construction_Management\2012\a_framework_for_sub_contractor_integration_in_alliance_contracts_2012.pdf,"nga, ete, maturana, pote, iterature, mee, paa"
215,construction_payment_delays_and_losses_2012.pdf,SBE,Construction_Management,2012,C:/Users/vwan118/Documents/MaoriStudy/CoS-Merged\SBE\Construction_Management\2012\construction_payment_delays_and_losses_2012.pdf,
216,construction_waste_management_in_india_2012.pdf,SBE,Construction_Management,2012,C:/Users/vwan118/Documents/MaoriStudy/CoS-Merged\SBE\Construction_Management\2012\construction_waste_management_in_india_2012.pdf,"teri, toma, teo"
217,contemporary_issues_in_building_collapse_and_its_implications_for_sustainable_development_2012.pdf,SBE,Construction_Management,2012,C:/Users/vwan118/Documents/MaoriStudy/CoS-Merged\SBE\Construction_Management\2012\contemporary_issues_in_building_collapse_and_its_implications_for_sustainable_development_2012.pdf,"amu, oniru, ona, amukoko, karo, oke, kano, naira, maitama, opoko, akure"
218,determining_project_performance_criteria_and_key_procurement_methods_in_nigeria_2012.pdf,SBE,Construction_Management,2012,C:/Users/vwan118/Documents/MaoriStudy/CoS-Merged\SBE\Construction_Management\2012\determining_project_performance_criteria_and_key_procurement_methods_in_nigeria_2012.pdf,ea
219,embedding_sustainability_into_cross_disciplinary_practice_in_higher_education_2012.pdf,SBE,Construction_Management,2012,C:/Users/vwan118/Documents/MaoriStudy/CoS-Merged\SBE\Construction_Management\2012\embedding_sustainability_into_cross_disciplinary_practice_in_higher_education_2012.pdf,
220,evaluating_the_adequacy_of_installed_ventilation_systems_in_high_rise_buildings_in_nairobi_kenya_2012.pdf,SBE,Construction_Management,2012,C:/Users/vwan118/Documents/MaoriStudy/CoS-Merged\SBE\Construction_Management\2012\evaluating_the_adequacy_of_installed_ventilation_systems_in_high_rise_buildings_in_nairobi_kenya_2012.pdf,kimutai
221,liquidation_and_its_effects_on_construction_trade_creditors_in_new_zealand_2012.pdf,SBE,Construction_Management,2012,C:/Users/vwan118/Documents/MaoriStudy/CoS-Merged\SBE\Construction_Management\2012\liquidation_and_its_effects_on_construction_trade_creditors_in_new_zealand_2012.pdf,
222,reorganization_of_sub_contractor_management_practices_in_alliance_contracts_2012.pdf,SBE,Construction_Management,2012,C:/Users/vwan118/Documents/MaoriStudy/CoS-Merged\SBE\Construction_Management\2012\reorganization_of_sub_contractor_management_practices_in_alliance_contracts_2012.pdf,
223,securing_best_prices_for_construction_materials_2012.pdf,SBE,Construction_Management,2012,C:/Users/vwan118/Documents/MaoriStudy/CoS-Merged\SBE\Construction_Management\2012\securing_best_prices_for_construction_materials_2012.pdf,"materia, nuno, erature, ina, ea, materi, mau"
224,strategy_led_construction_2012.pdf,SBE,Construction_Management,2012,C:/Users/vwan118/Documents/MaoriStudy/CoS-Merged\SBE\Construction_Management\2012\strategy_led_construction_2012.pdf,"ree, iteria"
225,supplier_selection_in_the_construction_material_purchasing_function_2012.pdf,SBE,Construction_Management,2012,C:/Users/vwan118/Documents/MaoriStudy/CoS-Merged\SBE\Construction_Management\2012\supplier_selection_in_the_construction_material_purchasing_function_2012.pdf,"teria, poo, materi"
226,the_uk_snagging_process_2012.pdf,SBE,Construction_Management,2012,C:/Users/vwan118/Documents/MaoriStudy/CoS-Merged\SBE\Construction_Management\2012\the_uk_snagging_process_2012.pdf,
227,analysis_of_contractors_head_office_overhead_on_compensable_delay_events_2013.pdf,SBE,Construction_Management,2013,C:/Users/vwan118/Documents/MaoriStudy/CoS-Merged\SBE\Construction_Management\2013\analysis_of_contractors_head_office_overhead_on_compensable_delay_events_2013.pdf,ere
228,a_framework_for_identifying_construction_companies_best_practice_2013.pdf,SBE,Construction_Management,2013,C:/Users/vwan118/Documents/MaoriStudy/CoS-Merged\SBE\Construction_Management\2013\a_framework_for_identifying_construction_companies_best_practice_2013.pdf,"maire, moura, nee, wana, reiterate, orate, ure, teria"
229,determining_the_magnitude_of_transaction_costs_in_construction_procurement_systems_2013.pdf,SBE,Construction_Management,2013,C:/Users/vwan118/Documents/MaoriStudy/CoS-Merged\SBE\Construction_Management\2013\determining_the_magnitude_of_transaction_costs_in_construction_procurement_systems_2013.pdf,"ima, ea, wou"
230,direction_of_the_causal_relationship_between_construction_and_the_national_economy_of_sri_lanka_2013.pdf,SBE,Construction_Management,2013,C:/Users/vwan118/Documents/MaoriStudy/CoS-Merged\SBE\Construction_Management\2013\direction_of_the_causal_relationship_between_construction_and_the_national_economy_of_sri_lanka_2013.pdf,"weo, peri, ue"
231,evaluating_the_effectiveness_of_construction_payment_provisions_in_new_zealand_2013.pdf,SBE,Construction_Management,2013,C:/Users/vwan118/Documents/MaoriStudy/CoS-Merged\SBE\Construction_Management\2013\evaluating_the_effectiveness_of_construction_payment_provisions_in_new_zealand_2013.pdf,"rame, hea, amo"
232,impact_of_organisational_structure_and_strategies_on_construction_organisations_performance_2013.pdf,SBE,Construction_Management,2013,C:/Users/vwan118/Documents/MaoriStudy/CoS-Merged\SBE\Construction_Management\2013\impact_of_organisational_structure_and_strategies_on_construction_organisations_performance_2013.pdf,hao
233,risk_contingency_fund_in_the_design_stage_elemental_cost_planning_function_2013.pdf,SBE,Construction_Management,2013,C:/Users/vwan118/Documents/MaoriStudy/CoS-Merged\SBE\Construction_Management\2013\risk_contingency_fund_in_the_design_stage_elemental_cost_planning_function_2013.pdf,"mera, eria, pite, akure"
234,supply_chain_collaboration_in_new_zealand_house_construction_2013.pdf,SBE,Construction_Management,2013,C:/Users/vwan118/Documents/MaoriStudy/CoS-Merged\SBE\Construction_Management\2013\supply_chain_collaboration_in_new_zealand_house_construction_2013.pdf,toone
235,the_effects_of_business_environments_on_corporate_strategies_and_performance_of_construction_organisations_2013.pdf,SBE,Construction_Management,2013,C:/Users/vwan118/Documents/MaoriStudy/CoS-Merged\SBE\Construction_Management\2013\the_effects_of_business_environments_on_corporate_strategies_and_performance_of_construction_organisations_2013.pdf,"ake, mana, rature"
236,adequacy_of_ventilation_systems_2014.pdf,SBE,Construction_Management,2014,C:/Users/vwan118/Documents/MaoriStudy/CoS-Merged\SBE\Construction_Management\2014\adequacy_of_ventilation_systems_2014.pdf,natu
237,an_acd_diagram_developed_for_simulating_a_bridge_construction_operation_2014.pdf,SBE,Construction_Management,2014,C:/Users/vwan118/Documents/MaoriStudy/CoS-Merged\SBE\Construction_Management\2014\an_acd_diagram_developed_for_simulating_a_bridge_construction_operation_2014.pdf,"nee, koo, umi, aei, puri, initia, enia"
238,an_exploratory_evaluation_of_a_new_national_online_consenting_system_in_new_zealand_2014.pdf,SBE,Construction_Management,2014,C:/Users/vwan118/Documents/MaoriStudy/CoS-Merged\SBE\Construction_Management\2014\an_exploratory_evaluation_of_a_new_national_online_consenting_system_in_new_zealand_2014.pdf,"poi, manukau, nati, papakura, waitakere, peo"
239,an_exploratory_evaluation_of_the_new_risk_based_inspection_scheme_2014.pdf,SBE,Construction_Management,2014,C:/Users/vwan118/Documents/MaoriStudy/CoS-Merged\SBE\Construction_Management\2014\an_exploratory_evaluation_of_the_new_risk_based_inspection_scheme_2014.pdf,minimi
240,client_value_in_procured_construction_services_2014.pdf,SBE,Construction_Management,2014,C:/Users/vwan118/Documents/MaoriStudy/CoS-Merged\SBE\Construction_Management\2014\client_value_in_procured_construction_services_2014.pdf,"ue, enge"
241,developing_activity_cycled_based_diagram_for_simulating_a_bridge_construction_operation_2014.pdf,SBE,Construction_Management,2014,C:/Users/vwan118/Documents/MaoriStudy/CoS-Merged\SBE\Construction_Management\2014\developing_activity_cycled_based_diagram_for_simulating_a_bridge_construction_operation_2014.pdf,"koo, umi, aei, puri"
242,developing_a_holistic_risk_management_plan_in_mitigating_flooding_risks_for_buildings_adjacent_to_the_swan_river_in_perth_western_australia_2014.pdf,SBE,Construction_Management,2014,C:/Users/vwan118/Documents/MaoriStudy/CoS-Merged\SBE\Construction_Management\2014\developing_a_holistic_risk_management_plan_in_mitigating_flooding_risks_for_buildings_adjacent_to_the_swan_river_in_perth_western_australia_2014.pdf,"pape, ere, mana, ange"
243,evaluation_of_the_impact_of_organisational_contingency_factors_on_firm_performance_2014.pdf,SBE,Construction_Management,2014,C:/Users/vwan118/Documents/MaoriStudy/CoS-Merged\SBE\Construction_Management\2014\evaluation_of_the_impact_of_organisational_contingency_factors_on_firm_performance_2014.pdf,
244,exploring_cost_and_risk_issues_in_the_variability_between_design_stage_elemental_cost_plan_and_final_tender_sum_2014.pdf,SBE,Construction_Management,2014,C:/Users/vwan118/Documents/MaoriStudy/CoS-Merged\SBE\Construction_Management\2014\exploring_cost_and_risk_issues_in_the_variability_between_design_stage_elemental_cost_plan_and_final_tender_sum_2014.pdf,ara
245,improving_environmental_management_legislation_to_facilitate_post_disaster_reconstruction_2014.pdf,SBE,Construction_Management,2014,C:/Users/vwan118/Documents/MaoriStudy/CoS-Merged\SBE\Construction_Management\2014\improving_environmental_management_legislation_to_facilitate_post_disaster_reconstruction_2014.pdf,"whakatane, matata, manawatu, menoni, nationa, ure, porirua, ture, towa, tewari"
246,legislation_changes_following_earthquake_disasters_2014.pdf,SBE,Construction_Management,2014,C:/Users/vwan118/Documents/MaoriStudy/CoS-Merged\SBE\Construction_Management\2014\legislation_changes_following_earthquake_disasters_2014.pdf,"menoni, tooperate, ame, marano"
247,procurement_selection_model_2014.pdf,SBE,Construction_Management,2014,C:/Users/vwan118/Documents/MaoriStudy/CoS-Merged\SBE\Construction_Management\2014\procurement_selection_model_2014.pdf,
248,public_private_partnerships_2014.pdf,SBE,Construction_Management,2014,C:/Users/vwan118/Documents/MaoriStudy/CoS-Merged\SBE\Construction_Management\2014\public_private_partnerships_2014.pdf,"aremore, ure, nao"
249,reasons_for_contractors_delay_claims_failures_in_sri_lanka_2014.pdf,SBE,Construction_Management,2014,C:/Users/vwan118/Documents/MaoriStudy/CoS-Merged\SBE\Construction_Management\2014\reasons_for_contractors_delay_claims_failures_in_sri_lanka_2014.pdf,rii
250,simulation_of_bridge_construction_works_2014.pdf,SBE,Construction_Management,2014,C:/Users/vwan118/Documents/MaoriStudy/CoS-Merged\SBE\Construction_Management\2014\simulation_of_bridge_construction_works_2014.pdf,"umi, ome"
251,the_power_of_technology_in_bridge_construction_project_management_2014.pdf,SBE,Construction_Management,2014,C:/Users/vwan118/Documents/MaoriStudy/CoS-Merged\SBE\Construction_Management\2014\the_power_of_technology_in_bridge_construction_project_management_2014.pdf,"puri, rati, whi, umi"
252,the_relationship_between_construction_sector_and_the_national_economy_of_sri_lanka_2014.pdf,SBE,Construction_Management,2014,C:/Users/vwan118/Documents/MaoriStudy/CoS-Merged\SBE\Construction_Management\2014\the_relationship_between_construction_sector_and_the_national_economy_of_sri_lanka_2014.pdf,"weo, whi, ue"
253,accuracy_in_design_stage_elemental_cost_planning_2015.pdf,SBE,Construction_Management,2015,C:/Users/vwan118/Documents/MaoriStudy/CoS-Merged\SBE\Construction_Management\2015\accuracy_in_design_stage_elemental_cost_planning_2015.pdf,
254,analysis_of_the_influence_of_a_strategy_led_planning_approach_on_successful_construction_project_implementation_2015.pdf,SBE,Construction_Management,2015,C:/Users/vwan118/Documents/MaoriStudy/CoS-Merged\SBE\Construction_Management\2015\analysis_of_the_influence_of_a_strategy_led_planning_approach_on_successful_construction_project_implementation_2015.pdf,"mene, aia, mora, ere, pena, kumara"
255,an_empirical_analysis_of_construction_organisations_competitive_strategies_and_performance_2015.pdf,SBE,Construction_Management,2015,C:/Users/vwan118/Documents/MaoriStudy/CoS-Merged\SBE\Construction_Management\2015\an_empirical_analysis_of_construction_organisations_competitive_strategies_and_performance_2015.pdf,"manu, kao, nge, hawawini, ea"
256,an_ontology_based_web_service_framework_for_construction_supply_chain_collaboration_and_management_2015.pdf,SBE,Construction_Management,2015,C:/Users/vwan118/Documents/MaoriStudy/CoS-Merged\SBE\Construction_Management\2015\an_ontology_based_web_service_framework_for_construction_supply_chain_collaboration_and_management_2015.pdf,"iri, namepo, irani, moumita"
257,a_4d_automatic_simulation_tool_for_construction_resource_planning_2015.pdf,SBE,Construction_Management,2015,C:/Users/vwan118/Documents/MaoriStudy/CoS-Merged\SBE\Construction_Management\2015\a_4d_automatic_simulation_tool_for_construction_resource_planning_2015.pdf,"kau, koo, ture, meeti"
258,causes_of_payment_problems_in_the_new_zealand_construction_industry_2015.pdf,SBE,Construction_Management,2015,C:/Users/vwan118/Documents/MaoriStudy/CoS-Merged\SBE\Construction_Management\2015\causes_of_payment_problems_in_the_new_zealand_construction_industry_2015.pdf,"kaka, motawa, hui"
259,cyber_physical_systems_integration_of_building_information_models_and_the_physical_construction_2015.pdf,SBE,Construction_Management,2015,C:/Users/vwan118/Documents/MaoriStudy/CoS-Merged\SBE\Construction_Management\2015\cyber_physical_systems_integration_of_building_information_models_and_the_physical_construction_2015.pdf,"outa, amora, kamara, toone"
260,developing_a_procurement_path_determination_chart_sem_based_approach_2015.pdf,SBE,Construction_Management,2015,C:/Users/vwan118/Documents/MaoriStudy/CoS-Merged\SBE\Construction_Management\2015\developing_a_procurement_path_determination_chart_sem_based_approach_2015.pdf,"maua, aremore"
261,development_of_a_client_based_risk_management_methodology_for_the_early_design_stage_of_construction_processes_2015.pdf,SBE,Construction_Management,2015,C:/Users/vwan118/Documents/MaoriStudy/CoS-Merged\SBE\Construction_Management\2015\development_of_a_client_based_risk_management_methodology_for_the_early_design_stage_of_construction_processes_2015.pdf,"oneo, peniwati, paia"
262,enhanced_project_brief_2015.pdf,SBE,Construction_Management,2015,C:/Users/vwan118/Documents/MaoriStudy/CoS-Merged\SBE\Construction_Management\2015\enhanced_project_brief_2015.pdf,"reiterate, ere, ure, rati, kometa, pii, iai, iai, peri, towa, kamara"
263,estimating_transaction_costs_in_the_new_zealand_construction_procurement_2015.pdf,SBE,Construction_Management,2015,C:/Users/vwan118/Documents/MaoriStudy/CoS-Merged\SBE\Construction_Management\2015\estimating_transaction_costs_in_the_new_zealand_construction_procurement_2015.pdf,"mena, ea, otimi"
264,evaluating_defect_reporting_in_new_residential_buildings_in_new_zealand_2015.pdf,SBE,Construction_Management,2015,C:/Users/vwan118/Documents/MaoriStudy/CoS-Merged\SBE\Construction_Management\2015\evaluating_defect_reporting_in_new_residential_buildings_in_new_zealand_2015.pdf,"ature, timi, ure, porirua, ture, tota, iate, repo, timate"
265,feasibility_study_of_automatically_performing_the_concrete_delivery_dispatching_through_machine_learning_techniques_2015.pdf,SBE,Construction_Management,2015,C:/Users/vwan118/Documents/MaoriStudy/CoS-Merged\SBE\Construction_Management\2015\feasibility_study_of_automatically_performing_the_concrete_delivery_dispatching_through_machine_learning_techniques_2015.pdf,"kangari, aha"
266,home_owners_and_developers_relationships_2015.pdf,SBE,Construction_Management,2015,C:/Users/vwan118/Documents/MaoriStudy/CoS-Merged\SBE\Construction_Management\2015\home_owners_and_developers_relationships_2015.pdf,"otimi, newhome"
267,managing_critical_factors_causing_delays_in_public_construction_projects_in_kingdom_of_saudi_arabia_2015.pdf,SBE,Construction_Management,2015,C:/Users/vwan118/Documents/MaoriStudy/CoS-Merged\SBE\Construction_Management\2015\managing_critical_factors_causing_delays_in_public_construction_projects_in_kingdom_of_saudi_arabia_2015.pdf,"mora, mana, engineeri"
268,measuring_strategic_performance_in_construction_companies_2015.pdf,SBE,Construction_Management,2015,C:/Users/vwan118/Documents/MaoriStudy/CoS-Merged\SBE\Construction_Management\2015\measuring_strategic_performance_in_construction_companies_2015.pdf,"moura, ini, ure, ina, ine, awa, wana, ori, operatio, emanate, teria, mana, ngowi, mana, iterature, opine, arou, nani, reiterate, ture"
269,reflective_practice_and_technical_rationality_in_construction_project_planning_2015.pdf,SBE,Construction_Management,2015,C:/Users/vwan118/Documents/MaoriStudy/CoS-Merged\SBE\Construction_Management\2015\reflective_practice_and_technical_rationality_in_construction_project_planning_2015.pdf,"amora, peri, rotimia, otimi"
270,stakeholders_practices_2015.pdf,SBE,Construction_Management,2015,C:/Users/vwan118/Documents/MaoriStudy/CoS-Merged\SBE\Construction_Management\2015\stakeholders_practices_2015.pdf,"wairakei, moroi, temitope, eeri"
271,the_new_zealand_construction_contracts_amendment_act_2015_for_better_or_worse_2015.pdf,SBE,Construction_Management,2015,C:/Users/vwan118/Documents/MaoriStudy/CoS-Merged\SBE\Construction_Management\2015\the_new_zealand_construction_contracts_amendment_act_2015_for_better_or_worse_2015.pdf,"ake, monie, pai, tute, ome, ea, kiere"
272,an_insight_into_the_commercial_viability_of_green_roofs_in_australia_2016.pdf,SBE,Construction_Management,2016,C:/Users/vwan118/Documents/MaoriStudy/CoS-Merged\SBE\Construction_Management\2016\an_insight_into_the_commercial_viability_of_green_roofs_in_australia_2016.pdf,"perini, wonga, peri, roo"
273,a_simplified_model_for_predicting_running_cost_of_office_buildings_in_sri_lanka_2016.pdf,SBE,Construction_Management,2016,C:/Users/vwan118/Documents/MaoriStudy/CoS-Merged\SBE\Construction_Management\2016\a_simplified_model_for_predicting_running_cost_of_office_buildings_in_sri_lanka_2016.pdf,"ute, opi, opine, iture, pere, remaini"
274,clients_knowledge_of_procurement_systems_and_its_influence_on_construction_project_performance_2016.pdf,SBE,Construction_Management,2016,C:/Users/vwan118/Documents/MaoriStudy/CoS-Merged\SBE\Construction_Management\2016\clients_knowledge_of_procurement_systems_and_its_influence_on_construction_project_performance_2016.pdf,"pape, ini, iteria, okoro, ao"
275,decision_making_model_for_selecting_the_optimum_method_of_delay_analysis_in_construction_projects_2016.pdf,SBE,Construction_Management,2016,C:/Users/vwan118/Documents/MaoriStudy/CoS-Merged\SBE\Construction_Management\2016\decision_making_model_for_selecting_the_optimum_method_of_delay_analysis_in_construction_projects_2016.pdf,"iee, keane"
276,determining_significant_risks_in_the_variability_between_design_stage_elemental_cost_plan_and_final_tender_sum_2016.pdf,SBE,Construction_Management,2016,C:/Users/vwan118/Documents/MaoriStudy/CoS-Merged\SBE\Construction_Management\2016\determining_significant_risks_in_the_variability_between_design_stage_elemental_cost_plan_and_final_tender_sum_2016.pdf,toa
277,environment_competitive_strategy_and_organizational_characteristics_2016.pdf,SBE,Construction_Management,2016,C:/Users/vwan118/Documents/MaoriStudy/CoS-Merged\SBE\Construction_Management\2016\environment_competitive_strategy_and_organizational_characteristics_2016.pdf,"hawawini, muni, nurie"
278,evaluating_the_budgetary_reliability_of_design_stage_elemental_cost_plan_in_building_procurement_2016.pdf,SBE,Construction_Management,2016,C:/Users/vwan118/Documents/MaoriStudy/CoS-Merged\SBE\Construction_Management\2016\evaluating_the_budgetary_reliability_of_design_stage_elemental_cost_plan_in_building_procurement_2016.pdf,"wai, mea, iterature"
279,integrating_alternative_technologies_to_improve_built_environment_sustainability_in_africa_2016.pdf,SBE,Construction_Management,2016,C:/Users/vwan118/Documents/MaoriStudy/CoS-Merged\SBE\Construction_Management\2016\integrating_alternative_technologies_to_improve_built_environment_sustainability_in_africa_2016.pdf,"ene, ngoro, kitamura, uture, kurokawa, arora, iea, oirere, koinuma, kaoma, miketa, tanemoto"
280,integrating_augmented_reality_and_building_information_modelling_to_facilitate_construction_site_coordination_2016.pdf,SBE,Construction_Management,2016,C:/Users/vwan118/Documents/MaoriStudy/CoS-Merged\SBE\Construction_Management\2016\integrating_augmented_reality_and_building_information_modelling_to_facilitate_construction_site_coordination_2016.pdf,"motu, teo, amora, kuo, ituma, rainio"
281,perceptions_of_regulatory_building_inspectors_and_designers_on_the_proposed_risk_based_inspection_regime_in_new_zealand_2016.pdf,SBE,Construction_Management,2016,C:/Users/vwan118/Documents/MaoriStudy/CoS-Merged\SBE\Construction_Management\2016\perceptions_of_regulatory_building_inspectors_and_designers_on_the_proposed_risk_based_inspection_regime_in_new_zealand_2016.pdf,"ame, mou"
282,relationship_between_competitive_strategy_and_construction_organisation_performance_2016.pdf,SBE,Construction_Management,2016,C:/Users/vwan118/Documents/MaoriStudy/CoS-Merged\SBE\Construction_Management\2016\relationship_between_competitive_strategy_and_construction_organisation_performance_2016.pdf,"hawawini, ture, amo, ome"
283,relationship_between_decision_making_style_competitive_strategies_and_organisational_performance_among_construction_organisations_2016.pdf,SBE,Construction_Management,2016,C:/Users/vwan118/Documents/MaoriStudy/CoS-Merged\SBE\Construction_Management\2016\relationship_between_decision_making_style_competitive_strategies_and_organisational_performance_among_construction_organisations_2016.pdf,
284,risk_impact_assessments_in_project_budget_development_2016.pdf,SBE,Construction_Management,2016,C:/Users/vwan118/Documents/MaoriStudy/CoS-Merged\SBE\Construction_Management\2016\risk_impact_assessments_in_project_budget_development_2016.pdf,rami
285,strategies_to_minimise_the_effects_of_delayed_payments_2016.pdf,SBE,Construction_Management,2016,C:/Users/vwan118/Documents/MaoriStudy/CoS-Merged\SBE\Construction_Management\2016\strategies_to_minimise_the_effects_of_delayed_payments_2016.pdf,"hou, kaka, amoako"
286,the_construction_contracts_act_and_its_implications_for_payment_defaults_in_new_zealand_2016.pdf,SBE,Construction_Management,2016,C:/Users/vwan118/Documents/MaoriStudy/CoS-Merged\SBE\Construction_Management\2016\the_construction_contracts_act_and_its_implications_for_payment_defaults_in_new_zealand_2016.pdf,"whoare, totake, retiree, toa, rata"
287,trust_and_interorganizational_interactions_for_managing_conflicts_in_a_blended_team_2016.pdf,SBE,Construction_Management,2016,C:/Users/vwan118/Documents/MaoriStudy/CoS-Merged\SBE\Construction_Management\2016\trust_and_interorganizational_interactions_for_managing_conflicts_in_a_blended_team_2016.pdf,
288,achieving_design_stage_elemental_cost_planning_accuracy_2017.pdf,SBE,Construction_Management,2017,C:/Users/vwan118/Documents/MaoriStudy/CoS-Merged\SBE\Construction_Management\2017\achieving_design_stage_elemental_cost_planning_accuracy_2017.pdf,"iterature, ata, ure, oneonone"
289,a_comprehensive_analysis_of_the_credits_obtained_by_leed_2009_certified_green_buildings_2017.pdf,SBE,Construction_Management,2017,C:/Users/vwan118/Documents/MaoriStudy/CoS-Merged\SBE\Construction_Management\2017\a_comprehensive_analysis_of_the_credits_obtained_by_leed_2009_certified_green_buildings_2017.pdf,"wua, makaremi, nonu, kema, eaa, ea"
290,a_morphology_based_model_for_forecasting_cooling_energy_demand_of_condominium_buildings_in_sri_lanka_2017.pdf,SBE,Construction_Management,2017,C:/Users/vwan118/Documents/MaoriStudy/CoS-Merged\SBE\Construction_Management\2017\a_morphology_based_model_for_forecasting_cooling_energy_demand_of_condominium_buildings_in_sri_lanka_2017.pdf,aro
291,determinants_of_construction_organisational_performance_2017.pdf,SBE,Construction_Management,2017,C:/Users/vwan118/Documents/MaoriStudy/CoS-Merged\SBE\Construction_Management\2017\determinants_of_construction_organisational_performance_2017.pdf,hawawini
292,exploring_the_potential_of_offsite_construction_to_alleviate_constraints_to_house_building_in_western_australia_2017.pdf,SBE,Construction_Management,2017,C:/Users/vwan118/Documents/MaoriStudy/CoS-Merged\SBE\Construction_Management\2017\exploring_the_potential_of_offsite_construction_to_alleviate_constraints_to_house_building_in_western_australia_2017.pdf,"mimeo, wai, muro, irani, materia, pau, maiti, roarea, kea, europea, hari, poki, ine, uia, hieminga, hiete, ipa, rana, emeka, nui, parahoo, ea, ere, kangari, rota, iio, autio, pekuri, haapio, niemira, kei, hore, reiterate, oke, hoi, whi, maione, ekiti, oree, utiome, tamu, nawari, ake, aia, kao, eipaha, ekonomi, kato, mihee, tamo, teu, enginee, tota, eurima, poteete, pore, niu, urope, ika, aitiene, iera, huo, emanate, pate, oni, onone, iee, mairea, temepere, opine, peine, kamara, hepi, nee, nonaka, numero, minutiae, heene, rii, purini, tamu, emea, pao, aneta, kune, mei, ure, uniroma, uhi, ikea, nawi, moita, materia, kiani, hei, riteria, hui, ioa, ipate, areuea, kaka, kaa, mana, eea, kumamoto, akaike, apea, nationa, nao, romano, ikea, amato, moreira, hepihea, nieuwe, ture, omono, hote, penamora, howie, moura, ama, ree, reti, imate, ooi, aioti, hautamaki, automa, aau, haikou, nowongu, pake, inu, aei, keune, piara, ohia, uri, hea, aei, terature, huuka, ngowi, konomi, aree, aee, koria, mui, ingeni, monge, pati, ratiu, renature, ata, aree, ikuma, ema, mari, pate"
293,implementation_of_earned_value_management_in_unit_price_payment_contracts_2017.pdf,SBE,Construction_Management,2017,C:/Users/vwan118/Documents/MaoriStudy/CoS-Merged\SBE\Construction_Management\2017\implementation_of_earned_value_management_in_unit_price_payment_contracts_2017.pdf,"ue, iterature, haito, pai"
294,implementation_of_the_lps_using_an_excel_spreadsheet_2017.pdf,SBE,Construction_Management,2017,C:/Users/vwan118/Documents/MaoriStudy/CoS-Merged\SBE\Construction_Management\2017\implementation_of_the_lps_using_an_excel_spreadsheet_2017.pdf,"umi, whi, ture, repo"
295,leverage_viability_to_secure_the_investment_return_for_palembang_monorail_project_using_public_private_partnership_financial_scheme_2017.pdf,SBE,Construction_Management,2017,C:/Users/vwan118/Documents/MaoriStudy/CoS-Merged\SBE\Construction_Management\2017\leverage_viability_to_secure_the_investment_return_for_palembang_monorail_project_using_public_private_partnership_financial_scheme_2017.pdf,"opi, umatera, roa, ini, monora, kereta, komite, rou, ano"
296,modelling_knowledge_integration_process_in_early_contractor_involvement_procurement_at_tender_stage_2017.pdf,SBE,Construction_Management,2017,C:/Users/vwan118/Documents/MaoriStudy/CoS-Merged\SBE\Construction_Management\2017\modelling_knowledge_integration_process_in_early_contractor_involvement_procurement_at_tender_stage_2017.pdf,"mana, nonaka, maki, irani, eoi"
297,post_disaster_housing_reconstruction_in_ibaji_and_lokoja_kogi_state_nigeria_2017.pdf,SBE,Construction_Management,2017,C:/Users/vwan118/Documents/MaoriStudy/CoS-Merged\SBE\Construction_Management\2017\post_disaster_housing_reconstruction_in_ibaji_and_lokoja_kogi_state_nigeria_2017.pdf,"nema, kakimoto, kumamoto"
298,preliminary_contractual_framework_for_bim_enabled_projects_2017.pdf,SBE,Construction_Management,2017,C:/Users/vwan118/Documents/MaoriStudy/CoS-Merged\SBE\Construction_Management\2017\preliminary_contractual_framework_for_bim_enabled_projects_2017.pdf,"aia, nimo, rana, ure, roa, mei, aia"
299,securing_clients_objectives_throughout_construction_project_lifecycles_2017.pdf,SBE,Construction_Management,2017,C:/Users/vwan118/Documents/MaoriStudy/CoS-Merged\SBE\Construction_Management\2017\securing_clients_objectives_throughout_construction_project_lifecycles_2017.pdf,"nga, kamara"
300,towards_developing_robust_climate_risk_management_strategies_in_the_estuarine_park_of_the_swan_river_western_australia_2017.pdf,SBE,Construction_Management,2017,C:/Users/vwan118/Documents/MaoriStudy/CoS-Merged\SBE\Construction_Management\2017\towards_developing_robust_climate_risk_management_strategies_in_the_estuarine_park_of_the_swan_river_western_australia_2017.pdf,"anu, opoku, nge, noti"
301,"trends_and_opportunities_of_bim_gis_integration_in_the_architecture,_engineering_and_construction_industry_2017.pdf",SBE,Construction_Management,2017,"C:/Users/vwan118/Documents/MaoriStudy/CoS-Merged\SBE\Construction_Management\2017\trends_and_opportunities_of_bim_gis_integration_in_the_architecture,_engineering_and_construction_industry_2017.pdf","aia, rua, koo, riahi, ara, teo, niu, romo, kiani, hato, kainuma, romero, kari, heihe, kaku, areatoarea, hou, mana, karimi, okuro, roiu, emori, penamora"
302,unlocking_the_potential_of_early_contractor_involvement_in_reducing_design_risks_in_commercial_building_refurbishment_projects_2017.pdf,SBE,Construction_Management,2017,C:/Users/vwan118/Documents/MaoriStudy/CoS-Merged\SBE\Construction_Management\2017\unlocking_the_potential_of_early_contractor_involvement_in_reducing_design_risks_in_commercial_building_refurbishment_projects_2017.pdf,"emanate, opoku"
303,developing_work_breakdown_structure_matrix_for_managing_offsite_construction_projects_2018.pdf,SBE,Construction_Management,2018,C:/Users/vwan118/Documents/MaoriStudy/CoS-Merged\SBE\Construction_Management\2018\developing_work_breakdown_structure_matrix_for_managing_offsite_construction_projects_2018.pdf,"memari, hameri, opoku"
304,enabling_an_effective_knowledge_and_information_flow_between_the_phases_of_building_construction_and_facilities_management_2018.pdf,SBE,Construction_Management,2018,C:/Users/vwan118/Documents/MaoriStudy/CoS-Merged\SBE\Construction_Management\2018\enabling_an_effective_knowledge_and_information_flow_between_the_phases_of_building_construction_and_facilities_management_2018.pdf,"hira, opoku, motawa, minimi"
305,enhancing_off_site_manufacturing_through_early_contractor_involvement_in_new_zealand_2018.pdf,SBE,Construction_Management,2018,C:/Users/vwan118/Documents/MaoriStudy/CoS-Merged\SBE\Construction_Management\2018\enhancing_off_site_manufacturing_through_early_contractor_involvement_in_new_zealand_2018.pdf,noti
306,exploring_the_potential_for_achieving_the_triple_bottom_line_of_sustainability_through_offsite_manufacturing_2018.pdf,SBE,Construction_Management,2018,C:/Users/vwan118/Documents/MaoriStudy/CoS-Merged\SBE\Construction_Management\2018\exploring_the_potential_for_achieving_the_triple_bottom_line_of_sustainability_through_offsite_manufacturing_2018.pdf,"ature, raoni, opoku"
307,investigating_the_cost_of_offsite_construction_housing_in_western_australia_2018.pdf,SBE,Construction_Management,2018,C:/Users/vwan118/Documents/MaoriStudy/CoS-Merged\SBE\Construction_Management\2018\investigating_the_cost_of_offsite_construction_housing_in_western_australia_2018.pdf,"opoku, ahuri, nawari, itute"
308,securing_the_embeddedness_of_psychosocial_diffusion_indicators_into_the_turkish_construction_industry_2018.pdf,SBE,Construction_Management,2018,C:/Users/vwan118/Documents/MaoriStudy/CoS-Merged\SBE\Construction_Management\2018\securing_the_embeddedness_of_psychosocial_diffusion_indicators_into_the_turkish_construction_industry_2018.pdf,"kaka, irani"
309,an_assessment_of_risk_factors_impacting_budget_variability_in_new_zealand_commercial_construction_projects_2019.pdf,SBE,Construction_Management,2019,C:/Users/vwan118/Documents/MaoriStudy/CoS-Merged\SBE\Construction_Management\2019\an_assessment_of_risk_factors_impacting_budget_variability_in_new_zealand_commercial_construction_projects_2019.pdf,apa
310,a_performance_based_framework_to_prioritise_underutilised_historical_buildings_for_adaptive_reuse_interventions_in_new_zealand_2019.pdf,SBE,Construction_Management,2019,C:/Users/vwan118/Documents/MaoriStudy/CoS-Merged\SBE\Construction_Management\2019\a_performance_based_framework_to_prioritise_underutilised_historical_buildings_for_adaptive_reuse_interventions_in_new_zealand_2019.pdf,"toa, whanganui, temitope, rotimia, pia, whanganui"
311,contract_document_appraisal_and_rework_root_causes_classification_in_tendering_stage_of_projects_2019.pdf,SBE,Construction_Management,2019,C:/Users/vwan118/Documents/MaoriStudy/CoS-Merged\SBE\Construction_Management\2019\contract_document_appraisal_and_rework_root_causes_classification_in_tendering_stage_of_projects_2019.pdf,"kakitahi, mora, irani, pena, awo, kumara, otimi, nuria"
312,critical_success_factors_of_public_private_partnerships_in_new_zealand_2019.pdf,SBE,Construction_Management,2019,C:/Users/vwan118/Documents/MaoriStudy/CoS-Merged\SBE\Construction_Management\2019\critical_success_factors_of_public_private_partnerships_in_new_zealand_2019.pdf,"omote, pai, nea, uti, arima, irani, koo, nationa, anona, ome, aini, reau, teo, ine, uia, ue, popu, emoti, romero, rana, hira, ohueri, ioki, rotorua, maia, teria, hia, awo, nomu, ree, matipa, mora, uo, manu, awa, eko, mea, iterature, repo, kaka, opoko, kakitahi, aputo, pati, oma, nani, ime, reiterate, maki, oke, enerate, pātea, whi, engineeri, opoko, tema, whanganui, toma, hauri, naire, aia, manu, rema, muiruri, whanganui, mangakino, tamo, automati, amo, enginee, aaee, turo, ea, ria, powe, mota, metu, pore, motu, howi, merino, hiripi, maru, nai, emea, anganui, aitiene, emanate, whe, natu, nuria, ona, nangia, hauri, uate, kota, remo, oti, mea, ato, onone, akaka, maa, iee, rura, pena, oria, opine, ue, waitangi, engi, taha, ope, awarene, whe, natio, nee, piki, enue, nonaka, nue, eme, monero, roo, rii, eae, orate, epi, arawomo, ena, emea, wea, raipa, noori, ramoroka, nakano, ure, pena, ara, aritua, noke, uhi, towa, nawi, enge, pupo, itate, nota, niminga, oku, nomura, riteria, ame, imitate, epi, porirua, hui, moreno, enginee, mana, ete, hou, heterotopia, moraiti, kaka, mana, ere, minimi, repu, rooke, arate, rata, kumara, eone, akure, teara, operati, erature, hia, ite, nimo, hou, ture, rangamuwa, toone, nakamoto, amee, harare, hao, wate, toi, hea, iroha, nimo, imate, tiona, hutu, iorio, kiwi, ito, haikou, teara, hani, kumi, hera, atatoa, okamoto, mena, eoi, morana, oka, omonori, aeo, ōhakune, opara, uri, pune, kuo, taki, whangarei, nge, ngowi, hana, inue, māori, amiri, rami, nikou, akina, ata, ruane, ute, pore, pao, komi, romote, ani, operato, initia, riteri, pai, teri, timaru, oamaru, mou"
313,design_development_post_contract_signing_in_new_zealand_2019.pdf,SBE,Construction_Management,2019,C:/Users/vwan118/Documents/MaoriStudy/CoS-Merged\SBE\Construction_Management\2019\design_development_post_contract_signing_in_new_zealand_2019.pdf,"ere, ine"
314,determining_strategic_clusters_and_performance_of_construction_organizations_in_south_africa_2019.pdf,SBE,Construction_Management,2019,C:/Users/vwan118/Documents/MaoriStudy/CoS-Merged\SBE\Construction_Management\2019\determining_strategic_clusters_and_performance_of_construction_organizations_in_south_africa_2019.pdf,"ea, muni, muni"
315,does_leadership_style_differ_between_a_post_disaster_and_non_disaster_response_project_2019.pdf,SBE,Construction_Management,2019,C:/Users/vwan118/Documents/MaoriStudy/CoS-Merged\SBE\Construction_Management\2019\does_leadership_style_differ_between_a_post_disaster_and_non_disaster_response_project_2019.pdf,"iia, kanungo, porirua, mea, roraima, ata"
316,factors_limiting_performance_of_the_construction_industry_2019.pdf,SBE,Construction_Management,2019,C:/Users/vwan118/Documents/MaoriStudy/CoS-Merged\SBE\Construction_Management\2019\factors_limiting_performance_of_the_construction_industry_2019.pdf,"omote, pai, nea, uti, arima, irani, koo, nationa, anona, ome, aini, reau, teo, ine, uia, ue, popu, emoti, romero, rana, hira, ohueri, ioki, rotorua, maia, teria, hia, awo, nomu, ree, matipa, mora, uo, manu, awa, eko, mea, iterature, repo, kaka, opoko, kakitahi, aputo, pati, oma, nani, ime, reiterate, maki, oke, enerate, pātea, whi, engineeri, opoko, tema, whanganui, toma, hauri, naire, aia, manu, rema, muiruri, whanganui, mangakino, tamo, automati, amo, enginee, aaee, turo, ea, ria, powe, mota, metu, pore, motu, howi, merino, hiripi, maru, nai, emea, anganui, aitiene, emanate, whe, natu, nuria, ona, nangia, hauri, uate, kota, remo, oti, mea, ato, onone, akaka, maa, iee, rura, pena, oria, opine, ue, waitangi, engi, taha, ope, awarene, whe, natio, nee, piki, enue, nonaka, nue, eme, monero, roo, rii, eae, orate, epi, arawomo, ena, emea, wea, raipa, noori, ramoroka, nakano, ure, pena, ara, aritua, noke, uhi, towa, nawi, enge, pupo, itate, nota, niminga, oku, nomura, riteria, ame, imitate, epi, porirua, hui, moreno, enginee, mana, ete, hou, heterotopia, moraiti, kaka, mana, ere, minimi, repu, rooke, arate, rata, kumara, eone, akure, teara, operati, erature, hia, ite, nimo, hou, ture, rangamuwa, toone, nakamoto, amee, harare, hao, wate, toi, hea, iroha, nimo, imate, tiona, hutu, iorio, kiwi, ito, haikou, teara, hani, kumi, hera, atatoa, okamoto, mena, eoi, morana, oka, omonori, aeo, ōhakune, opara, uri, pune, kuo, taki, whangarei, nge, ngowi, hana, inue, māori, amiri, rami, nikou, akina, ata, ruane, ute, pore, pao, komi, romote, ani, operato, initia, riteri, pai, teri, timaru, oamaru, mou"
317,in_support_of_sustainable_densification_in_urban_planning_2019.pdf,SBE,Construction_Management,2019,C:/Users/vwan118/Documents/MaoriStudy/CoS-Merged\SBE\Construction_Management\2019\in_support_of_sustainable_densification_in_urban_planning_2019.pdf,"arima, ine, homeo, kitamura"
318,managing_information_flow_and_design_processes_to_reduce_design_risks_in_offsite_construction_projects_2019.pdf,SBE,Construction_Management,2019,C:/Users/vwan118/Documents/MaoriStudy/CoS-Merged\SBE\Construction_Management\2019\managing_information_flow_and_design_processes_to_reduce_design_risks_in_offsite_construction_projects_2019.pdf,"hora, memoire, opoku, tame, kamara"
319,organisational_performance_resources_and_capabilities_2019.pdf,SBE,Construction_Management,2019,C:/Users/vwan118/Documents/MaoriStudy/CoS-Merged\SBE\Construction_Management\2019\organisational_performance_resources_and_capabilities_2019.pdf,"hawawini, mana, ame, engineeri, ome, mea"
320,performance_resources_and_capabilities_of_construction_organisations_2019.pdf,SBE,Construction_Management,2019,C:/Users/vwan118/Documents/MaoriStudy/CoS-Merged\SBE\Construction_Management\2019\performance_resources_and_capabilities_of_construction_organisations_2019.pdf,"hawawini, mana, ame, engineeri, ome, mea"
321,analysis_of_the_south_african_construction_industry_business_environment_2020.pdf,SBE,Construction_Management,2020,C:/Users/vwan118/Documents/MaoriStudy/CoS-Merged\SBE\Construction_Management\2020\analysis_of_the_south_african_construction_industry_business_environment_2020.pdf,"muni, pati, muni"
322,application_of_a_performance_based_framework_to_prioritise_underutilised_historical_buildings_for_adaptive_reuse_in_auckland_new_zealand_2020.pdf,SBE,Construction_Management,2020,C:/Users/vwan118/Documents/MaoriStudy/CoS-Merged\SBE\Construction_Management\2020\application_of_a_performance_based_framework_to_prioritise_underutilised_historical_buildings_for_adaptive_reuse_in_auckland_new_zealand_2020.pdf,"whanga, tū, toi, whanganui, pouhere, rati, nui, rohe, taonga"
323,application_of_green_retrofit_technology_2020.pdf,SBE,Construction_Management,2020,C:/Users/vwan118/Documents/MaoriStudy/CoS-Merged\SBE\Construction_Management\2020\application_of_green_retrofit_technology_2020.pdf,ea
324,applying_secure_information_based_mechanism_for_prefabrication_supply_chain_integration_2020.pdf,SBE,Construction_Management,2020,C:/Users/vwan118/Documents/MaoriStudy/CoS-Merged\SBE\Construction_Management\2020\applying_secure_information_based_mechanism_for_prefabrication_supply_chain_integration_2020.pdf,"kāhui, kauri, irani, aeaoa, mimeo, hamani, hira, rotorua, emeka, ea, renene, aotearoa, iene, amore, panuku, tanaka, kakitahi, iea, kua, putu, petone, pou, wakita, atie, urenio, ea, motu, merino, otakaro, emanate, nuria, huia, mani, mua, ahuri, wou, maa, nawawi, opine, wengui, rii, waitakere, wiri, rino, akoma, makerere, memari, ara, maori, ina, oionomou, ikau, porirua, mangere, urenio, moreno, rohe, hou, kaka, kumara, ngai, hirai, tawie, nakamoto, hao, tumi, mei, romo, hoai, waikato, nakamato, makaremi, ngowi, māori, oikonomou, pone, kiwi, waimairi, ani"
325,a_novel_mathematical_optimisation_model_for_the_scheduling_of_activities_in_modular_construction_factories_2020.pdf,SBE,Construction_Management,2020,C:/Users/vwan118/Documents/MaoriStudy/CoS-Merged\SBE\Construction_Management\2020\a_novel_mathematical_optimisation_model_for_the_scheduling_of_activities_in_modular_construction_factories_2020.pdf,"awa, ao"
326,a_rank_order_of_determinants_of_construction_organisations_performance_in_new_zealand_2020.pdf,SBE,Construction_Management,2020,C:/Users/vwan118/Documents/MaoriStudy/CoS-Merged\SBE\Construction_Management\2020\a_rank_order_of_determinants_of_construction_organisations_performance_in_new_zealand_2020.pdf,"mani, mana, kaka, ame, rii, waikato, kuei, pite, eee"
327,contracts_evaluation_through_classified_rework_root_causes_in_the_construction_stage_of_projects_2020.pdf,SBE,Construction_Management,2020,C:/Users/vwan118/Documents/MaoriStudy/CoS-Merged\SBE\Construction_Management\2020\contracts_evaluation_through_classified_rework_root_causes_in_the_construction_stage_of_projects_2020.pdf,"otimi, penamora"
328,drone_scheduling_for_construction_site_surveillance_2020.pdf,SBE,Construction_Management,2020,C:/Users/vwan118/Documents/MaoriStudy/CoS-Merged\SBE\Construction_Management\2020\drone_scheduling_for_construction_site_surveillance_2020.pdf,"ue, terito, ohanga"
329,energy_retrofitting_2020.pdf,SBE,Construction_Management,2020,C:/Users/vwan118/Documents/MaoriStudy/CoS-Merged\SBE\Construction_Management\2020\energy_retrofitting_2020.pdf,"kāhui, kauri, irani, aeaoa, mimeo, hamani, hira, rotorua, emeka, ea, renene, aotearoa, iene, amore, panuku, tanaka, kakitahi, iea, kua, putu, petone, pou, wakita, atie, urenio, ea, motu, merino, otakaro, emanate, nuria, huia, mani, mua, ahuri, wou, maa, nawawi, opine, wengui, rii, waitakere, wiri, rino, akoma, makerere, memari, ara, maori, ina, oionomou, ikau, porirua, mangere, urenio, moreno, rohe, hou, kaka, kumara, ngai, hirai, tawie, nakamoto, hao, tumi, mei, romo, hoai, waikato, nakamato, makaremi, ngowi, māori, oikonomou, pone, kiwi, waimairi, ani"
330,exploring_earned_value_management_in_the_spanish_construction_industry_as_a_pathway_to_competitive_advantage_2020.pdf,SBE,Construction_Management,2020,C:/Users/vwan118/Documents/MaoriStudy/CoS-Merged\SBE\Construction_Management\2020\exploring_earned_value_management_in_the_spanish_construction_industry_as_a_pathway_to_competitive_advantage_2020.pdf,"aire, haito, taki, nima, waire, iee, nao"
331,factors_influencing_the_implementation_of_off_site_manufacturing_in_commercial_projects_in_western_australia_2020.pdf,SBE,Construction_Management,2020,C:/Users/vwan118/Documents/MaoriStudy/CoS-Merged\SBE\Construction_Management\2020\factors_influencing_the_implementation_of_off_site_manufacturing_in_commercial_projects_in_western_australia_2020.pdf,ea
332,innovation_in_the_globalised_world_2020.pdf,SBE,Construction_Management,2020,C:/Users/vwan118/Documents/MaoriStudy/CoS-Merged\SBE\Construction_Management\2020\innovation_in_the_globalised_world_2020.pdf,"mauro, mauro"
333,nature_of_new_zealand_construction_industry_2020.pdf,SBE,Construction_Management,2020,C:/Users/vwan118/Documents/MaoriStudy/CoS-Merged\SBE\Construction_Management\2020\nature_of_new_zealand_construction_industry_2020.pdf,"kāhui, kauri, irani, aeaoa, mimeo, hamani, hira, rotorua, emeka, ea, renene, aotearoa, iene, amore, panuku, tanaka, kakitahi, iea, kua, putu, petone, pou, wakita, atie, urenio, ea, motu, merino, otakaro, emanate, nuria, huia, mani, mua, ahuri, wou, maa, nawawi, opine, wengui, rii, waitakere, wiri, rino, akoma, makerere, memari, ara, maori, ina, oionomou, ikau, porirua, mangere, urenio, moreno, rohe, hou, kaka, kumara, ngai, hirai, tawie, nakamoto, hao, tumi, mei, romo, hoai, waikato, nakamato, makaremi, ngowi, māori, oikonomou, pone, kiwi, waimairi, ani"
334,occupant_energy_behaviours_2020.pdf,SBE,Construction_Management,2020,C:/Users/vwan118/Documents/MaoriStudy/CoS-Merged\SBE\Construction_Management\2020\occupant_energy_behaviours_2020.pdf,"openi, ree, ature, ara, ue, ute, hea, heate, eui, parame, operati, hou, ratu, otimi, peo"
335,rework_management_in_life_cycle_of_project_2020.pdf,SBE,Construction_Management,2020,C:/Users/vwan118/Documents/MaoriStudy/CoS-Merged\SBE\Construction_Management\2020\rework_management_in_life_cycle_of_project_2020.pdf,"kāhui, kauri, irani, aeaoa, mimeo, hamani, hira, rotorua, emeka, ea, renene, aotearoa, iene, amore, panuku, tanaka, kakitahi, iea, kua, putu, petone, pou, wakita, atie, urenio, ea, motu, merino, otakaro, emanate, nuria, huia, mani, mua, ahuri, wou, maa, nawawi, opine, wengui, rii, waitakere, wiri, rino, akoma, makerere, memari, ara, maori, ina, oionomou, ikau, porirua, mangere, urenio, moreno, rohe, hou, kaka, kumara, ngai, hirai, tawie, nakamoto, hao, tumi, mei, romo, hoai, waikato, nakamato, makaremi, ngowi, māori, oikonomou, pone, kiwi, waimairi, ani"
336,to_improve_the_strategic_decision_making_for_effective_governance_of_public_spend_regenerative_projects_2020.pdf,SBE,Construction_Management,2020,C:/Users/vwan118/Documents/MaoriStudy/CoS-Merged\SBE\Construction_Management\2020\to_improve_the_strategic_decision_making_for_effective_governance_of_public_spend_regenerative_projects_2020.pdf,"whenua, tangata, renata, iwi, mana, kāinga, ao, maori"
337,to_understand_the_systemic_and_contextual_factors_to_improve_the_strategic_decision_making_of_regenerative_projects_2020.pdf,SBE,Construction_Management,2020,C:/Users/vwan118/Documents/MaoriStudy/CoS-Merged\SBE\Construction_Management\2020\to_understand_the_systemic_and_contextual_factors_to_improve_the_strategic_decision_making_of_regenerative_projects_2020.pdf,"renata, māori, ao, anga"
338,understanding_the_factors_critical_to_success_of_ppps_in_new_zealand_2020.pdf,SBE,Construction_Management,2020,C:/Users/vwan118/Documents/MaoriStudy/CoS-Merged\SBE\Construction_Management\2020\understanding_the_factors_critical_to_success_of_ppps_in_new_zealand_2020.pdf,
339,an_evaluation_of_risk_factors_impacting_project_budget_performance_in_new_zealand_2021.pdf,SBE,Construction_Management,2021,C:/Users/vwan118/Documents/MaoriStudy/CoS-Merged\SBE\Construction_Management\2021\an_evaluation_of_risk_factors_impacting_project_budget_performance_in_new_zealand_2021.pdf,"ika, uka"
340,a_certification_framework_for_managing_the_risks_of_non_compliance_and_non_conformance_building_products_2021.pdf,SBE,Construction_Management,2021,C:/Users/vwan118/Documents/MaoriStudy/CoS-Merged\SBE\Construction_Management\2021\a_certification_framework_for_managing_the_risks_of_non_compliance_and_non_conformance_building_products_2021.pdf,awareaware
341,blockchain_and_information_integration_2021.pdf,SBE,Construction_Management,2021,C:/Users/vwan118/Documents/MaoriStudy/CoS-Merged\SBE\Construction_Management\2021\blockchain_and_information_integration_2021.pdf,"mani, kiwi, ite, mani, noti, porirua"
342,business_environment_crm_and_sustainable_performance_of_construction_industry_in_new_zealand_2021.pdf,SBE,Construction_Management,2021,C:/Users/vwan118/Documents/MaoriStudy/CoS-Merged\SBE\Construction_Management\2021\business_environment_crm_and_sustainable_performance_of_construction_industry_in_new_zealand_2021.pdf,"mani, mumuni, noru, mani, puri, muni, muni"
343,developing_a_predictive_model_of_construction_industry_university_research_collaboration_2021.pdf,SBE,Construction_Management,2021,C:/Users/vwan118/Documents/MaoriStudy/CoS-Merged\SBE\Construction_Management\2021\developing_a_predictive_model_of_construction_industry_university_research_collaboration_2021.pdf,"whoare, uwa, iniu, opoku, pone"
344,early_contractor_involvement_2021.pdf,SBE,Construction_Management,2021,C:/Users/vwan118/Documents/MaoriStudy/CoS-Merged\SBE\Construction_Management\2021\early_contractor_involvement_2021.pdf,
345,facilitating_digital_transformation_in_constructions_2021.pdf,SBE,Construction_Management,2021,C:/Users/vwan118/Documents/MaoriStudy/CoS-Merged\SBE\Construction_Management\2021\facilitating_digital_transformation_in_constructions_2021.pdf,"pakura, opoku, toa, wherea, ao, reiterate, hetemi, oke, ina, moripe"
346,impact_of_social_media_usage_on_performance_of_construction_businesses_in_abuja_nigeria_2021.pdf,SBE,Construction_Management,2021,C:/Users/vwan118/Documents/MaoriStudy/CoS-Merged\SBE\Construction_Management\2021\impact_of_social_media_usage_on_performance_of_construction_businesses_in_abuja_nigeria_2021.pdf,"teo, oke, karami, kee"
347,integrating_a_rich_picture_diagram_and_causal_loop_diagram_to_model_stakeholder_engagement_in_building_refurbishment_projects_2021.pdf,SBE,Construction_Management,2021,C:/Users/vwan118/Documents/MaoriStudy/CoS-Merged\SBE\Construction_Management\2021\integrating_a_rich_picture_diagram_and_causal_loop_diagram_to_model_stakeholder_engagement_in_building_refurbishment_projects_2021.pdf,"noori, paiho, ao, tute, aki"
348,international_construction_joint_ventures_as_a_resourcing_model_2021.pdf,SBE,Construction_Management,2021,C:/Users/vwan118/Documents/MaoriStudy/CoS-Merged\SBE\Construction_Management\2021\international_construction_joint_ventures_as_a_resourcing_model_2021.pdf,"kiwi, oke"
349,modular_prefabricated_classrooms_2021.pdf,SBE,Construction_Management,2021,C:/Users/vwan118/Documents/MaoriStudy/CoS-Merged\SBE\Construction_Management\2021\modular_prefabricated_classrooms_2021.pdf,"wai, otieno, wheniwo, aone, tute, tarawa, noname, eate, wairire, ome, heui, okie, aiaa, marouani, imi, uo, ine, tinue, ue, hiera, romero, hamani, monotone, meho, ea, keane, ree, aotearoa, hamani, uture, mora, nee, manu, morote, awa, amano, mea, iterature, haapio, huotari, opoko, ewee, omari, iea, ime, oke, engineeri, whi, pare, nawari, naire, hauari, kuwaiti, matiko, kao, ato, opoku, tota, kie, hina, ea, hange, mota, hirotaka, niu, miki, wipo, enau, onuiri, pareto, merino, nati, kaikoura, hao, operatio, aaramaa, ani, huo, emanate, natu, otero, aera, uate, ature, pereiro, makaurau, maree, piaia, kuroki, tato, mena, uoe, ahuri, oni, wou, ito, amo, amou, imota, inaotearoa, wea, ope, awarene, moreau, murota, nee, anu, nonaka, rau, roo, ike, mau, rii, oraee, ena, peo, ope, mura, ara, mena, pii, ua, taiwo, oea, memari, topi, makua, mata, ure, ara, pena, ikea, nawi, enge, emotio, wome, perio, arora, arango, riteria, imitate, ame, tanimoto, karia, moreno, tuto, henao, amara, enginee, mana, ani, hau, kau, hou, enu, kaka, arewa, mana, ere, minimi, operationa, merino, akomea, humanika, toria, muna, akure, wha, ngai, mahao, moreira, erature, ite, pipitone, reu, mote, riana, pereiro, wuni, ture, karia, initi, maina, tanimoto, piore, rahi, toone, tamaki, pio, nieto, nakamoto, oraee, hao, wate, parate, nimo, tamara, papaoikonomou, hone, mutereko, kumari, mei, iture, whoweare, hamari, mata, arau, minimi, kumi, manoe, hera, mena, aei, onu, eoi, makua, ite, tapia, terature, kotera, miro, automatio, hou, pati, ata, aeo, eea, kamei, enario, ani, ikuma, initia, meo"
350,multidisciplinary_perspectives_of_micro_human_efforts_in_post-disaster_recovery_2021.pdf,SBE,Construction_Management,2021,C:/Users/vwan118/Documents/MaoriStudy/CoS-Merged\SBE\Construction_Management\2021\multidisciplinary_perspectives_of_micro_human_efforts_in_post-disaster_recovery_2021.pdf,"ope, irena, awa, ture, haruo, maori"
351,proactive_post_occupancy_evaluation_2021.pdf,SBE,Construction_Management,2021,C:/Users/vwan118/Documents/MaoriStudy/CoS-Merged\SBE\Construction_Management\2021\proactive_post_occupancy_evaluation_2021.pdf,
352,the_primacy_of_as_built_drawings_in_the_management_of_underground_utility_operations_2021.pdf,SBE,Construction_Management,2021,C:/Users/vwan118/Documents/MaoriStudy/CoS-Merged\SBE\Construction_Management\2021\the_primacy_of_as_built_drawings_in_the_management_of_underground_utility_operations_2021.pdf,"teo, maree, kotahi, waka, noti, waikato, rotorua"
353,towards_contracting_strategy_usage_for_rework_in_construction_projects_2021.pdf,SBE,Construction_Management,2021,C:/Users/vwan118/Documents/MaoriStudy/CoS-Merged\SBE\Construction_Management\2021\towards_contracting_strategy_usage_for_rework_in_construction_projects_2021.pdf,"kakitahi, pareto, kiani, irani, oke, marengo"
354,unmanned_aerial_vehicle_based_low_carbon_monitoring_planning_2021.pdf,SBE,Construction_Management,2021,C:/Users/vwan118/Documents/MaoriStudy/CoS-Merged\SBE\Construction_Management\2021\unmanned_aerial_vehicle_based_low_carbon_monitoring_planning_2021.pdf,"aei, puri"
355,an_integrated_paradigm_for_managing_efficient_knowledge_transfer_2022.pdf,SBE,Construction_Management,2022,C:/Users/vwan118/Documents/MaoriStudy/CoS-Merged\SBE\Construction_Management\2022\an_integrated_paradigm_for_managing_efficient_knowledge_transfer_2022.pdf,"reina, mana, nonaka, hau, wiewiora, imitate, morana, ipe, munari, omani, opine, toma, kamara, rou"
356,asset_management_for_the_built_environment_2022.pdf,SBE,Construction_Management,2022,C:/Users/vwan118/Documents/MaoriStudy/CoS-Merged\SBE\Construction_Management\2022\asset_management_for_the_built_environment_2022.pdf,"niwa, wai, uti, pape, karangahape, kawakawa, ome, moreo, ine, automa, hokoi, kingi, romero, rouhani, tūāpapa, minima, iate, ea, materi, heine, aama, renene, ene, ree, aotearoa, uoa, motawa, mea, whakatipu, reina, nume, raupo, aotea, iea, tahu, akimoto, iie, pahi, whi, naire, ake, kuwaiti, raha, engineeri, aia, nowehere, opoku, kamakura, hei, tota, hina, ea, reina, motu, pore, patangaroa, nirupama, arataki, hao, operatio, kaingaora, pote, ani, natu, onuki, waimakariri, tumu, maturana, tōpūtanga, mena, oti, ohi, wou, opoku, mutu, amo, kumano, arawomo, runanga, engi, nee, karanga, ena, ope, ara, neingo, tari, iae, eui, kura, ure, akimoto, oriani, ara, maori, ikea, nawi, materia, toitoi, ruta, arora, maki, rani, maeno, epi, porirua, rera, waka, whenua, mana, erino, ete, rieko, whare, hou, oai, mana, ere, nuru, waihanga, aro, whakatipu, ngai, nini, emina, iwi, tae, kāinga, whangaparaoa, raupo, ture, hape, ngowi, ngene, moreno, tania, hao, oraee, hea, tatauranga, nimo, automa, korou, kumi, hoai, kumi, mena, aei, morana, waikato, kotahi, ote, kaupapa, nge, ngowi, repai, rawai, whau, amiri, ahu, pone, niwa, unine, ata, turanga, arou, nonino, ikuma, tii, mee"
357,automation_in_new_zealands_offsite_construction_2022.pdf,SBE,Construction_Management,2022,C:/Users/vwan118/Documents/MaoriStudy/CoS-Merged\SBE\Construction_Management\2022\automation_in_new_zealands_offsite_construction_2022.pdf,"aotearoa, miura, kiwi, hou, reiterate, wuni, oke, morita, aromaa, otimi"
358,a_study_of_design_change_management_for_infrastructure_development_projects_in_new_zealand_2022.pdf,SBE,Construction_Management,2022,C:/Users/vwan118/Documents/MaoriStudy/CoS-Merged\SBE\Construction_Management\2022\a_study_of_design_change_management_for_infrastructure_development_projects_in_new_zealand_2022.pdf,"kuo, aori, iwi, ere, operatio, wuni, māori, hui"
359,challenges_of_offsite_construction_and_bim_implementation_2022.pdf,SBE,Construction_Management,2022,C:/Users/vwan118/Documents/MaoriStudy/CoS-Merged\SBE\Construction_Management\2022\challenges_of_offsite_construction_and_bim_implementation_2022.pdf,"niu, hou, koo, ite, wha, okoro, wuni, aei, meho, ani, nawari"
360,classification_of_rework_root_causes_in_the_design_stage_of_projects_for_contract_assessment_2022.pdf,SBE,Construction_Management,2022,C:/Users/vwan118/Documents/MaoriStudy/CoS-Merged\SBE\Construction_Management\2022\classification_of_rework_root_causes_in_the_design_stage_of_projects_for_contract_assessment_2022.pdf,"enginee, mora, ite, irani, automatio, ere, mana, engineeri, pena, rooke, ea"
361,comparing_two_ai_methods_for_predicting_the_future_trend_of_new_zealand_building_projects_2022.pdf,SBE,Construction_Management,2022,C:/Users/vwan118/Documents/MaoriStudy/CoS-Merged\SBE\Construction_Management\2022\comparing_two_ai_methods_for_predicting_the_future_trend_of_new_zealand_building_projects_2022.pdf,"karimi, ata, mora, hou, kamari, materi, amiri, ako"
362,construction_industry_classification_systems_2022.pdf,SBE,Construction_Management,2022,C:/Users/vwan118/Documents/MaoriStudy/CoS-Merged\SBE\Construction_Management\2022\construction_industry_classification_systems_2022.pdf,hoai
363,construction_project_performance_2022.pdf,SBE,Construction_Management,2022,C:/Users/vwan118/Documents/MaoriStudy/CoS-Merged\SBE\Construction_Management\2022\construction_project_performance_2022.pdf,"whi, emirate, pote, kamara, toone"
364,creating_a_case_for_innovation_acceleration_in_the_new_zealand_building_industry_2022.pdf,SBE,Construction_Management,2022,C:/Users/vwan118/Documents/MaoriStudy/CoS-Merged\SBE\Construction_Management\2022\creating_a_case_for_innovation_acceleration_in_the_new_zealand_building_industry_2022.pdf,"kingi, ina, kiwi, otimi"
365,disruptive_technologies_and_human_involvement_in_automating_construction_industry_towards_industry_5_0_2022.pdf,SBE,Construction_Management,2022,C:/Users/vwan118/Documents/MaoriStudy/CoS-Merged\SBE\Construction_Management\2022\disruptive_technologies_and_human_involvement_in_automating_construction_industry_towards_industry_5_0_2022.pdf,"nia, auni, hao, nea, ake, rotana, opoku, utoikamanu, ure, automati, purao, hameri, towa, taminiau, ohori, teo, nau, kumarapu, muraka, miro, emai, moti, mauri, kuno, weihua, ika, noti, hui, pote, raina, murata, ea, iea, atatime, mana, uri, patania, aotearoa, opoku, mena, aho, miro, patino, nee, eati, norie, ooke, minera, minimi, rooke, apoio, eke, muianga, waha, kamara, parana, ata, moreira, terano, iea, wuni, moreira, engineeri, mahame, neira, nawari, hatami, toone"
366,end_user_stakeholder_engagement_in_refurbishment_design_in_higher_education_2022.pdf,SBE,Construction_Management,2022,C:/Users/vwan118/Documents/MaoriStudy/CoS-Merged\SBE\Construction_Management\2022\end_user_stakeholder_engagement_in_refurbishment_design_in_higher_education_2022.pdf,"onetime, opoku, kamari"
367,environmental_and_socio_psychological_drivers_of_building_users_behaviours_2022.pdf,SBE,Construction_Management,2022,C:/Users/vwan118/Documents/MaoriStudy/CoS-Merged\SBE\Construction_Management\2022\environmental_and_socio_psychological_drivers_of_building_users_behaviours_2022.pdf,
368,evaluating_capacity_and_capability_of_the_construction_sector_2022.pdf,SBE,Construction_Management,2022,C:/Users/vwan118/Documents/MaoriStudy/CoS-Merged\SBE\Construction_Management\2022\evaluating_capacity_and_capability_of_the_construction_sector_2022.pdf,"niwa, wai, uti, pape, karangahape, kawakawa, ome, moreo, ine, automa, hokoi, kingi, romero, rouhani, tūāpapa, minima, iate, ea, materi, heine, aama, renene, ene, ree, aotearoa, uoa, motawa, mea, whakatipu, reina, nume, raupo, aotea, iea, tahu, akimoto, iie, pahi, whi, naire, ake, kuwaiti, raha, engineeri, aia, nowehere, opoku, kamakura, hei, tota, hina, ea, reina, motu, pore, patangaroa, nirupama, arataki, hao, operatio, kaingaora, pote, ani, natu, onuki, waimakariri, tumu, maturana, tōpūtanga, mena, oti, ohi, wou, opoku, mutu, amo, kumano, arawomo, runanga, engi, nee, karanga, ena, ope, ara, neingo, tari, iae, eui, kura, ure, akimoto, oriani, ara, maori, ikea, nawi, materia, toitoi, ruta, arora, maki, rani, maeno, epi, porirua, rera, waka, whenua, mana, erino, ete, rieko, whare, hou, oai, mana, ere, nuru, waihanga, aro, whakatipu, ngai, nini, emina, iwi, tae, kāinga, whangaparaoa, raupo, ture, hape, ngowi, ngene, moreno, tania, hao, oraee, hea, tatauranga, nimo, automa, korou, kumi, hoai, kumi, mena, aei, morana, waikato, kotahi, ote, kaupapa, nge, ngowi, repai, rawai, whau, amiri, ahu, pone, niwa, unine, ata, turanga, arou, nonino, ikuma, tii, mee"
369,exploring_off_site_construction_and_building_information_modelling_integration_challenges_2022.pdf,SBE,Construction_Management,2022,C:/Users/vwan118/Documents/MaoriStudy/CoS-Merged\SBE\Construction_Management\2022\exploring_off_site_construction_and_building_information_modelling_integration_challenges_2022.pdf,"manu, hao, kiwi, mori, nakano, wuni, minimi, ure, nawari"
370,guest_editorial_working_smarter_by_applying_advanced_technologies_in_construction_2022.pdf,SBE,Construction_Management,2022,C:/Users/vwan118/Documents/MaoriStudy/CoS-Merged\SBE\Construction_Management\2022\guest_editorial_working_smarter_by_applying_advanced_technologies_in_construction_2022.pdf,"amiri, ara"
371,investigating_the_relationship_between_reworks_and_contractual_claims_2022.pdf,SBE,Construction_Management,2022,C:/Users/vwan118/Documents/MaoriStudy/CoS-Merged\SBE\Construction_Management\2022\investigating_the_relationship_between_reworks_and_contractual_claims_2022.pdf,"ature, pute, uti, rahimi, rii, ture, miri"
372,knowledge_transfer_and_management_in_the_construction_industry_2022.pdf,SBE,Construction_Management,2022,C:/Users/vwan118/Documents/MaoriStudy/CoS-Merged\SBE\Construction_Management\2022\knowledge_transfer_and_management_in_the_construction_industry_2022.pdf,"ature, niu, ata, nonaka, terature, panahi, peruta, nakano, nge, mahura, ere, ure, morana, oere, pone, kamara"
373,lean_and_bim_implementation_barriers_in_new_zealand_construction_practice_2022.pdf,SBE,Construction_Management,2022,C:/Users/vwan118/Documents/MaoriStudy/CoS-Merged\SBE\Construction_Management\2022\lean_and_bim_implementation_barriers_in_new_zealand_construction_practice_2022.pdf,"otautau, teanau, imitate, kainga, noti, mei"
374,new_zealand_public_housing_project_tender_price_forecast_2022.pdf,SBE,Construction_Management,2022,C:/Users/vwan118/Documents/MaoriStudy/CoS-Merged\SBE\Construction_Management\2022\new_zealand_public_housing_project_tender_price_forecast_2022.pdf,"horonuku, aotearoa, makaurau, hou, kāinga, rangahau, rii, ika, kaingaora, tāmaki, pūkenga"
375,prioritising_optimal_underutilised_historical_buildings_for_adaptive_reuse_2022.pdf,SBE,Construction_Management,2022,C:/Users/vwan118/Documents/MaoriStudy/CoS-Merged\SBE\Construction_Management\2022\prioritising_optimal_underutilised_historical_buildings_for_adaptive_reuse_2022.pdf,"tū, toi, hoai, repo, reu, whanganui, heri, pouhere, ea, rohe, otimi, taonga"
376,readability_and_comprehensibility_of_malaysian_construction_contracts_2022.pdf,SBE,Construction_Management,2022,C:/Users/vwan118/Documents/MaoriStudy/CoS-Merged\SBE\Construction_Management\2022\readability_and_comprehensibility_of_malaysian_construction_contracts_2022.pdf,"kato, nee"
377,real_options_analysis_of_revenue_risk_sharing_in_post_disaster_housing_reconstruction_2022.pdf,SBE,Construction_Management,2022,C:/Users/vwan118/Documents/MaoriStudy/CoS-Merged\SBE\Construction_Management\2022\real_options_analysis_of_revenue_risk_sharing_in_post_disaster_housing_reconstruction_2022.pdf,"taheri, ete, murao, roa, nipa"
378,regenerative_public_spend_projects_in_new_zealand_built_environment_2022.pdf,SBE,Construction_Management,2022,C:/Users/vwan118/Documents/MaoriStudy/CoS-Merged\SBE\Construction_Management\2022\regenerative_public_spend_projects_in_new_zealand_built_environment_2022.pdf,"niwa, wai, uti, pape, karangahape, kawakawa, ome, moreo, ine, automa, hokoi, kingi, romero, rouhani, tūāpapa, minima, iate, ea, materi, heine, aama, renene, ene, ree, aotearoa, uoa, motawa, mea, whakatipu, reina, nume, raupo, aotea, iea, tahu, akimoto, iie, pahi, whi, naire, ake, kuwaiti, raha, engineeri, aia, nowehere, opoku, kamakura, hei, tota, hina, ea, reina, motu, pore, patangaroa, nirupama, arataki, hao, operatio, kaingaora, pote, ani, natu, onuki, waimakariri, tumu, maturana, tōpūtanga, mena, oti, ohi, wou, opoku, mutu, amo, kumano, arawomo, runanga, engi, nee, karanga, ena, ope, ara, neingo, tari, iae, eui, kura, ure, akimoto, oriani, ara, maori, ikea, nawi, materia, toitoi, ruta, arora, maki, rani, maeno, epi, porirua, rera, waka, whenua, mana, erino, ete, rieko, whare, hou, oai, mana, ere, nuru, waihanga, aro, whakatipu, ngai, nini, emina, iwi, tae, kāinga, whangaparaoa, raupo, ture, hape, ngowi, ngene, moreno, tania, hao, oraee, hea, tatauranga, nimo, automa, korou, kumi, hoai, kumi, mena, aei, morana, waikato, kotahi, ote, kaupapa, nge, ngowi, repai, rawai, whau, amiri, ahu, pone, niwa, unine, ata, turanga, arou, nonino, ikuma, tii, mee"
379,risk_identification_assessment_and_allocation_in_ppp_projects_2022.pdf,SBE,Construction_Management,2022,C:/Users/vwan118/Documents/MaoriStudy/CoS-Merged\SBE\Construction_Management\2022\risk_identification_assessment_and_allocation_in_ppp_projects_2022.pdf,engi
380,self-rated_motivational_drivers_for_occupant_behaviours_2022.pdf,SBE,Construction_Management,2022,C:/Users/vwan118/Documents/MaoriStudy/CoS-Merged\SBE\Construction_Management\2022\self-rated_motivational_drivers_for_occupant_behaviours_2022.pdf,"iea, otimi"
381,self_reported_occupant_behaviours_and_multi_domain_comfort_preferences_in_new_zealand_tertiary_office_buildings_2022.pdf,SBE,Construction_Management,2022,C:/Users/vwan118/Documents/MaoriStudy/CoS-Merged\SBE\Construction_Management\2022\self_reported_occupant_behaviours_and_multi_domain_comfort_preferences_in_new_zealand_tertiary_office_buildings_2022.pdf,"niwa, wai, uti, pape, karangahape, kawakawa, ome, moreo, ine, automa, hokoi, kingi, romero, rouhani, tūāpapa, minima, iate, ea, materi, heine, aama, renene, ene, ree, aotearoa, uoa, motawa, mea, whakatipu, reina, nume, raupo, aotea, iea, tahu, akimoto, iie, pahi, whi, naire, ake, kuwaiti, raha, engineeri, aia, nowehere, opoku, kamakura, hei, tota, hina, ea, reina, motu, pore, patangaroa, nirupama, arataki, hao, operatio, kaingaora, pote, ani, natu, onuki, waimakariri, tumu, maturana, tōpūtanga, mena, oti, ohi, wou, opoku, mutu, amo, kumano, arawomo, runanga, engi, nee, karanga, ena, ope, ara, neingo, tari, iae, eui, kura, ure, akimoto, oriani, ara, maori, ikea, nawi, materia, toitoi, ruta, arora, maki, rani, maeno, epi, porirua, rera, waka, whenua, mana, erino, ete, rieko, whare, hou, oai, mana, ere, nuru, waihanga, aro, whakatipu, ngai, nini, emina, iwi, tae, kāinga, whangaparaoa, raupo, ture, hape, ngowi, ngene, moreno, tania, hao, oraee, hea, tatauranga, nimo, automa, korou, kumi, hoai, kumi, mena, aei, morana, waikato, kotahi, ote, kaupapa, nge, ngowi, repai, rawai, whau, amiri, ahu, pone, niwa, unine, ata, turanga, arou, nonino, ikuma, tii, mee"
382,statistical_cost_modelling_for_preliminary_stage_cost_estimation_of_infrastructure_projects_2022.pdf,SBE,Construction_Management,2022,C:/Users/vwan118/Documents/MaoriStudy/CoS-Merged\SBE\Construction_Management\2022\statistical_cost_modelling_for_preliminary_stage_cost_estimation_of_infrastructure_projects_2022.pdf,"neuro, neuro, ure, huo"
383,the_challenges_of_land_development_for_housing_provision_in_new_zealand_2022.pdf,SBE,Construction_Management,2022,C:/Users/vwan118/Documents/MaoriStudy/CoS-Merged\SBE\Construction_Management\2022\the_challenges_of_land_development_for_housing_provision_in_new_zealand_2022.pdf,"natio, motu, omoraka, aee, mee, repea, oke, rii, atatu, hone, ture, kometa"
384,the_green_office_environment_2022.pdf,SBE,Construction_Management,2022,C:/Users/vwan118/Documents/MaoriStudy/CoS-Merged\SBE\Construction_Management\2022\the_green_office_environment_2022.pdf,"hea, aori, meroni, mui, ea"
385,towards_adopting_off_site_construction_in_housing_sectors_as_a_potential_source_of_competitive_advantage_for_builders_2022.pdf,SBE,Construction_Management,2022,C:/Users/vwan118/Documents/MaoriStudy/CoS-Merged\SBE\Construction_Management\2022\towards_adopting_off_site_construction_in_housing_sectors_as_a_potential_source_of_competitive_advantage_for_builders_2022.pdf,"nia, ree, ue, ite, automatio, ahuri, riteria, imitate, teria, nawi"
386,towards_sustainable_commercial_buildings_2022.pdf,SBE,Construction_Management,2022,C:/Users/vwan118/Documents/MaoriStudy/CoS-Merged\SBE\Construction_Management\2022\towards_sustainable_commercial_buildings_2022.pdf,
387,toward_improving_capacity_and_capability_of_prefabrication_construction_in_new_zealands_construction_sector_2022.pdf,SBE,Construction_Management,2022,C:/Users/vwan118/Documents/MaoriStudy/CoS-Merged\SBE\Construction_Management\2022\toward_improving_capacity_and_capability_of_prefabrication_construction_in_new_zealands_construction_sector_2022.pdf,"niwa, wai, uti, pape, karangahape, kawakawa, ome, moreo, ine, automa, hokoi, kingi, romero, rouhani, tūāpapa, minima, iate, ea, materi, heine, aama, renene, ene, ree, aotearoa, uoa, motawa, mea, whakatipu, reina, nume, raupo, aotea, iea, tahu, akimoto, iie, pahi, whi, naire, ake, kuwaiti, raha, engineeri, aia, nowehere, opoku, kamakura, hei, tota, hina, ea, reina, motu, pore, patangaroa, nirupama, arataki, hao, operatio, kaingaora, pote, ani, natu, onuki, waimakariri, tumu, maturana, tōpūtanga, mena, oti, ohi, wou, opoku, mutu, amo, kumano, arawomo, runanga, engi, nee, karanga, ena, ope, ara, neingo, tari, iae, eui, kura, ure, akimoto, oriani, ara, maori, ikea, nawi, materia, toitoi, ruta, arora, maki, rani, maeno, epi, porirua, rera, waka, whenua, mana, erino, ete, rieko, whare, hou, oai, mana, ere, nuru, waihanga, aro, whakatipu, ngai, nini, emina, iwi, tae, kāinga, whangaparaoa, raupo, ture, hape, ngowi, ngene, moreno, tania, hao, oraee, hea, tatauranga, nimo, automa, korou, kumi, hoai, kumi, mena, aei, morana, waikato, kotahi, ote, kaupapa, nge, ngowi, repai, rawai, whau, amiri, ahu, pone, niwa, unine, ata, turanga, arou, nonino, ikuma, tii, mee"
388,transaction_cost_of_offsite_construction_2022.pdf,SBE,Construction_Management,2022,C:/Users/vwan118/Documents/MaoriStudy/CoS-Merged\SBE\Construction_Management\2022\transaction_cost_of_offsite_construction_2022.pdf,"engi, mana, hou, naire"
389,understanding_the_factors_affecting_accuracy_of_new_zealand_public_housing_project_tender_price_2022.pdf,SBE,Construction_Management,2022,C:/Users/vwan118/Documents/MaoriStudy/CoS-Merged\SBE\Construction_Management\2022\understanding_the_factors_affecting_accuracy_of_new_zealand_public_housing_project_tender_price_2022.pdf,"niwa, wai, uti, pape, karangahape, kawakawa, ome, moreo, ine, automa, hokoi, kingi, romero, rouhani, tūāpapa, minima, iate, ea, materi, heine, aama, renene, ene, ree, aotearoa, uoa, motawa, mea, whakatipu, reina, nume, raupo, aotea, iea, tahu, akimoto, iie, pahi, whi, naire, ake, kuwaiti, raha, engineeri, aia, nowehere, opoku, kamakura, hei, tota, hina, ea, reina, motu, pore, patangaroa, nirupama, arataki, hao, operatio, kaingaora, pote, ani, natu, onuki, waimakariri, tumu, maturana, tōpūtanga, mena, oti, ohi, wou, opoku, mutu, amo, kumano, arawomo, runanga, engi, nee, karanga, ena, ope, ara, neingo, tari, iae, eui, kura, ure, akimoto, oriani, ara, maori, ikea, nawi, materia, toitoi, ruta, arora, maki, rani, maeno, epi, porirua, rera, waka, whenua, mana, erino, ete, rieko, whare, hou, oai, mana, ere, nuru, waihanga, aro, whakatipu, ngai, nini, emina, iwi, tae, kāinga, whangaparaoa, raupo, ture, hape, ngowi, ngene, moreno, tania, hao, oraee, hea, tatauranga, nimo, automa, korou, kumi, hoai, kumi, mena, aei, morana, waikato, kotahi, ote, kaupapa, nge, ngowi, repai, rawai, whau, amiri, ahu, pone, niwa, unine, ata, turanga, arou, nonino, ikuma, tii, mee"
390,factors_influencing_the_accuracy_of_pre_contract_stage_estimation_of_final_contract_price_in_new_zealand_2014.pdf,SBE,Quantity_Surveying,2014,C:/Users/vwan118/Documents/MaoriStudy/CoS-Merged\SBE\Quantity_Surveying\2014\factors_influencing_the_accuracy_of_pre_contract_stage_estimation_of_final_contract_price_in_new_zealand_2014.pdf,"imi, aina, rii, ure, aini, apa"
391,prefab_content_versus_cost_and_time_savings_in_construction_projects_2014.pdf,SBE,Quantity_Surveying,2014,C:/Users/vwan118/Documents/MaoriStudy/CoS-Merged\SBE\Quantity_Surveying\2014\prefab_content_versus_cost_and_time_savings_in_construction_projects_2014.pdf,"hao, kiwi, ngowi, ite, atite, hera"
392,assessment_of_the_impact_of_complex_healthcare_features_on_construction_waste_generation_2015.pdf,SBE,Quantity_Surveying,2015,C:/Users/vwan118/Documents/MaoriStudy/CoS-Merged\SBE\Quantity_Surveying\2015\assessment_of_the_impact_of_complex_healthcare_features_on_construction_waste_generation_2015.pdf,"ope, mana, minimi, hea, ere, minimi, ori, ture, tota, nationa, nao, natu"
393,marginal_productivity_gained_through_prefabrication_2015.pdf,SBE,Quantity_Surveying,2015,C:/Users/vwan118/Documents/MaoriStudy/CoS-Merged\SBE\Quantity_Surveying\2015\marginal_productivity_gained_through_prefabrication_2015.pdf,"uate, kiwi, parame, ipi, hana, poo, pii"
394,post_disaster_construction_waste_management_strategies_2016.pdf,SBE,Quantity_Surveying,2016,C:/Users/vwan118/Documents/MaoriStudy/CoS-Merged\SBE\Quantity_Surveying\2016\post_disaster_construction_waste_management_strategies_2016.pdf,"nuno, hao, iaee, eeri, temitope, unu"
395,a_better_modelling_and_assessment_of_key_factors_affecting_cost_performance_of_building_projects_2017.pdf,SBE,Quantity_Surveying,2017,C:/Users/vwan118/Documents/MaoriStudy/CoS-Merged\SBE\Quantity_Surveying\2017\a_better_modelling_and_assessment_of_key_factors_affecting_cost_performance_of_building_projects_2017.pdf,"eee, apa, hui, neupane, huma, iteratio"
396,canterbury_earthquake_construction_and_demolition_waste_management_2017.pdf,SBE,Quantity_Surveying,2017,C:/Users/vwan118/Documents/MaoriStudy/CoS-Merged\SBE\Quantity_Surveying\2017\canterbury_earthquake_construction_and_demolition_waste_management_2017.pdf,"ine, totake, hao, amore, kawamoto"
397,exploratory_factors_influencing_building_development_costs_in_new_zealand_2017.pdf,SBE,Quantity_Surveying,2017,C:/Users/vwan118/Documents/MaoriStudy/CoS-Merged\SBE\Quantity_Surveying\2017\exploratory_factors_influencing_building_development_costs_in_new_zealand_2017.pdf,"motu, oke, porirua, marome, kataria"
398,exploratory_factors_influencing_building_development_costs_in_new_zealand_using_sem_2017.pdf,SBE,Quantity_Surveying,2017,C:/Users/vwan118/Documents/MaoriStudy/CoS-Merged\SBE\Quantity_Surveying\2017\exploratory_factors_influencing_building_development_costs_in_new_zealand_using_sem_2017.pdf,"marome, porirua, kataria"
399,earthquake_damage_estimation_systems_2018.pdf,SBE,Quantity_Surveying,2018,C:/Users/vwan118/Documents/MaoriStudy/CoS-Merged\SBE\Quantity_Surveying\2018\earthquake_damage_estimation_systems_2018.pdf,"mote, oteha, mone, rohe"
400,effective_property_maintenance_management_for_state-schools_in_new_zealand_2019.pdf,SBE,Quantity_Surveying,2019,C:/Users/vwan118/Documents/MaoriStudy/CoS-Merged\SBE\Quantity_Surveying\2019\effective_property_maintenance_management_for_state-schools_in_new_zealand_2019.pdf,"ata, hoai, uri, mei, ure"
401,barriers_and_enablers_for_supply_chain_integration_in_prefabricated_elements_manufacturing_in_new_zealand_2020.pdf,SBE,Quantity_Surveying,2020,C:/Users/vwan118/Documents/MaoriStudy/CoS-Merged\SBE\Quantity_Surveying\2020\barriers_and_enablers_for_supply_chain_integration_in_prefabricated_elements_manufacturing_in_new_zealand_2020.pdf,"repetiti, manu"
402,climate_change_adaptation_in_new_zealands_building_sector_2020.pdf,SBE,Quantity_Surveying,2020,C:/Users/vwan118/Documents/MaoriStudy/CoS-Merged\SBE\Quantity_Surveying\2020\climate_change_adaptation_in_new_zealands_building_sector_2020.pdf,"kotuitui, aotearoa, ange, hea, nge, kapiti"
403,factors_impacting_post_earthquake_damage_repair_cost_estimations_2020.pdf,SBE,Quantity_Surveying,2020,C:/Users/vwan118/Documents/MaoriStudy/CoS-Merged\SBE\Quantity_Surveying\2020\factors_impacting_post_earthquake_damage_repair_cost_estimations_2020.pdf,"kaikoura, repai, repa, rame"
404,building_and_property_management_framework_for_state_schools_in_new_zealand_2021.pdf,SBE,Quantity_Surveying,2021,C:/Users/vwan118/Documents/MaoriStudy/CoS-Merged\SBE\Quantity_Surveying\2021\building_and_property_management_framework_for_state_schools_in_new_zealand_2021.pdf,"mana, hoai, ooperate, rame, repo"
405,construction_waste_modelling_for_residential_construction_projects_in_new_zealand_to_enhance_design_outcomes_2021.pdf,SBE,Quantity_Surveying,2021,C:/Users/vwan118/Documents/MaoriStudy/CoS-Merged\SBE\Quantity_Surveying\2021\construction_waste_modelling_for_residential_construction_projects_in_new_zealand_to_enhance_design_outcomes_2021.pdf,"rohani, merino, roo, mape, ea, whe"
406,earthquake_damage_repair_loss_estimation_in_new_zealand_2021.pdf,SBE,Quantity_Surveying,2021,C:/Users/vwan118/Documents/MaoriStudy/CoS-Merged\SBE\Quantity_Surveying\2021\earthquake_damage_repair_loss_estimation_in_new_zealand_2021.pdf,"kaikoura, kaka, rii, porirua, moroni"
407,reconstruction_technologies_2021.pdf,SBE,Quantity_Surveying,2021,C:/Users/vwan118/Documents/MaoriStudy/CoS-Merged\SBE\Quantity_Surveying\2021\reconstruction_technologies_2021.pdf,"wai, otieno, wheniwo, aone, tute, tarawa, noname, eate, wairire, ome, heui, okie, aiaa, marouani, imi, uo, ine, tinue, ue, hiera, romero, hamani, monotone, meho, ea, keane, ree, aotearoa, hamani, uture, mora, nee, manu, morote, awa, amano, mea, iterature, haapio, huotari, opoko, ewee, omari, iea, ime, oke, engineeri, whi, pare, nawari, naire, hauari, kuwaiti, matiko, kao, ato, opoku, tota, kie, hina, ea, hange, mota, hirotaka, niu, miki, wipo, enau, onuiri, pareto, merino, nati, kaikoura, hao, operatio, aaramaa, ani, huo, emanate, natu, otero, aera, uate, ature, pereiro, makaurau, maree, piaia, kuroki, tato, mena, uoe, ahuri, oni, wou, ito, amo, amou, imota, inaotearoa, wea, ope, awarene, moreau, murota, nee, anu, nonaka, rau, roo, ike, mau, rii, oraee, ena, peo, ope, mura, ara, mena, pii, ua, taiwo, oea, memari, topi, makua, mata, ure, ara, pena, ikea, nawi, enge, emotio, wome, perio, arora, arango, riteria, imitate, ame, tanimoto, karia, moreno, tuto, henao, amara, enginee, mana, ani, hau, kau, hou, enu, kaka, arewa, mana, ere, minimi, operationa, merino, akomea, humanika, toria, muna, akure, wha, ngai, mahao, moreira, erature, ite, pipitone, reu, mote, riana, pereiro, wuni, ture, karia, initi, maina, tanimoto, piore, rahi, toone, tamaki, pio, nieto, nakamoto, oraee, hao, wate, parate, nimo, tamara, papaoikonomou, hone, mutereko, kumari, mei, iture, whoweare, hamari, mata, arau, minimi, kumi, manoe, hera, mena, aei, onu, eoi, makua, ite, tapia, terature, kotera, miro, automatio, hou, pati, ata, aeo, eea, kamei, enario, ani, ikuma, initia, meo"
408,sustainable_refurbishment_for_school_buildings_2021.PDF,SBE,Quantity_Surveying,2021,C:/Users/vwan118/Documents/MaoriStudy/CoS-Merged\SBE\Quantity_Surveying\2021\sustainable_refurbishment_for_school_buildings_2021.PDF,"iea, tupenaite, nawari"
409,towards_zero_carbon_building_refurbishment_2021.pdf,SBE,Quantity_Surveying,2021,C:/Users/vwan118/Documents/MaoriStudy/CoS-Merged\SBE\Quantity_Surveying\2021\towards_zero_carbon_building_refurbishment_2021.pdf,"porirua, kamari"
410,zero_carbon_building_practices_in_aotearoa_new_zealand_2021.pdf,SBE,Quantity_Surveying,2021,C:/Users/vwan118/Documents/MaoriStudy/CoS-Merged\SBE\Quantity_Surveying\2021\zero_carbon_building_practices_in_aotearoa_new_zealand_2021.pdf,"aotearoa, toitu, hou, iea, riahi, rati, porirua"
411,challenges_to_zero_carbon_refurbishment_of_existing_buildings_in_new_zealand_2022.pdf,SBE,Quantity_Surveying,2022,C:/Users/vwan118/Documents/MaoriStudy/CoS-Merged\SBE\Quantity_Surveying\2022\challenges_to_zero_carbon_refurbishment_of_existing_buildings_in_new_zealand_2022.pdf,"ani, kamari, porirua, aotearoa"
412,conceptualising_a_framework_for_construction_sector_capacity_2022.pdf,SBE,Quantity_Surveying,2022,C:/Users/vwan118/Documents/MaoriStudy/CoS-Merged\SBE\Quantity_Surveying\2022\conceptualising_a_framework_for_construction_sector_capacity_2022.pdf,"nani, hoai"
413,construction_industry_classification_systems_2022.pdf,SBE,Quantity_Surveying,2022,C:/Users/vwan118/Documents/MaoriStudy/CoS-Merged\SBE\Quantity_Surveying\2022\construction_industry_classification_systems_2022.pdf,"ekawati, hoai"
414,developing_a_framework_for_construction_sector_capacity_2022.pdf,SBE,Quantity_Surveying,2022,C:/Users/vwan118/Documents/MaoriStudy/CoS-Merged\SBE\Quantity_Surveying\2022\developing_a_framework_for_construction_sector_capacity_2022.pdf,"nani, hoai"
415,embodied_energy_consumption_in_the_residential_sector_2022.pdf,SBE,Quantity_Surveying,2022,C:/Users/vwan118/Documents/MaoriStudy/CoS-Merged\SBE\Quantity_Surveying\2022\embodied_energy_consumption_in_the_residential_sector_2022.pdf,"ukia, tiwari, makaremi, nakata, pareto, teama, opine, morini"
416,maturity_model_of_building_maintenance_management_for_new_zealands_state_schools_2022.pdf,SBE,Quantity_Surveying,2022,C:/Users/vwan118/Documents/MaoriStudy/CoS-Merged\SBE\Quantity_Surveying\2022\maturity_model_of_building_maintenance_management_for_new_zealands_state_schools_2022.pdf,"nita, moreu, auni, hoai, aire, maturi, nio, erature, mota"
417,new_zealand_public_housing_project_tender_price_forecast_2022.pdf,SBE,Quantity_Surveying,2022,C:/Users/vwan118/Documents/MaoriStudy/CoS-Merged\SBE\Quantity_Surveying\2022\new_zealand_public_housing_project_tender_price_forecast_2022.pdf,"horonuku, aotearoa, makaurau, hou, kāinga, rangahau, rii, ika, kaingaora, tāmaki, pūkenga"
418,statistical_cost_modelling_for_preliminary_stage_cost_estimation_of_infrastructure_projects_2022.pdf,SBE,Quantity_Surveying,2022,C:/Users/vwan118/Documents/MaoriStudy/CoS-Merged\SBE\Quantity_Surveying\2022\statistical_cost_modelling_for_preliminary_stage_cost_estimation_of_infrastructure_projects_2022.pdf,"neuro, neuro, ure, huo"
419,strategic_collaboration_in_managing_existing_buildings_in_new_zealands_state_schools_2022.pdf,SBE,Quantity_Surveying,2022,C:/Users/vwan118/Documents/MaoriStudy/CoS-Merged\SBE\Quantity_Surveying\2022\strategic_collaboration_in_managing_existing_buildings_in_new_zealands_state_schools_2022.pdf,"manu, hoai"
420,towards_effective_implementation_of_carbon_reduction_strategies_in_construction_procurement_2022.pdf,SBE,Quantity_Surveying,2022,C:/Users/vwan118/Documents/MaoriStudy/CoS-Merged\SBE\Quantity_Surveying\2022\towards_effective_implementation_of_carbon_reduction_strategies_in_construction_procurement_2022.pdf,"aotearoa, omani"
421,towards_zero_carbon_buildings_2022.pdf,SBE,Quantity_Surveying,2022,C:/Users/vwan118/Documents/MaoriStudy/CoS-Merged\SBE\Quantity_Surveying\2022\towards_zero_carbon_buildings_2022.pdf,"aotearoa, riahi, porirua, hopeto"
422,zero_carbon_refurbishment_for_existing_buildings_2022.pdf,SBE,Quantity_Surveying,2022,C:/Users/vwan118/Documents/MaoriStudy/CoS-Merged\SBE\Quantity_Surveying\2022\zero_carbon_refurbishment_for_existing_buildings_2022.pdf,"aotearoa, mora, ero, ite, iea, romero, riahi, mauro, porirua, roa, teni, mui, otero"
423,an_agent_based_model_of_the_battle_of_Isandlwana_2012.pdf,SMCS,Computer Science,2012,C:/Users/vwan118/Documents/MaoriStudy/CoS-Merged\SMCS\Computer Science\2012\an_agent_based_model_of_the_battle_of_Isandlwana_2012.pdf,pura
424,an_approach_to_parallel_class_expression_learning_2012.pdf,SMCS,Computer Science,2012,C:/Users/vwan118/Documents/MaoriStudy/CoS-Merged\SMCS\Computer Science\2012\an_approach_to_parallel_class_expression_learning_2012.pdf,"iea, whi, aie, mea"
425,applying_a_framework_to_evaluate_assignment_marking_software_2012.pdf,SMCS,Computer Science,2012,C:/Users/vwan118/Documents/MaoriStudy/CoS-Merged\SMCS\Computer Science\2012\applying_a_framework_to_evaluate_assignment_marking_software_2012.pdf,"ako, pai, aotearoa"
426,automatic_stress_exaggeration_by_prosody_modification_to_assist_language_learners_perceive_sentence_stress_2012.pdf,SMCS,Computer Science,2012,C:/Users/vwan118/Documents/MaoriStudy/CoS-Merged\SMCS\Computer Science\2012\automatic_stress_exaggeration_by_prosody_modification_to_assist_language_learners_perceive_sentence_stress_2012.pdf,"mora, imitate, makuhari"
427,a_robust_joint_face_model_for_human_emotion_recognition_2012.pdf,SMCS,Computer Science,2012,C:/Users/vwan118/Documents/MaoriStudy/CoS-Merged\SMCS\Computer Science\2012\a_robust_joint_face_model_for_human_emotion_recognition_2012.pdf,inieee
428,gestural_control_of_household_appliances_for_the_physically_impaired_2012.pdf,SMCS,Computer Science,2012,C:/Users/vwan118/Documents/MaoriStudy/CoS-Merged\SMCS\Computer Science\2012\gestural_control_of_household_appliances_for_the_physically_impaired_2012.pdf,"wii, mori, wii"
429,graph_oriented_learning_via_automatic_group_sparsity_for_data_analysis_2012.pdf,SMCS,Computer Science,2012,C:/Users/vwan118/Documents/MaoriStudy/CoS-Merged\SMCS\Computer Science\2012\graph_oriented_learning_via_automatic_group_sparsity_for_data_analysis_2012.pdf,"ote, nene"
430,knowledge_representation_and_reasoning_for_sensory_rich_smart_environments_to_support_independent_living_2012.pdf,SMCS,Computer Science,2012,C:/Users/vwan118/Documents/MaoriStudy/CoS-Merged\SMCS\Computer Science\2012\knowledge_representation_and_reasoning_for_sensory_rich_smart_environments_to_support_independent_living_2012.pdf,"tare, itemi, tapia, itemi, wheni, poma, hani, kuo, pare, nakamura, aina, oiare, atio"
431,methodologies_for_qualitative_spatial_and_temporal_reasoning_application_design_2012.pdf,SMCS,Computer Science,2012,C:/Users/vwan118/Documents/MaoriStudy/CoS-Merged\SMCS\Computer Science\2012\methodologies_for_qualitative_spatial_and_temporal_reasoning_application_design_2012.pdf,"engi, enario, enumerate, ure, ano"
432,mining_bridging_rules_between_conceptual_clusters_2012.pdf,SMCS,Computer Science,2012,C:/Users/vwan118/Documents/MaoriStudy/CoS-Merged\SMCS\Computer Science\2012\mining_bridging_rules_between_conceptual_clusters_2012.pdf,"areno, tuatara, iri"
433,multi_phase_updating_2012.pdf,SMCS,Computer Science,2012,C:/Users/vwan118/Documents/MaoriStudy/CoS-Merged\SMCS\Computer Science\2012\multi_phase_updating_2012.pdf,"automata, automata, aia"
434,pathways_for_improving_support_for_the_electronic_management_and_marking_of_assignments_2012.pdf,SMCS,Computer Science,2012,C:/Users/vwan118/Documents/MaoriStudy/CoS-Merged\SMCS\Computer Science\2012\pathways_for_improving_support_for_the_electronic_management_and_marking_of_assignments_2012.pdf,"pai, aotearoa, akoaotearoa, akoaotearoa, ako"
435,simulating_anaesthetic_effects_on_a_network_of_spiking_neurons_with_graphics_processing_units_2012.pdf,SMCS,Computer Science,2012,C:/Users/vwan118/Documents/MaoriStudy/CoS-Merged\SMCS\Computer Science\2012\simulating_anaesthetic_effects_on_a_network_of_spiking_neurons_with_graphics_processing_units_2012.pdf,ito
436,simulating_the_generalised_spatial_lotka_volterra_equations_with_multiple_species_on_gpus_with_automatic_code_generation_2012.pdf,SMCS,Computer Science,2012,C:/Users/vwan118/Documents/MaoriStudy/CoS-Merged\SMCS\Computer Science\2012\simulating_the_generalised_spatial_lotka_volterra_equations_with_multiple_species_on_gpus_with_automatic_code_generation_2012.pdf,automata
437,solving_the_traveling_tournament_problem_with_iterative_deepening_a_2012.pdf,SMCS,Computer Science,2012,C:/Users/vwan118/Documents/MaoriStudy/CoS-Merged\SMCS\Computer Science\2012\solving_the_traveling_tournament_problem_with_iterative_deepening_a_2012.pdf,
438,spatio_temporal_footprints_2012.pdf,SMCS,Computer Science,2012,C:/Users/vwan118/Documents/MaoriStudy/CoS-Merged\SMCS\Computer Science\2012\spatio_temporal_footprints_2012.pdf,"tapia, weeke, ime, mea"
439,the_role_of_institutions_in_creating_student_focused_virtual_learning_spaces_with_eportfolio_systems_2012.pdf,SMCS,Computer Science,2012,C:/Users/vwan118/Documents/MaoriStudy/CoS-Merged\SMCS\Computer Science\2012\the_role_of_institutions_in_creating_student_focused_virtual_learning_spaces_with_eportfolio_systems_2012.pdf,
440,two_way_parallel_class_expression_learning_2012.pdf,SMCS,Computer Science,2012,C:/Users/vwan118/Documents/MaoriStudy/CoS-Merged\SMCS\Computer Science\2012\two_way_parallel_class_expression_learning_2012.pdf,"hoi, ini"
441,adaptive_support_framework_for_wisdom_web_of_things_2013.pdf,SMCS,Computer Science,2013,C:/Users/vwan118/Documents/MaoriStudy/CoS-Merged\SMCS\Computer Science\2013\adaptive_support_framework_for_wisdom_web_of_things_2013.pdf,"rete, pui, reteoo"
442,an_approach_to_numeric_refinement_in_description_logic_learning_for_learning_activities_duration_in_smart_homes_2013.pdf,SMCS,Computer Science,2013,C:/Users/vwan118/Documents/MaoriStudy/CoS-Merged\SMCS\Computer Science\2013\an_approach_to_numeric_refinement_in_description_logic_learning_for_learning_activities_duration_in_smart_homes_2013.pdf,"irani, tapia"
443,a_fuzzy_set_approach_to_representing_spatio_temporal_and_environmental_context_2013.pdf,SMCS,Computer Science,2013,C:/Users/vwan118/Documents/MaoriStudy/CoS-Merged\SMCS\Computer Science\2013\a_fuzzy_set_approach_to_representing_spatio_temporal_and_environmental_context_2013.pdf,"ine, tapia, riate"
444,computational_analysis_of_emotion_dynamics_2013.pdf,SMCS,Computer Science,2013,C:/Users/vwan118/Documents/MaoriStudy/CoS-Merged\SMCS\Computer Science\2013\computational_analysis_of_emotion_dynamics_2013.pdf,"humaine, apa"
445,emergent_system_effects_from_microscopic_evasion_choices_in_a_predator_prey_simulation_2013.pdf,SMCS,Computer Science,2013,C:/Users/vwan118/Documents/MaoriStudy/CoS-Merged\SMCS\Computer Science\2013\emergent_system_effects_from_microscopic_evasion_choices_in_a_predator_prey_simulation_2013.pdf,"numero, mutate"
446,forecasting_the_behavior_of_an_elderly_using_wireless_sensors_data_in_a_smart_home_2013.pdf,SMCS,Computer Science,2013,C:/Users/vwan118/Documents/MaoriStudy/CoS-Merged\SMCS\Computer Science\2013\forecasting_the_behavior_of_an_elderly_using_wireless_sensors_data_in_a_smart_home_2013.pdf,"tapia, wanga, oai, pai, romero, nouri, noti"
447,from_object_recognition_to_activity_interpretation_and_back_based_on_point_cloud_data_2013.pdf,SMCS,Computer Science,2013,C:/Users/vwan118/Documents/MaoriStudy/CoS-Merged\SMCS\Computer Science\2013\from_object_recognition_to_activity_interpretation_and_back_based_on_point_cloud_data_2013.pdf,tapia
448,human_behavior_recognition_technologies_2013.pdf,SMCS,Computer Science,2013,C:/Users/vwan118/Documents/MaoriStudy/CoS-Merged\SMCS\Computer Science\2013\human_behavior_recognition_technologies_2013.pdf,"paa, inanimate, uai, epia, punie, pone, ereira"
449,interpreting_observed_action_2013.pdf,SMCS,Computer Science,2013,C:/Users/vwan118/Documents/MaoriStudy/CoS-Merged\SMCS\Computer Science\2013\interpreting_observed_action_2013.pdf,"ewi, ua, nono, marieke, weka, onetime, oneo, kooi, ine, hoare, weka, iwamura, nakai, pape, automata, ionita, waikato, mora, heiko, nii, humanaware, kaiuwe, automata, maike, pone, ina, keio, wii, animate, mari, aina, tomohiro"
450,introducing_a_gestation_period_of_time_delayed_benefit_into_an_animat_based_artificial_life_model_2013.pdf,SMCS,Computer Science,2013,C:/Users/vwan118/Documents/MaoriStudy/CoS-Merged\SMCS\Computer Science\2013\introducing_a_gestation_period_of_time_delayed_benefit_into_an_animat_based_artificial_life_model_2013.pdf,
451,modelling_predator_camouflage_behaviour_and_tradeoffs_in_an_agent_based_animat_model_2013.pdf,SMCS,Computer Science,2013,C:/Users/vwan118/Documents/MaoriStudy/CoS-Merged\SMCS\Computer Science\2013\modelling_predator_camouflage_behaviour_and_tradeoffs_in_an_agent_based_animat_model_2013.pdf,
452,online_selective_kernel_based_temporal_difference_learning_2013.pdf,SMCS,Computer Science,2013,C:/Users/vwan118/Documents/MaoriStudy/CoS-Merged\SMCS\Computer Science\2013\online_selective_kernel_based_temporal_difference_learning_2013.pdf,"tare, ine, aputo, puto, maei, wiewiora, amore, hina, mii"
453,recommendations_to_university_managers_for_facilitating_engagement_of_academics_with_teaching_2013.pdf,SMCS,Computer Science,2013,C:/Users/vwan118/Documents/MaoriStudy/CoS-Merged\SMCS\Computer Science\2013\recommendations_to_university_managers_for_facilitating_engagement_of_academics_with_teaching_2013.pdf,hoi
454,statistical_modelling_of_complex_emotions_using_mixture_of_von_mises_distributions_2013.pdf,SMCS,Computer Science,2013,C:/Users/vwan118/Documents/MaoriStudy/CoS-Merged\SMCS\Computer Science\2013\statistical_modelling_of_complex_emotions_using_mixture_of_von_mises_distributions_2013.pdf,"humaine, animate, nakano, apa"
455,teaching_groups_as_contexts_for_learning_about_teaching_in_higher_education_2013.pdf,SMCS,Computer Science,2013,C:/Users/vwan118/Documents/MaoriStudy/CoS-Merged\SMCS\Computer Science\2013\teaching_groups_as_contexts_for_learning_about_teaching_in_higher_education_2013.pdf,
456,transductive_cost_sensitive_lung_cancer_image_classification_2013.pdf,SMCS,Computer Science,2013,C:/Users/vwan118/Documents/MaoriStudy/CoS-Merged\SMCS\Computer Science\2013\transductive_cost_sensitive_lung_cancer_image_classification_2013.pdf,"tiwari, anieto, toriwaki, ua, mori, perona, iea, aie, eare, ona"
457,enhancing_competence_and_autonomy_in_computer_based_instruction_using_a_skill_challenge_balancing_strategy_2014.pdf,SMCS,Computer Science,2014,C:/Users/vwan118/Documents/MaoriStudy/CoS-Merged\SMCS\Computer Science\2014\enhancing_competence_and_autonomy_in_computer_based_instruction_using_a_skill_challenge_balancing_strategy_2014.pdf,
458,feature_selection_for_least_squares_projection_twin_support_vector_machine_2014.pdf,SMCS,Computer Science,2014,C:/Users/vwan118/Documents/MaoriStudy/CoS-Merged\SMCS\Computer Science\2014\feature_selection_for_least_squares_projection_twin_support_vector_machine_2014.pdf,"mika, pima"
459,gaussian_process_based_real_time_ground_segmentation_for_autonomous_land_vehicles_2014.pdf,SMCS,Computer Science,2014,C:/Users/vwan118/Documents/MaoriStudy/CoS-Merged\SMCS\Computer Science\2014\gaussian_process_based_real_time_ground_segmentation_for_autonomous_land_vehicles_2014.pdf,"opi, ope, ine, whe, parame, ite, hemakumara, noname, ere, ome, mea, hina, ea, iteratio"
460,graph_based_learning_via_auto_grouped_sparse_regularization_and_kernelized_extension_2014.pdf,SMCS,Computer Science,2014,C:/Users/vwan118/Documents/MaoriStudy/CoS-Merged\SMCS\Computer Science\2014\graph_based_learning_via_auto_grouped_sparse_regularization_and_kernelized_extension_2014.pdf,
461,prca_a_parallel_relational_concept_analysis_framework_2014.pdf,SMCS,Computer Science,2014,C:/Users/vwan118/Documents/MaoriStudy/CoS-Merged\SMCS\Computer Science\2014\prca_a_parallel_relational_concept_analysis_framework_2014.pdf,"hine, pio, hao, ao, ome, tare, wupe, ue, kare, romano, mika, roume, noti, minima, iare, moreo, ote, ature, enierie, ere, enumerate, eature, nauka, wherei, rami, hapire, uta, ipiranga, uwere, kourie, kii, rouane, ariate, nge"
462,towards_using_relevant_collegial_contexts_for_academic_development_2014.pdf,SMCS,Computer Science,2014,C:/Users/vwan118/Documents/MaoriStudy/CoS-Merged\SMCS\Computer Science\2014\towards_using_relevant_collegial_contexts_for_academic_development_2014.pdf,areaone
463,unsupervised_discriminant_canonical_correlation_analysis_for_feature_fusion_2014.pdf,SMCS,Computer Science,2014,C:/Users/vwan118/Documents/MaoriStudy/CoS-Merged\SMCS\Computer Science\2014\unsupervised_discriminant_canonical_correlation_analysis_for_feature_fusion_2014.pdf,ori
464,assessment_of_students_cognitive_affective_states_in_learning_within_a_computer_based_environment_effects_on_performance_2015.pdf,SMCS,Computer Science,2015,C:/Users/vwan118/Documents/MaoriStudy/CoS-Merged\SMCS\Computer Science\2015\assessment_of_students_cognitive_affective_states_in_learning_within_a_computer_based_environment_effects_on_performance_2015.pdf,"utara, ine, ano"
465,a_fuzzy_set_approach_to_expressing_preferences_in_spatial_reasoning_2015.pdf,SMCS,Computer Science,2015,C:/Users/vwan118/Documents/MaoriStudy/CoS-Merged\SMCS\Computer Science\2015\a_fuzzy_set_approach_to_expressing_preferences_in_spatial_reasoning_2015.pdf,aaaaaaaaa
466,a_practitioners_guide_to_learning_analytics_2015.pdf,SMCS,Computer Science,2015,C:/Users/vwan118/Documents/MaoriStudy/CoS-Merged\SMCS\Computer Science\2015\a_practitioners_guide_to_learning_analytics_2015.pdf,uoa
467,can_learning_analytics_provide_useful_insights_2015.pdf,SMCS,Computer Science,2015,C:/Users/vwan118/Documents/MaoriStudy/CoS-Merged\SMCS\Computer Science\2015\can_learning_analytics_provide_useful_insights_2015.pdf,materia
468,identifying_teaching_groups_as_a_basis_for_academic_development_2015.pdf,SMCS,Computer Science,2015,C:/Users/vwan118/Documents/MaoriStudy/CoS-Merged\SMCS\Computer Science\2015\identifying_teaching_groups_as_a_basis_for_academic_development_2015.pdf,areaone
469,spatial_health_systems_2015.pdf,SMCS,Computer Science,2015,C:/Users/vwan118/Documents/MaoriStudy/CoS-Merged\SMCS\Computer Science\2015\spatial_health_systems_2015.pdf,"inamura, miao, wimo, tapia, amini, runge, ihi, maki, mauro, kurata, teri, ito, toto"
470,towards_an_agent_based_simulation_of_predators_developing_a_search_image_2015.pdf,SMCS,Computer Science,2015,C:/Users/vwan118/Documents/MaoriStudy/CoS-Merged\SMCS\Computer Science\2015\towards_an_agent_based_simulation_of_predators_developing_a_search_image_2015.pdf,"mutate, numero, rateto, eatinga"
471,an_argument_for_research_significance_2016.pdf,SMCS,Computer Science,2016,C:/Users/vwan118/Documents/MaoriStudy/CoS-Merged\SMCS\Computer Science\2016\an_argument_for_research_significance_2016.pdf,
472,a_question_of_ethics_2016.pdf,SMCS,Computer Science,2016,C:/Users/vwan118/Documents/MaoriStudy/CoS-Merged\SMCS\Computer Science\2016\a_question_of_ethics_2016.pdf,ata
473,a_supervised_learning_approach_for_behaviour_recognition_in_smart_homes_2016.pdf,SMCS,Computer Science,2016,C:/Users/vwan118/Documents/MaoriStudy/CoS-Merged\SMCS\Computer Science\2016\a_supervised_learning_approach_for_behaviour_recognition_in_smart_homes_2016.pdf,"tare, ure, tapia, ato"
474,a_web-based_environment_to_teach_introductory_programming_based_on_a_bi-directional_layered_notional_machine_2016.pdf,SMCS,Computer Science,2016,C:/Users/vwan118/Documents/MaoriStudy/CoS-Merged\SMCS\Computer Science\2016\a_web-based_environment_to_teach_introductory_programming_based_on_a_bi-directional_layered_notional_machine_2016.pdf,noti
475,bring_your_own_devices_classroom_2016.pdf,SMCS,Computer Science,2016,C:/Users/vwan118/Documents/MaoriStudy/CoS-Merged\SMCS\Computer Science\2016\bring_your_own_devices_classroom_2016.pdf,"teo, ioe, tauranga, toone"
476,from_tinkering_to_systemic_change_2016.pdf,SMCS,Computer Science,2016,C:/Users/vwan118/Documents/MaoriStudy/CoS-Merged\SMCS\Computer Science\2016\from_tinkering_to_systemic_change_2016.pdf,"ena, ongoi"
477,geospatial_reasoning_with_open_data_2016.pdf,SMCS,Computer Science,2016,C:/Users/vwan118/Documents/MaoriStudy/CoS-Merged\SMCS\Computer Science\2016\geospatial_reasoning_with_open_data_2016.pdf,"eperimete, topoi, rahimi, heu, mea, orewa"
478,group_based_alternating_direction_method_of_multipliers_for_distributed_linear_classification_2016.pdf,SMCS,Computer Science,2016,C:/Users/vwan118/Documents/MaoriStudy/CoS-Merged\SMCS\Computer Science\2016\group_based_alternating_direction_method_of_multipliers_for_distributed_linear_classification_2016.pdf,"huihui, teo, wito, uki, hou, huihui"
479,likelihood_field_model_based_dynamic_vehicle_detection_and_tracking_for_self_driving_2016.pdf,SMCS,Computer Science,2016,C:/Users/vwan118/Documents/MaoriStudy/CoS-Merged\SMCS\Computer Science\2016\likelihood_field_model_based_dynamic_vehicle_detection_and_tracking_for_self_driving_2016.pdf,"tare, otare, ine, iia, iare, eee, whereia"
480,model_structure_optimisation_in_lattice_oriented_agent_based_models_2016.pdf,SMCS,Computer Science,2016,C:/Users/vwan118/Documents/MaoriStudy/CoS-Merged\SMCS\Computer Science\2016\model_structure_optimisation_in_lattice_oriented_agent_based_models_2016.pdf,"mutate, taha, weo, nota, turi, minima, inoue"
481,optimization_of_traffic_signals_using_deep_learning_neural_networks_2016.pdf,SMCS,Computer Science,2016,C:/Users/vwan118/Documents/MaoriStudy/CoS-Merged\SMCS\Computer Science\2016\optimization_of_traffic_signals_using_deep_learning_neural_networks_2016.pdf,"ato, roto, ane, arima, irani, whena, amore, kea, takimoto, ine, romero, poi, ipa, rana, epia, minima, iare, eto, arima, aare, teto, nino, keane, poama, itemie, mutate, enumerate, awhere, mouna, tahiti, tanaka, etare, moa, naoi, meri, nomi, iea, uai, pami, iie, waikato, pare, makemore, ue, kao, weremore, poi, weka, amani, onetime, ea, niu, hio, herea, weihua, toa, iwe, maimone, ona, auai, neto, mariano, rau, nau, ato, whereami, ito, pima, makea, anu, rahimi, eme, nomao, tarau, aomaru, anare, hariri, popa, iei, akira, pareto, niwhere, ua, hanui, kunii, aie, maruatona, ina, hioa, nota, nomura, imu, weka, takeo, nare, motie, epi, wewere, hui, eare, arai, tare, winu, rowi, uare, taheri, arikawa, hae, aono, iterate, uwa, moa, tania, hao, oare, kawamae, arimura, narahari, weihua, rui, maire, toa, hoe, waikato, ine, kuo, urai, rana, kowai, maire, pati, etora, peano, ao, oto, hoi, wenote, pita"
482,predicting_user_preferences_of_environment_design_2016.pdf,SMCS,Computer Science,2016,C:/Users/vwan118/Documents/MaoriStudy/CoS-Merged\SMCS\Computer Science\2016\predicting_user_preferences_of_environment_design_2016.pdf,"hue, niu, wai, weka, tae, ipi, mieke, waikiki"
483,the_effect_of_changing_search_patterns_in_an_agent_based_model_2016.pdf,SMCS,Computer Science,2016,C:/Users/vwan118/Documents/MaoriStudy/CoS-Merged\SMCS\Computer Science\2016\the_effect_of_changing_search_patterns_in_an_agent_based_model_2016.pdf,"aia, ewhere, atie"
484,understanding_learning_outcome_divide_in_the_learning_process_from_a_teachers_perspective_2016.pdf,SMCS,Computer Science,2016,C:/Users/vwan118/Documents/MaoriStudy/CoS-Merged\SMCS\Computer Science\2016\understanding_learning_outcome_divide_in_the_learning_process_from_a_teachers_perspective_2016.pdf,"teo, ata, whe, ioe, ere, rainie, hange, toone"
485,working_toward_automated_coding_in_general_practice_2016.pdf,SMCS,Computer Science,2016,C:/Users/vwan118/Documents/MaoriStudy/CoS-Merged\SMCS\Computer Science\2016\working_toward_automated_coding_in_general_practice_2016.pdf,"inga, ata, wha, ere, ame, ture, pote"
486,anonymizing_knn_classification_on_mapreduce_2017.pdf,SMCS,Computer Science,2017,C:/Users/vwan118/Documents/MaoriStudy/CoS-Merged\SMCS\Computer Science\2017\anonymizing_knn_classification_on_mapreduce_2017.pdf,"monami, totake"
487,a_comparison_and_analysis_of_rgb_d_cameras_depth_performance_for_robotics_application_2017.pdf,SMCS,Computer Science,2017,C:/Users/vwan118/Documents/MaoriStudy/CoS-Merged\SMCS\Computer Science\2017\a_comparison_and_analysis_of_rgb_d_cameras_depth_performance_for_robotics_application_2017.pdf,
488,a_longitudinal_journey_with_byod_classrooms_issues_of_access_capability_and_outcome_divides_2017.pdf,SMCS,Computer Science,2017,C:/Users/vwan118/Documents/MaoriStudy/CoS-Merged\SMCS\Computer Science\2017\a_longitudinal_journey_with_byod_classrooms_issues_of_access_capability_and_outcome_divides_2017.pdf,"teo, natio, eme, puni, ioe, kōkiri, rainie, aro, ture, initia, māori, orewa, ano, toone"
489,a_new_first_break_picking_for_three_component_vsp_data_using_gesture_sensor_and_polarization_analysis_2017.pdf,SMCS,Computer Science,2017,C:/Users/vwan118/Documents/MaoriStudy/CoS-Merged\SMCS\Computer Science\2017\a_new_first_break_picking_for_three_component_vsp_data_using_gesture_sensor_and_polarization_analysis_2017.pdf,"mie, tuo, imu, takeo, imu, uo, minimu, akaike, takanami"
490,buffering_fuzzy_maps_in_gis_2017.pdf,SMCS,Computer Science,2017,C:/Users/vwan118/Documents/MaoriStudy/CoS-Merged\SMCS\Computer Science\2017\buffering_fuzzy_maps_in_gis_2017.pdf,"ope, minate, operati, ite, ea, aii, ure, whi, aiii, iterate, ina"
491,efficient_knn_classification_with_different_numbers_of_nearest_neighbors_2017.pdf,SMCS,Computer Science,2017,C:/Users/vwan118/Documents/MaoriStudy/CoS-Merged\SMCS\Computer Science\2017\efficient_knn_classification_with_different_numbers_of_nearest_neighbors_2017.pdf,"ree, ine, tari, hou, iiie, riona, eee"
492,evolving_digital_divides_in_information_literacy_and_learning_outcomes_2017.pdf,SMCS,Computer Science,2017,C:/Users/vwan118/Documents/MaoriStudy/CoS-Merged\SMCS\Computer Science\2017\evolving_digital_divides_in_information_literacy_and_learning_outcomes_2017.pdf,"rainie, teo"
493,intelligent_digital_environment_for_wellbeing_and_health_2017.pdf,SMCS,Computer Science,2017,C:/Users/vwan118/Documents/MaoriStudy/CoS-Merged\SMCS\Computer Science\2017\intelligent_digital_environment_for_wellbeing_and_health_2017.pdf,"manawatu, inga, imia"
494,modular_web_service_design_for_agility_and_maintainability_with_unity_container_2017.pdf,SMCS,Computer Science,2017,C:/Users/vwan118/Documents/MaoriStudy/CoS-Merged\SMCS\Computer Science\2017\modular_web_service_design_for_agility_and_maintainability_with_unity_container_2017.pdf,
495,moving_beyond_access_and_skills_2017.pdf,SMCS,Computer Science,2017,C:/Users/vwan118/Documents/MaoriStudy/CoS-Merged\SMCS\Computer Science\2017\moving_beyond_access_and_skills_2017.pdf,"ope, teo, ature, ea, puni, kōkiri, rainie, initia, māori, hikari, toone"
496,multidimensional_region_connection_calculus_2017.pdf,SMCS,Computer Science,2017,C:/Users/vwan118/Documents/MaoriStudy/CoS-Merged\SMCS\Computer Science\2017\multidimensional_region_connection_calculus_2017.pdf,"ine, mereo, turini"
497,parallel_symmetric_class_expression_learning_2017.pdf,SMCS,Computer Science,2017,C:/Users/vwan118/Documents/MaoriStudy/CoS-Merged\SMCS\Computer Science\2017\parallel_symmetric_class_expression_learning_2017.pdf,"nute, umo, ini, umi, uto"
498,regularization_feature_selection_projection_twin_support_vector_machine_via_exterior_penalty_2017.pdf,SMCS,Computer Science,2017,C:/Users/vwan118/Documents/MaoriStudy/CoS-Merged\SMCS\Computer Science\2017\regularization_feature_selection_projection_twin_support_vector_machine_via_exterior_penalty_2017.pdf,"pima, iuu, ketu, ue, eeta"
499,shifting_interpolation_kernel_toward_orthogonal_projection_2017.pdf,SMCS,Computer Science,2017,C:/Users/vwan118/Documents/MaoriStudy/CoS-Merged\SMCS\Computer Science\2017\shifting_interpolation_kernel_toward_orthogonal_projection_2017.pdf,"ine, wherei, noa, epo, heme, eee, towa"
500,speaker_identification_features_extraction_methods_a_systematic_review_2017.pdf,SMCS,Computer Science,2017,C:/Users/vwan118/Documents/MaoriStudy/CoS-Merged\SMCS\Computer Science\2017\speaker_identification_features_extraction_methods_a_systematic_review_2017.pdf,
501,teaching_groups_as_midlevel_sociocultural_contexts_for_developing_teaching_and_learning_2017.pdf,SMCS,Computer Science,2017,C:/Users/vwan118/Documents/MaoriStudy/CoS-Merged\SMCS\Computer Science\2017\teaching_groups_as_midlevel_sociocultural_contexts_for_developing_teaching_and_learning_2017.pdf,whoare
502,the_endeavour_of_academic_publishing_2017.pdf,SMCS,Computer Science,2017,C:/Users/vwan118/Documents/MaoriStudy/CoS-Merged\SMCS\Computer Science\2017\the_endeavour_of_academic_publishing_2017.pdf,"pape, hine, ekaterina"
503,why_cant_i_crack_the_code_to_getting_published_2017.pdf,SMCS,Computer Science,2017,C:/Users/vwan118/Documents/MaoriStudy/CoS-Merged\SMCS\Computer Science\2017\why_cant_i_crack_the_code_to_getting_published_2017.pdf,"ue, eue, whi"
504,A security sandbox approach of android based on hook mechanism_2018.pdf,SMCS,Computer Science,2018,C:/Users/vwan118/Documents/MaoriStudy/CoS-Merged\SMCS\Computer Science\2018\A security sandbox approach of android based on hook mechanism_2018.pdf,"ea, ea, imei"
505,an_exception_handling_approach_for_privacy_preserving_service_recommendation_failure_in_a_cloud_environment_2018.pdf,SMCS,Computer Science,2018,C:/Users/vwan118/Documents/MaoriStudy/CoS-Merged\SMCS\Computer Science\2018\an_exception_handling_approach_for_privacy_preserving_service_recommendation_failure_in_a_cloud_environment_2018.pdf,"enemie, ure, ine, uoa"
506,an_investigation_of_skeleton_based_optical_flow_guided_features_for_3d_action_recognition_using_a_multi_stream_cnn_model_2018.pdf,SMCS,Computer Science,2018,C:/Users/vwan118/Documents/MaoriStudy/CoS-Merged\SMCS\Computer Science\2018\an_investigation_of_skeleton_based_optical_flow_guided_features_for_3d_action_recognition_using_a_multi_stream_cnn_model_2018.pdf,
507,a_blockchain_based_scheme_for_secure_sharing_of_x_ray_medical_images_2018.pdf,SMCS,Computer Science,2018,C:/Users/vwan118/Documents/MaoriStudy/CoS-Merged\SMCS\Computer Science\2018\a_blockchain_based_scheme_for_secure_sharing_of_x_ray_medical_images_2018.pdf,"rahimi, roni, hou, roni"
508,a_caution_about_causation_2018.pdf,SMCS,Computer Science,2018,C:/Users/vwan118/Documents/MaoriStudy/CoS-Merged\SMCS\Computer Science\2018\a_caution_about_causation_2018.pdf,"romero, rune, hume, maree"
509,back_to_the_future_with_old_fashioned_conversations_2018.pdf,SMCS,Computer Science,2018,C:/Users/vwan118/Documents/MaoriStudy/CoS-Merged\SMCS\Computer Science\2018\back_to_the_future_with_old_fashioned_conversations_2018.pdf,"reetu, ato, tio, itiate, teaa, niki, ine, totara, pime, rote, nakamura, materi, aare, nino, ene, aotearoa, renate, okamoto, rune, aare, mea, ime, whee, reiterate, puukari, araki, iiaiaai, oneonone, ake, poutama, ini, eou, kahu, aaee, ea, hange, kooi, heta, oneonone, erika, hone, marika, āori, heta, noone, huo, ingame, aera, mukama, maree, onenote, mea, onone, ue, rihe, wānanga, poore, hepi, anu, nee, ua, manukau, kona, wai, kehoe, mato, hepi, oeru, ua, ure, itero, hae, iaa, ioe, ao, tio, moreno, huma, ipate, hou, eri, ere, moira, hera, awa, maina, iterate, ereputati, toone, tania, ao, takehome, ānanga, hea, hone, ooi, wānanga, ekaterina, tomake, waikato, towa, wingate, mahara, ote, hea, amake, hepi, pone, retake, iru, ako, ata, tine, hawe, hurihuri, oneto, ume, meo"
510,durable_relationship_prediction_and_description_using_a_large_dynamic_graph_2018.pdf,SMCS,Computer Science,2018,C:/Users/vwan118/Documents/MaoriStudy/CoS-Merged\SMCS\Computer Science\2018\durable_relationship_prediction_and_description_using_a_large_dynamic_graph_2018.pdf,"niu, nameno, hao, piuri, maehara, mei"
511,entropy_based_feature_extraction_algorithm_for_stone_carving_character_detection_2018.pdf,SMCS,Computer Science,2018,C:/Users/vwan118/Documents/MaoriStudy/CoS-Merged\SMCS\Computer Science\2018\entropy_based_feature_extraction_algorithm_for_stone_carving_character_detection_2018.pdf,natura
512,ghtraffic_2018.pdf,SMCS,Computer Science,2018,C:/Users/vwan118/Documents/MaoriStudy/CoS-Merged\SMCS\Computer Science\2018\ghtraffic_2018.pdf,ewi
513,how_international_is_ajet_2018.pdf,SMCS,Computer Science,2018,C:/Users/vwan118/Documents/MaoriStudy/CoS-Merged\SMCS\Computer Science\2018\how_international_is_ajet_2018.pdf,ome
514,hybrid_conditional_random_field_based_camera_lidar_fusion_for_road_detection_2018.pdf,SMCS,Computer Science,2018,C:/Users/vwan118/Documents/MaoriStudy/CoS-Merged\SMCS\Computer Science\2018\hybrid_conditional_random_field_based_camera_lidar_fusion_for_road_detection_2018.pdf,"ine, miao, wutao, uwo, mita"
515,joint_self_representation_and_subspace_learning_for_unsupervised_feature_selection_2018.pdf,SMCS,Computer Science,2018,C:/Users/vwan118/Documents/MaoriStudy/CoS-Merged\SMCS\Computer Science\2018\joint_self_representation_and_subspace_learning_for_unsupervised_feature_selection_2018.pdf,"iita, ina, pii"
516,joint_user_knowledge_and_matrix_factorization_for_recommender_systems_2018.pdf,SMCS,Computer Science,2018,C:/Users/vwan118/Documents/MaoriStudy/CoS-Merged\SMCS\Computer Science\2018\joint_user_knowledge_and_matrix_factorization_for_recommender_systems_2018.pdf,"tou, hao, iaai, tomake, rui, toa, uito, uai, iare"
517,missing_data_estimation_in_mobile_sensing_environments_2018.pdf,SMCS,Computer Science,2018,C:/Users/vwan118/Documents/MaoriStudy/CoS-Merged\SMCS\Computer Science\2018\missing_data_estimation_in_mobile_sensing_environments_2018.pdf,"tonini, ameri, iota, iare, mape, raiko"
518,review_on_mining_data_from_multiple_data_sources_2018.pdf,SMCS,Computer Science,2018,C:/Users/vwan118/Documents/MaoriStudy/CoS-Merged\SMCS\Computer Science\2018\review_on_mining_data_from_multiple_data_sources_2018.pdf,"uri, pareto, mote, ato, mehu, ori, noti, ture, peri, mea"
519,self_representation_and_pca_embedding_for_unsupervised_feature_selection_2018.pdf,SMCS,Computer Science,2018,C:/Users/vwan118/Documents/MaoriStudy/CoS-Merged\SMCS\Computer Science\2018\self_representation_and_pca_embedding_for_unsupervised_feature_selection_2018.pdf,tomake
520,student_and_staff_as_partners_in_learning_and_assessment_conversations_2018.pdf,SMCS,Computer Science,2018,C:/Users/vwan118/Documents/MaoriStudy/CoS-Merged\SMCS\Computer Science\2018\student_and_staff_as_partners_in_learning_and_assessment_conversations_2018.pdf,ume
521,the_detection_of_criminal_groups_in_real_world_fused_data_2018.pdf,SMCS,Computer Science,2018,C:/Users/vwan118/Documents/MaoriStudy/CoS-Merged\SMCS\Computer Science\2018\the_detection_of_criminal_groups_in_real_world_fused_data_2018.pdf,"reminga, topo, maeno, topo, ture, apa, porate"
522,the_role_of_grouping_in_sketched_diagram_recognition_2018.pdf,SMCS,Computer Science,2018,C:/Users/vwan118/Documents/MaoriStudy/CoS-Merged\SMCS\Computer Science\2018\the_role_of_grouping_in_sketched_diagram_recognition_2018.pdf,"automata, ine, hirata, inite, torio, rata, automata, ere, iui, taware"
523,towards_3d_human_action_recognition_using_a_distilled_cnn_model_2018.pdf,SMCS,Computer Science,2018,C:/Users/vwan118/Documents/MaoriStudy/CoS-Merged\SMCS\Computer Science\2018\towards_3d_human_action_recognition_using_a_distilled_cnn_model_2018.pdf,
524,toward_three_dimensional_human_action_recognition_using_a_convolutional_neural_network_with_correctness_vigilant_regularizer_2018.pdf,SMCS,Computer Science,2018,C:/Users/vwan118/Documents/MaoriStudy/CoS-Merged\SMCS\Computer Science\2018\toward_three_dimensional_human_action_recognition_using_a_convolutional_neural_network_with_correctness_vigilant_regularizer_2018.pdf,uwa
525,user_requirements_for_technology_to_assist_aging_in_place_2018.pdf,SMCS,Computer Science,2018,C:/Users/vwan118/Documents/MaoriStudy/CoS-Merged\SMCS\Computer Science\2018\user_requirements_for_technology_to_assist_aging_in_place_2018.pdf,"whate, ariani, inga, ute, watu, mana, mone, rotorua, iterati"
526,using_spatio_temporal_anomalies_to_detect_abnormal_behaviour_in_smart_homes_2018.pdf,SMCS,Computer Science,2018,C:/Users/vwan118/Documents/MaoriStudy/CoS-Merged\SMCS\Computer Science\2018\using_spatio_temporal_anomalies_to_detect_abnormal_behaviour_in_smart_homes_2018.pdf,"inga, tapia"
527,a_blockchain_based_authentication_protocol_for_wlan_mesh_security_access_2019.pdf,SMCS,Computer Science,2019,C:/Users/vwan118/Documents/MaoriStudy/CoS-Merged\SMCS\Computer Science\2019\a_blockchain_based_authentication_protocol_for_wlan_mesh_security_access_2019.pdf,"monitori, ure, hea, uture"
528,a_blockchain_based_data_monitoring_and_sharing_approach_for_smart_grids_2019.pdf,SMCS,Computer Science,2019,C:/Users/vwan118/Documents/MaoriStudy/CoS-Merged\SMCS\Computer Science\2019\a_blockchain_based_data_monitoring_and_sharing_approach_for_smart_grids_2019.pdf,"nakamoto, nakamoto, manukau, toiu, nara, pota, atime"
529,a_high_order_state_of_charge_estimation_model_by_cubature_particle_filter_2019.pdf,SMCS,Computer Science,2019,C:/Users/vwan118/Documents/MaoriStudy/CoS-Merged\SMCS\Computer Science\2019\a_high_order_state_of_charge_estimation_model_by_cubature_particle_filter_2019.pdf,
530,a_modification_of_rcc_9_2019.pdf,SMCS,Computer Science,2019,C:/Users/vwan118/Documents/MaoriStudy/CoS-Merged\SMCS\Computer Science\2019\a_modification_of_rcc_9_2019.pdf,"orono, rii"
531,a_new_local_density_and_relative_distance_based_spectrum_clustering_2019.pdf,SMCS,Computer Science,2019,C:/Users/vwan118/Documents/MaoriStudy/CoS-Merged\SMCS\Computer Science\2019\a_new_local_density_and_relative_distance_based_spectrum_clustering_2019.pdf,"romero, iete, kieu, otero"
532,a_novel_deep_structure_u_net_for_sea_land_segmentation_in_remote_sensing_images_2019.pdf,SMCS,Computer Science,2019,C:/Users/vwan118/Documents/MaoriStudy/CoS-Merged\SMCS\Computer Science\2019\a_novel_deep_structure_u_net_for_sea_land_segmentation_in_remote_sensing_images_2019.pdf,"taha, automata, mura, amini, emote"
533,a_proposal_for_student_centred_first_year_teaching_2019.pdf,SMCS,Computer Science,2019,C:/Users/vwan118/Documents/MaoriStudy/CoS-Merged\SMCS\Computer Science\2019\a_proposal_for_student_centred_first_year_teaching_2019.pdf,toone
534,a_reliable_strategy_for_improving_automatic_first_arrival_picking_of_high_noise_three_component_microseismic_data_2019.pdf,SMCS,Computer Science,2019,C:/Users/vwan118/Documents/MaoriStudy/CoS-Merged\SMCS\Computer Science\2019\a_reliable_strategy_for_improving_automatic_first_arrival_picking_of_high_noise_three_component_microseismic_data_2019.pdf,akaike
535,a_survey_on_an_emerging_area_deep_learning_for_smart_city_data_2019.pdf,SMCS,Computer Science,2019,C:/Users/vwan118/Documents/MaoriStudy/CoS-Merged\SMCS\Computer Science\2019\a_survey_on_an_emerging_area_deep_learning_for_smart_city_data_2019.pdf,"teemu, omaima, hao, arima, poi, mei, kooi, ngii, niki, rui, nai, iera, hui, hoo, neto, mani, hou, ouri, manu, enumerate, tomoharu, oni, amato, arie, komei"
536,background_foreground_interaction_for_moving_object_detection_in_dynamic_scenes_2019.pdf,SMCS,Computer Science,2019,C:/Users/vwan118/Documents/MaoriStudy/CoS-Merged\SMCS\Computer Science\2019\background_foreground_interaction_for_moving_object_detection_in_dynamic_scenes_2019.pdf,"hohai, hao, kato, nikou"
537,dictionary_based_active_learning_for_sound_event_classification_2019.pdf,SMCS,Computer Science,2019,C:/Users/vwan118/Documents/MaoriStudy/CoS-Merged\SMCS\Computer Science\2019\dictionary_based_active_learning_for_sound_event_classification_2019.pdf,"oto, enginge, iee, kuo"
538,gendered_objectification_of_weight_stigma_in_social_media_2019.pdf,SMCS,Computer Science,2019,C:/Users/vwan118/Documents/MaoriStudy/CoS-Merged\SMCS\Computer Science\2019\gendered_objectification_of_weight_stigma_in_social_media_2019.pdf,"teo, niu, ata, whe, ata, umu, wome, humo, nono, ere"
539,gender_diversity_population_simulations_in_an_extended_game_of_life_context_2019.pdf,SMCS,Computer Science,2019,C:/Users/vwan118/Documents/MaoriStudy/CoS-Merged\SMCS\Computer Science\2019\gender_diversity_population_simulations_in_an_extended_game_of_life_context_2019.pdf,"automata, pune, automata, rami"
540,generating_mock_skeletons_for_lightweight_web_service_testing_2019.pdf,SMCS,Computer Science,2019,C:/Users/vwan118/Documents/MaoriStudy/CoS-Merged\SMCS\Computer Science\2019\generating_mock_skeletons_for_lightweight_web_service_testing_2019.pdf,"netune, uri, weka, uri, oai, ree, openapi, weka, waikato, weka"
541,g_ganisr_gradual_generative_adversarial_network_for_image_super_resolution_2019.pdf,SMCS,Computer Science,2019,C:/Users/vwan118/Documents/MaoriStudy/CoS-Merged\SMCS\Computer Science\2019\g_ganisr_gradual_generative_adversarial_network_for_image_super_resolution_2019.pdf,
542,multi_scale_hierarchical_residual_network_for_dense_captioning_2019.pdf,SMCS,Computer Science,2019,C:/Users/vwan118/Documents/MaoriStudy/CoS-Merged\SMCS\Computer Science\2019\multi_scale_hierarchical_residual_network_for_dense_captioning_2019.pdf,"hata, ranga, iou, iare, perona, mei, maire"
543,particle_swarm_optimization_with_damping_factor_and_cooperative_mechanism_2019.pdf,SMCS,Computer Science,2019,C:/Users/vwan118/Documents/MaoriStudy/CoS-Merged\SMCS\Computer Science\2019\particle_swarm_optimization_with_damping_factor_and_cooperative_mechanism_2019.pdf,"tiwari, heo, aote"
544,reduce_calibration_time_in_motor_imagery_using_spatially_regularized_symmetric_positives_definite_matrices_based_classification_2019.pdf,SMCS,Computer Science,2019,C:/Users/vwan118/Documents/MaoriStudy/CoS-Merged\SMCS\Computer Science\2019\reduce_calibration_time_in_motor_imagery_using_spatially_regularized_symmetric_positives_definite_matrices_based_classification_2019.pdf,"ouni, moreau, manawatu, hou, ngare, iia, iare, iiia"
545,relational_recurrent_neural_networks_for_polyphonic_sound_event_detection_2019.pdf,SMCS,Computer Science,2019,C:/Users/vwan118/Documents/MaoriStudy/CoS-Merged\SMCS\Computer Science\2019\relational_recurrent_neural_networks_for_polyphonic_sound_event_detection_2019.pdf,"hao, hou, uihe, uohe, timetime, ea"
546,security_and_privacy_management_in_cross_domain_tracking_systems_within_an_e_marketing_context_2019.pdf,SMCS,Computer Science,2019,C:/Users/vwan118/Documents/MaoriStudy/CoS-Merged\SMCS\Computer Science\2019\security_and_privacy_management_in_cross_domain_tracking_systems_within_an_e_marketing_context_2019.pdf,
547,single_image_resolution_enhancement_by_efficient_dilated_densely_connected_residual_network_2019.pdf,SMCS,Computer Science,2019,C:/Users/vwan118/Documents/MaoriStudy/CoS-Merged\SMCS\Computer Science\2019\single_image_resolution_enhancement_by_efficient_dilated_densely_connected_residual_network_2019.pdf,
548,small_sample_motor_imagery_classification_using_regularized_riemannian_features_2019.pdf,SMCS,Computer Science,2019,C:/Users/vwan118/Documents/MaoriStudy/CoS-Merged\SMCS\Computer Science\2019\small_sample_motor_imagery_classification_using_regularized_riemannian_features_2019.pdf,"miao, iia, pii, iiia, ouni, moreau, iia, iare, iiia"
549,spatiotemporal_saliency_based_multi_stream_networks_for_action_recognition_2019.pdf,SMCS,Computer Science,2019,C:/Users/vwan118/Documents/MaoriStudy/CoS-Merged\SMCS\Computer Science\2019\spatiotemporal_saliency_based_multi_stream_networks_for_action_recognition_2019.pdf,
550,technology_to_assist_aging_in_place_2019.pdf,SMCS,Computer Science,2019,C:/Users/vwan118/Documents/MaoriStudy/CoS-Merged\SMCS\Computer Science\2019\technology_to_assist_aging_in_place_2019.pdf,"inga, ree, manawatu, manawatū, watu, imia, mana"
551,time_aware_distributed_service_recommendation_with_privacy_preservation_2019.pdf,SMCS,Computer Science,2019,C:/Users/vwan118/Documents/MaoriStudy/CoS-Merged\SMCS\Computer Science\2019\time_aware_distributed_service_recommendation_with_privacy_preservation_2019.pdf,"ine, hou, timeaware, ioe, timeaware, timee, uwe"
552,videos_in_higher_education_2019.pdf,SMCS,Computer Science,2019,C:/Users/vwan118/Documents/MaoriStudy/CoS-Merged\SMCS\Computer Science\2019\videos_in_higher_education_2019.pdf,"ea, pone, hao"
553,advances_in_deep_learning_for_real_time_image_and_video_reconstruction_and_processing_2020.pdf,SMCS,Computer Science,2020,C:/Users/vwan118/Documents/MaoriStudy/CoS-Merged\SMCS\Computer Science\2020\advances_in_deep_learning_for_real_time_image_and_video_reconstruction_and_processing_2020.pdf,
554,Adversarial Latent Representation Learning for Speech Enhancement_2020.pdf,SMCS,Computer Science,2020,C:/Users/vwan118/Documents/MaoriStudy/CoS-Merged\SMCS\Computer Science\2020\Adversarial Latent Representation Learning for Speech Enhancement_2020.pdf,"ito, tawara, niu"
555,a_fast_adaptive_blockchain_consensus_algorithm_via_wlan_mesh_network_2020.pdf,SMCS,Computer Science,2020,C:/Users/vwan118/Documents/MaoriStudy/CoS-Merged\SMCS\Computer Science\2020\a_fast_adaptive_blockchain_consensus_algorithm_via_wlan_mesh_network_2020.pdf,"automata, reture, hao"
556,a_systematic_literature_review_2020.pdf,SMCS,Computer Science,2020,C:/Users/vwan118/Documents/MaoriStudy/CoS-Merged\SMCS\Computer Science\2020\a_systematic_literature_review_2020.pdf,"angi, ani"
557,blockchain_meets_dag_a_blockdag_consensus_mechanism_2020.pdf,SMCS,Computer Science,2020,C:/Users/vwan118/Documents/MaoriStudy/CoS-Merged\SMCS\Computer Science\2020\blockchain_meets_dag_a_blockdag_consensus_mechanism_2020.pdf,"kano, ane, uti, timeaware, ariu, ngii, netune, teo, ine, ue, iou, mooree, noti, ea, nana, pino, uture, ona, koikeakino, okamoto, hemo, eri, onetime, numa, imamura, papineni, iota, ime, nourani, hohai, tuninga, miao, eaai, miaopai, nuaa, inieto, ao, niramai, keke, poa, atoi, onetime, peipei, ongaro, ea, iwho, ungureanu, paa, niu, huihua, nana, noone, enu, iie, ipi, karame, kou, neto, whu, ito, iota, ato, hereare, ito, kamara, hei, noname, monero, monero, nouri, ahu, hea, ua, poria, uito, moti, ina, weiwei, iaai, weka, nare, arora, tangaroa, aratio, hui, kewei, tare, poa, hooi, kare, hou, mori, emai, ue, eaware, moreira, opa, iui, poi, tio, wiwho, uuu, tei, nakamoto, hao, waite, meena, ooi, huami, kumari, mei, niramai, rui, kuma, noura, hohai, amina, aoa, kuo, huai, hana, aee, tii, miaopai, weikai, nokamoto, upa, aare, huahui, takeo, hiare"
558,computational_intelligence_for_information_security_a_survey_2020.pdf,SMCS,Computer Science,2020,C:/Users/vwan118/Documents/MaoriStudy/CoS-Merged\SMCS\Computer Science\2020\computational_intelligence_for_information_security_a_survey_2020.pdf,"ine, kiamini, omote, opa, minutia, pare, minutiae, noura, tataru, iee, miri, ota"
559,crookies_2020.pdf,SMCS,Computer Science,2020,C:/Users/vwan118/Documents/MaoriStudy/CoS-Merged\SMCS\Computer Science\2020\crookies_2020.pdf,
560,discriminative_deep_multi_task_learning_for_facial_expression_recognition_2020.pdf,SMCS,Computer Science,2020,C:/Users/vwan118/Documents/MaoriStudy/CoS-Merged\SMCS\Computer Science\2020\discriminative_deep_multi_task_learning_for_facial_expression_recognition_2020.pdf,"niki, wai, hao"
561,diversified_service_recommendation_with_high_accuracy_and_efficiency_2020.pdf,SMCS,Computer Science,2020,C:/Users/vwan118/Documents/MaoriStudy/CoS-Merged\SMCS\Computer Science\2020\diversified_service_recommendation_with_high_accuracy_and_efficiency_2020.pdf,"inu, hou, kou"
562,edge_computing_and_lightning_network_empowered_secure_food_supply_management_2020.pdf,SMCS,Computer Science,2020,C:/Users/vwan118/Documents/MaoriStudy/CoS-Merged\SMCS\Computer Science\2020\edge_computing_and_lightning_network_empowered_secure_food_supply_management_2020.pdf,
563,effective_and_efficient_multitask_learning_for_brain_tumor_segmentation_2020.pdf,SMCS,Computer Science,2020,C:/Users/vwan118/Documents/MaoriStudy/CoS-Merged\SMCS\Computer Science\2020\effective_and_efficient_multitask_learning_for_brain_tumor_segmentation_2020.pdf,"kahou, romero"
564,gpuanimats_simulating_animats_an_agent_based_artificial_life_model_on_graphical_processing_units_2020.pdf,SMCS,Computer Science,2020,C:/Users/vwan118/Documents/MaoriStudy/CoS-Merged\SMCS\Computer Science\2020\gpuanimats_simulating_animats_an_agent_based_artificial_life_model_on_graphical_processing_units_2020.pdf,"arange, nakano, romano, namee, ito, iterate"
565,improving_the_robustness_of_the_cross_domain_tracking_process_2020.pdf,SMCS,Computer Science,2020,C:/Users/vwan118/Documents/MaoriStudy/CoS-Merged\SMCS\Computer Science\2020\improving_the_robustness_of_the_cross_domain_tracking_process_2020.pdf,
566,issues_associated_with_the_management_and_governance_of_sensor_data_and_information_to_assist_aging_in_place_2020.pdf,SMCS,Computer Science,2020,C:/Users/vwan118/Documents/MaoriStudy/CoS-Merged\SMCS\Computer Science\2020\issues_associated_with_the_management_and_governance_of_sensor_data_and_information_to_assist_aging_in_place_2020.pdf,"ariani, inga, ete, ime, maritati, mana, watū, nongo, enga, iterati"
567,multi_dimensional_quality_driven_service_recommendation_with_privacy_preservation_in_mobile_edge_environment_2020.pdf,SMCS,Computer Science,2020,C:/Users/vwan118/Documents/MaoriStudy/CoS-Merged\SMCS\Computer Science\2020\multi_dimensional_quality_driven_service_recommendation_with_privacy_preservation_in_mobile_edge_environment_2020.pdf,"uwe, kou"
568,predicting_activities_of_daily_living_with_spatio_temporal_information_2020.pdf,SMCS,Computer Science,2020,C:/Users/vwan118/Documents/MaoriStudy/CoS-Merged\SMCS\Computer Science\2020\predicting_activities_of_daily_living_with_spatio_temporal_information_2020.pdf,"tapia, neto"
569,road_segmentation_for_remote_sensing_images_using_adversarial_spatial_pyramid_networks_2020.pdf,SMCS,Computer Science,2020,C:/Users/vwan118/Documents/MaoriStudy/CoS-Merged\SMCS\Computer Science\2020\road_segmentation_for_remote_sensing_images_using_adversarial_spatial_pyramid_networks_2020.pdf,"iiou, hou, iou, iou, iiou, tare, oru"
570,spatiotemporal_saliency_based_multi_stream_networks_with_attention_aware_lstm_for_action_recognition_2020.pdf,SMCS,Computer Science,2020,C:/Users/vwan118/Documents/MaoriStudy/CoS-Merged\SMCS\Computer Science\2020\spatiotemporal_saliency_based_multi_stream_networks_with_attention_aware_lstm_for_action_recognition_2020.pdf,"netune, ioe, timeaware, hara, karami, monga, mei, kataoka"
571,the_evolving_field_of_learning_analytics_research_in_higher_education_2020.pdf,SMCS,Computer Science,2020,C:/Users/vwan118/Documents/MaoriStudy/CoS-Merged\SMCS\Computer Science\2020\the_evolving_field_of_learning_analytics_research_in_higher_education_2020.pdf,"moreno, kanai"
572,tpack_time_to_reboot_2020.pdf,SMCS,Computer Science,2020,C:/Users/vwan118/Documents/MaoriStudy/CoS-Merged\SMCS\Computer Science\2020\tpack_time_to_reboot_2020.pdf,"pape, ea"
573,triple_attention_network_for_video_segmentation_2020.pdf,SMCS,Computer Science,2020,C:/Users/vwan118/Documents/MaoriStudy/CoS-Merged\SMCS\Computer Science\2020\triple_attention_network_for_video_segmentation_2020.pdf,
574,using_rough_sets_to_improve_activity_recognition_based_on_sensor_data_2020.pdf,SMCS,Computer Science,2020,C:/Users/vwan118/Documents/MaoriStudy/CoS-Merged\SMCS\Computer Science\2020\using_rough_sets_to_improve_activity_recognition_based_on_sensor_data_2020.pdf,"tapia, ua, akare"
575,analysis_of_technology_mediated_pedagogies_2021.pdf,SMCS,Computer Science,2021,C:/Users/vwan118/Documents/MaoriStudy/CoS-Merged\SMCS\Computer Science\2021\analysis_of_technology_mediated_pedagogies_2021.pdf,
576,an_effective_content_based_event_recommendation_model_2021.pdf,SMCS,Computer Science,2021,C:/Users/vwan118/Documents/MaoriStudy/CoS-Merged\SMCS\Computer Science\2021\an_effective_content_based_event_recommendation_model_2021.pdf,"totake, wito, eirinaki, pii, emara, utou, mei, ue"
577,a_comprehensive_review_on_critical_issues_and_possible_solutions_of_motor_imagery_based_electroencephalography_brain_computer_interface_2021.pdf,SMCS,Computer Science,2021,C:/Users/vwan118/Documents/MaoriStudy/CoS-Merged\SMCS\Computer Science\2021\a_comprehensive_review_on_critical_issues_and_possible_solutions_of_motor_imagery_based_electroencephalography_brain_computer_interface_2021.pdf,"miao, tinati, mangia, ine, niu, nau, kee, iai, ea, automata, opie, hau, mana, automata, uehara, tanaka, imeni"
578,a_multi_instance_multi_label_dual_learning_approach_for_video_captioning_2021.pdf,SMCS,Computer Science,2021,C:/Users/vwan118/Documents/MaoriStudy/CoS-Merged\SMCS\Computer Science\2021\a_multi_instance_multi_label_dual_learning_approach_for_video_captioning_2021.pdf,
579,a_novel_webpage_layout_aesthetic_evaluation_model_for_quantifying_webpage_layout_design_2021.pdf,SMCS,Computer Science,2021,C:/Users/vwan118/Documents/MaoriStudy/CoS-Merged\SMCS\Computer Science\2021\a_novel_webpage_layout_aesthetic_evaluation_model_for_quantifying_webpage_layout_design_2021.pdf,
580,blockchain_based_mobile_edge_computing_system_2021.pdf,SMCS,Computer Science,2021,C:/Users/vwan118/Documents/MaoriStudy/CoS-Merged\SMCS\Computer Science\2021\blockchain_based_mobile_edge_computing_system_2021.pdf,"wua, rena, nito, mauri, timeaware, nakai, timeaware, iee, tii"
581,cascaded_segmented_matting_network_for_human_matting_2021.pdf,SMCS,Computer Science,2021,C:/Users/vwan118/Documents/MaoriStudy/CoS-Merged\SMCS\Computer Science\2021\cascaded_segmented_matting_network_for_human_matting_2021.pdf,"miou, hou, iou, ukiou, maire"
582,deepf0_end_to_end_fundamental_frequency_estimation_for_music_and_speech_signals_2021.pdf,SMCS,Computer Science,2021,C:/Users/vwan118/Documents/MaoriStudy/CoS-Merged\SMCS\Computer Science\2021\deepf0_end_to_end_fundamental_frequency_estimation_for_music_and_speech_signals_2021.pdf,"kawahara, inieee, nieto"
583,exploring_course_evaluations_based_on_self_determination_theory_2021.pdf,SMCS,Computer Science,2021,C:/Users/vwan118/Documents/MaoriStudy/CoS-Merged\SMCS\Computer Science\2021\exploring_course_evaluations_based_on_self_determination_theory_2021.pdf,"aotearoa, ako, ako, ariate"
584,fuzzy_rough_sets_and_fuzzy_rough_neural_networks_for_feature_selection_a_review_2021.pdf,SMCS,Computer Science,2021,C:/Users/vwan118/Documents/MaoriStudy/CoS-Merged\SMCS\Computer Science\2021\fuzzy_rough_sets_and_fuzzy_rough_neural_networks_for_feature_selection_a_review_2021.pdf,"nume, ata, monotone, owa, hou, eature, ture, kira, kumari, mei"
585,image_synthesis_with_adversarial_networks_a_comprehensive_survey_and_case_studies_2021.pdf,SMCS,Computer Science,2021,C:/Users/vwan118/Documents/MaoriStudy/CoS-Merged\SMCS\Computer Science\2021\image_synthesis_with_adversarial_networks_a_comprehensive_survey_and_case_studies_2021.pdf,"mariani, kameoka, mei, pineau, romero, ea, akata, kitamura, rieure, ato, murao, ito, tanaka, umemoto, kaneko, mou"
586,improving_entity_linking_through_semantic_reinforced_entity_embeddings_2021.pdf,SMCS,Computer Science,2021,C:/Users/vwan118/Documents/MaoriStudy/CoS-Merged\SMCS\Computer Science\2021\improving_entity_linking_through_semantic_reinforced_entity_embeddings_2021.pdf,"ewi, hou, arora, wherewi, hou, whereei, eneko, ea"
587,interpreting_academic_integrity_transgressions_among_learning_communities_2021.pdf,SMCS,Computer Science,2021,C:/Users/vwan118/Documents/MaoriStudy/CoS-Merged\SMCS\Computer Science\2021\interpreting_academic_integrity_transgressions_among_learning_communities_2021.pdf,"ope, meena, reiterate, teu, morio, ere, enga, paine"
588,leveraging_informal_learning_practices_for_broadening_participation_in_university_education_2021.pdf,SMCS,Computer Science,2021,C:/Users/vwan118/Documents/MaoriStudy/CoS-Merged\SMCS\Computer Science\2021\leveraging_informal_learning_practices_for_broadening_participation_in_university_education_2021.pdf,"hawi, makerere, oeru, pema, eua, waema"
589,motion_saliency_based_multi_stream_multiplier_resnets_for_action_recognition_2021.pdf,SMCS,Computer Science,2021,C:/Users/vwan118/Documents/MaoriStudy/CoS-Merged\SMCS\Computer Science\2021\motion_saliency_based_multi_stream_multiplier_resnets_for_action_recognition_2021.pdf,
590,multi_cue_based_3d residual network for action recognition_2021.pdf,SMCS,Computer Science,2021,C:/Users/vwan118/Documents/MaoriStudy/CoS-Merged\SMCS\Computer Science\2021\multi_cue_based_3d residual network for action recognition_2021.pdf,"netune, hao, hou, perona, hohai, timeaware, hara, monga, ioe, mei, kataoka"
591,multi_cue_based_four_stream_3d_resnets_for_video_based_action_recognition_2021.pdf,SMCS,Computer Science,2021,C:/Users/vwan118/Documents/MaoriStudy/CoS-Merged\SMCS\Computer Science\2021\multi_cue_based_four_stream_3d_resnets_for_video_based_action_recognition_2021.pdf,
592,online_tracking_2021.pdf,SMCS,Computer Science,2021,C:/Users/vwan118/Documents/MaoriStudy/CoS-Merged\SMCS\Computer Science\2021\online_tracking_2021.pdf,"ine, rami, noti, pii"
593,robust_multi_view_continuous_subspace_clustering_2021.pdf,SMCS,Computer Science,2021,C:/Users/vwan118/Documents/MaoriStudy/CoS-Merged\SMCS\Computer Science\2021\robust_multi_view_continuous_subspace_clustering_2021.pdf,"ini, hou, perona, eature, ture, minima, kanatani"
594,towards_the_objective_speech_assessment_of_smoking_status_based_on_voice_features_a_review_of_the_literature_2021.pdf,SMCS,Computer Science,2021,C:/Users/vwan118/Documents/MaoriStudy/CoS-Merged\SMCS\Computer Science\2021\towards_the_objective_speech_assessment_of_smoking_status_based_on_voice_features_a_review_of_the_literature_2021.pdf,"amara, wai, wanga, kawahara, toki, oto, maa, amo, tuhanio, horii, amami"
595,underwater_species_detection_using_channel_sharpening_attention_2021.pdf,SMCS,Computer Science,2021,C:/Users/vwan118/Documents/MaoriStudy/CoS-Merged\SMCS\Computer Science\2021\underwater_species_detection_using_channel_sharpening_attention_2021.pdf,"nuno, eiou, hei, aite, hao, rui, hou, iou, ori, perona, ima, iou, ruie, tieniu, maire"
596,adversarial_multi_task_learning_with_inverse_mapping_for_speech_enhancement_2022.pdf,SMCS,Computer Science,2022,C:/Users/vwan118/Documents/MaoriStudy/CoS-Merged\SMCS\Computer Science\2022\adversarial_multi_task_learning_with_inverse_mapping_for_speech_enhancement_2022.pdf,"hou, hou, takaki"
597,an_exploration_of_course_and_cohort_communication_spaces_in_discord_teams_and_moodle_2022.pdf,SMCS,Computer Science,2022,C:/Users/vwan118/Documents/MaoriStudy/CoS-Merged\SMCS\Computer Science\2022\an_exploration_of_course_and_cohort_communication_spaces_in_discord_teams_and_moodle_2022.pdf,"uite, ine, oneonone, kahu, noku, onone, omani, repo"
598,a_new_oversampling_method_and_improved_radial_basis_function_classifier_for_customer_consumption_behavior_prediction_2022.pdf,SMCS,Computer Science,2022,C:/Users/vwan118/Documents/MaoriStudy/CoS-Merged\SMCS\Computer Science\2022\a_new_oversampling_method_and_improved_radial_basis_function_classifier_for_customer_consumption_behavior_prediction_2022.pdf,
599,a_sense_of_community_and_camaraderie_2022.pdf,SMCS,Computer Science,2022,C:/Users/vwan118/Documents/MaoriStudy/CoS-Merged\SMCS\Computer Science\2022\a_sense_of_community_and_camaraderie_2022.pdf,"hoi, kahu, noku, kahu, ea, oneonone"
600,computational_representation_and_analysis_of_emotion_dynamics_2022.pdf,SMCS,Computer Science,2022,C:/Users/vwan118/Documents/MaoriStudy/CoS-Merged\SMCS\Computer Science\2022\computational_representation_and_analysis_of_emotion_dynamics_2022.pdf,"humaine, nare, kahou, makuhari"
601,discovery_of_behavioral_patterns_in_online_social_commerce_practice_2022.pdf,SMCS,Computer Science,2022,C:/Users/vwan118/Documents/MaoriStudy/CoS-Merged\SMCS\Computer Science\2022\discovery_of_behavioral_patterns_in_online_social_commerce_practice_2022.pdf,
602,fat_stigma_and_body_objectification_2022.pdf,SMCS,Computer Science,2022,C:/Users/vwan118/Documents/MaoriStudy/CoS-Merged\SMCS\Computer Science\2022\fat_stigma_and_body_objectification_2022.pdf,"teo, niu, rami, ina, ata, anu, retake"
603,foregrounding_the_importance_of_communication_collaboration_and_an_open_mind_2022.pdf,SMCS,Computer Science,2022,C:/Users/vwan118/Documents/MaoriStudy/CoS-Merged\SMCS\Computer Science\2022\foregrounding_the_importance_of_communication_collaboration_and_an_open_mind_2022.pdf,
604,fostering_connections_for_professional_identity_formation_2022.pdf,SMCS,Computer Science,2022,C:/Users/vwan118/Documents/MaoriStudy/CoS-Merged\SMCS\Computer Science\2022\fostering_connections_for_professional_identity_formation_2022.pdf,"ama, ine, kahu, ere, enga"
605,incremental_learning_of_human_activities_in_smart_homes_2022.pdf,SMCS,Computer Science,2022,C:/Users/vwan118/Documents/MaoriStudy/CoS-Merged\SMCS\Computer Science\2022\incremental_learning_of_human_activities_in_smart_homes_2022.pdf,"tapia, automata, neto"
606,methodological_aspects_in_study_of_fat_stigma_in_social_media_contexts_2022.pdf,SMCS,Computer Science,2022,C:/Users/vwan118/Documents/MaoriStudy/CoS-Merged\SMCS\Computer Science\2022\methodological_aspects_in_study_of_fat_stigma_in_social_media_contexts_2022.pdf,"teo, arango, ere, okinawa, mitei, karami, pare, moreno"
607,what_do_you_mean_you_re_in_trafalgar_square_2022.pdf,SMCS,Computer Science,2022,C:/Users/vwan118/Documents/MaoriStudy/CoS-Merged\SMCS\Computer Science\2022\what_do_you_mean_you_re_in_trafalgar_square_2022.pdf,"neta, mori, irina, poi, toru, atare, toare, towere"
608,a_cell_growth_model_revisited_2012.pdf,SMCS,Mathematics,2012,C:/Users/vwan118/Documents/MaoriStudy/CoS-Merged\SMCS\Mathematics\2012\a_cell_growth_model_revisited_2012.pdf,"ane, wherea, kato, timeti, ima"
609,chimeras_in_random_non_complete_networks_of_phase_oscillators_2012.pdf,SMCS,Mathematics,2012,C:/Users/vwan118/Documents/MaoriStudy/CoS-Merged\SMCS\Mathematics\2012\chimeras_in_random_non_complete_networks_of_phase_oscillators_2012.pdf,"ata, ato, eare, kuramoto, pare, wiare"
610,disorder_induced_dynamics_in_a_pair_of_coupled_heterogeneous_phase_oscillator_networks_2012.pdf,SMCS,Mathematics,2012,C:/Users/vwan118/Documents/MaoriStudy/CoS-Merged\SMCS\Mathematics\2012\disorder_induced_dynamics_in_a_pair_of_coupled_heterogeneous_phase_oscillator_networks_2012.pdf,"ato, wherea, kuramoto, iare, eto"
611,geometric_properties_of_kahans_method_2012.pdf,SMCS,Mathematics,2012,C:/Users/vwan118/Documents/MaoriStudy/CoS-Merged\SMCS\Mathematics\2012\geometric_properties_of_kahans_method_2012.pdf,"hone, runge, kimura, whena, ehare, whena, hirota"
612,managing_heterogeneity_in_the_study_of_neural_oscillator_dynamics_2012.pdf,SMCS,Mathematics,2012,C:/Users/vwan118/Documents/MaoriStudy/CoS-Merged\SMCS\Mathematics\2012\managing_heterogeneity_in_the_study_of_neural_oscillator_dynamics_2012.pdf,"tou, kuramoto, iwhere, imare, ea, wiare"
613,preserving_energy_resp_dissipation_in_numerical_pdes_using_the_average_vector_field_method_2012.pdf,SMCS,Mathematics,2012,C:/Users/vwan118/Documents/MaoriStudy/CoS-Merged\SMCS\Mathematics\2012\preserving_energy_resp_dissipation_in_numerical_pdes_using_the_average_vector_field_method_2012.pdf,"whereu, wherei, karenina, hirono, ete"
614,waves_in_random_neural_media_2012.pdf,SMCS,Mathematics,2012,C:/Users/vwan118/Documents/MaoriStudy/CoS-Merged\SMCS\Mathematics\2012\waves_in_random_neural_media_2012.pdf,"monotone, amitai, aare, amari"
615,discrete_gradient_methods_have_an_energy_conservation_law_2013.pdf,SMCS,Mathematics,2013,C:/Users/vwan118/Documents/MaoriStudy/CoS-Merged\SMCS\Mathematics\2013\discrete_gradient_methods_have_an_energy_conservation_law_2013.pdf,"ima, ete"
616,geodesic_warps_by_conformal_mappings_2013.pdf,SMCS,Mathematics,2013,C:/Users/vwan118/Documents/MaoriStudy/CoS-Merged\SMCS\Mathematics\2013\geodesic_warps_by_conformal_mappings_2013.pdf,"erieure, onu, ano, ratiu"
617,periodically_forced_piecewise_linear_adaptive_exponential_integrate_and_fire_neuron_2013.pdf,SMCS,Mathematics,2013,C:/Users/vwan118/Documents/MaoriStudy/CoS-Merged\SMCS\Mathematics\2013\periodically_forced_piecewise_linear_adaptive_exponential_integrate_and_fire_neuron_2013.pdf,"rieke, neto, romo, wherei, neuro, wherea, ngue, paramete, wheni, ea"
618,periodically_stimulated_piecewise_linear_adaptive_exponential_integrate_and_fire_neuron_2013.pdf,SMCS,Mathematics,2013,C:/Users/vwan118/Documents/MaoriStudy/CoS-Merged\SMCS\Mathematics\2013\periodically_stimulated_piecewise_linear_adaptive_exponential_integrate_and_fire_neuron_2013.pdf,riate
619,symplectic_integrators_for_index_1_constraints_2013.pdf,SMCS,Mathematics,2013,C:/Users/vwan118/Documents/MaoriStudy/CoS-Merged\SMCS\Mathematics\2013\symplectic_integrators_for_index_1_constraints_2013.pdf,"ihi, wherei, kare"
620,a_minimal-coordinate_symplectic_integrator_on_spheres_2014.pdf,SMCS,Mathematics,2014,C:/Users/vwan118/Documents/MaoriStudy/CoS-Merged\SMCS\Mathematics\2014\a_minimal-coordinate_symplectic_integrator_on_spheres_2014.pdf,"ewi, ratiu, iawi, umu, hewi, runge, nare, wherei, wherea, runge, tomei, ima, ume, iare, patera, kaneko"
621,collective_symplectic_integrators_2014.pdf,SMCS,Mathematics,2014,C:/Users/vwan118/Documents/MaoriStudy/CoS-Merged\SMCS\Mathematics\2014\collective_symplectic_integrators_2014.pdf,"areo, ratiu, runge, pare, ume"
622,derivation_of_a_neural_field_model_from_a_network_of_theta_neurons_2014.pdf,SMCS,Mathematics,2014,C:/Users/vwan118/Documents/MaoriStudy/CoS-Merged\SMCS\Mathematics\2014\derivation_of_a_neural_field_model_from_a_network_of_theta_neurons_2014.pdf,"neura, ito"
623,discrete_time_hamiltonian_spin_systems_2014.pdf,SMCS,Mathematics,2014,C:/Users/vwan118/Documents/MaoriStudy/CoS-Merged\SMCS\Mathematics\2014\discrete_time_hamiltonian_spin_systems_2014.pdf,"ewi, ratiu, nota, iawi, umu, hewi, runge, wherei, runge, wherea, tomei, ima, ume, iare, patera, kaneko"
624,geometric_generalisations_of_shake_and_rattle_2014.pdf,SMCS,Mathematics,2014,C:/Users/vwan118/Documents/MaoriStudy/CoS-Merged\SMCS\Mathematics\2014\geometric_generalisations_of_shake_and_rattle_2014.pdf,"ratiu, ono, iwi, runge, pare, oto, eii, iare, whereo, iei"
625,heterogeneity_and_reduction_for_complex_network_dynamics_2014.pdf,SMCS,Mathematics,2014,C:/Users/vwan118/Documents/MaoriStudy/CoS-Merged\SMCS\Mathematics\2014\heterogeneity_and_reduction_for_complex_network_dynamics_2014.pdf,
626,high_order_multisymplectic_runge_kutta_methods_2014.pdf,SMCS,Mathematics,2014,C:/Users/vwan118/Documents/MaoriStudy/CoS-Merged\SMCS\Mathematics\2014\high_order_multisymplectic_runge_kutta_methods_2014.pdf,"iiia, runge, wherea, iki"
627,integrability_properties_of_kahans_method_2014.pdf,SMCS,Mathematics,2014,C:/Users/vwan118/Documents/MaoriStudy/CoS-Merged\SMCS\Mathematics\2014\integrability_properties_of_kahans_method_2014.pdf,"wherehi, tou, whena, ehi, hone, kimura, runge, okamoto, patera, hirota, ramani"
628,modified_trigonometric_integrators_2014.pdf,SMCS,Mathematics,2014,C:/Users/vwan118/Documents/MaoriStudy/CoS-Merged\SMCS\Mathematics\2014\modified_trigonometric_integrators_2014.pdf,"iareo, wheree, iare, whereu"
629,numerical_bifurcation_theory_for_high_dimensional_neural_models_2014.pdf,SMCS,Mathematics,2014,C:/Users/vwan118/Documents/MaoriStudy/CoS-Merged\SMCS\Mathematics\2014\numerical_bifurcation_theory_for_high_dimensional_neural_models_2014.pdf,"toa, romero, ima, totime, uare, wiare, uwe, ea, amari"
630,on_conformal_variational_problems_and_free_boundary_continua_2014.pdf,SMCS,Mathematics,2014,C:/Users/vwan118/Documents/MaoriStudy/CoS-Merged\SMCS\Mathematics\2014\on_conformal_variational_problems_and_free_boundary_continua_2014.pdf,"ea, iui, ratiu"
631,partially_coherent_twisted_states_in_arrays_of_coupled_phase_oscillators_2014.pdf,SMCS,Mathematics,2014,C:/Users/vwan118/Documents/MaoriStudy/CoS-Merged\SMCS\Mathematics\2014\partially_coherent_twisted_states_in_arrays_of_coupled_phase_oscillators_2014.pdf,"kuramo, aei, kuramoto, natu"
632,pde_methods_for_two_dimensional_neural_fields_2014.pdf,SMCS,Mathematics,2014,C:/Users/vwan118/Documents/MaoriStudy/CoS-Merged\SMCS\Mathematics\2014\pde_methods_for_two_dimensional_neural_fields_2014.pdf,"timi, inone, wherea, ure, rotati, wewi, amari"
633,symplectic_integrators_for_spin_systems_2014.pdf,SMCS,Mathematics,2014,C:/Users/vwan118/Documents/MaoriStudy/CoS-Merged\SMCS\Mathematics\2014\symplectic_integrators_for_spin_systems_2014.pdf,"ratiu, touma, umu, runge, ima, ume, meineke"
634,taking_the_pulse_2014.pdf,SMCS,Mathematics,2014,C:/Users/vwan118/Documents/MaoriStudy/CoS-Merged\SMCS\Mathematics\2014\taking_the_pulse_2014.pdf,"tateno, teramae, kuramoto, araki, mato"
635,tumour_cell_biology_and_some_new_non_local_calculus_2014.pdf,SMCS,Mathematics,2014,C:/Users/vwan118/Documents/MaoriStudy/CoS-Merged\SMCS\Mathematics\2014\tumour_cell_biology_and_some_new_non_local_calculus_2014.pdf,
636,a_cell_growth_model_adapted_for_the_minimum_cell_size_division_2015.pdf,SMCS,Mathematics,2015,C:/Users/vwan118/Documents/MaoriStudy/CoS-Merged\SMCS\Mathematics\2015\a_cell_growth_model_adapted_for_the_minimum_cell_size_division_2015.pdf,kato
637,a_model_for_asymmetrical_cell_division_2015.pdf,SMCS,Mathematics,2015,C:/Users/vwan118/Documents/MaoriStudy/CoS-Merged\SMCS\Mathematics\2015\a_model_for_asymmetrical_cell_division_2015.pdf,minima
638,butcher_series_2015.pdf,SMCS,Mathematics,2015,C:/Users/vwan118/Documents/MaoriStudy/CoS-Merged\SMCS\Mathematics\2015\butcher_series_2015.pdf,"nare, murua, rami, tare"
639,chimeras_in_networks_with_purely_local_coupling_2015.pdf,SMCS,Mathematics,2015,C:/Users/vwan118/Documents/MaoriStudy/CoS-Merged\SMCS\Mathematics\2015\chimeras_in_networks_with_purely_local_coupling_2015.pdf,"kuramoto, aei"
640,coarse_grained_clustering_dynamics_of_heterogeneously_coupled_neurons_2015.pdf,SMCS,Mathematics,2015,C:/Users/vwan118/Documents/MaoriStudy/CoS-Merged\SMCS\Mathematics\2015\coarse_grained_clustering_dynamics_of_heterogeneously_coupled_neurons_2015.pdf,"kori, ihi, kuramoto, ina, emanate, mato"
641,collective_lie_poisson_integrators_on_ℝ3_2015.pdf,SMCS,Mathematics,2015,C:/Users/vwan118/Documents/MaoriStudy/CoS-Merged\SMCS\Mathematics\2015\collective_lie_poisson_integrators_on_ℝ3_2015.pdf,"runge, wherea, ratiu"
642,discretization_of_polynomial_vector_fields_by_polarization_2015.pdf,SMCS,Mathematics,2015,C:/Users/vwan118/Documents/MaoriStudy/CoS-Merged\SMCS\Mathematics\2015\discretization_of_polynomial_vector_fields_by_polarization_2015.pdf,"ooi, mana, hone, kimura, hirotakimura, iterate, hirota"
643,equation_free_analysis_of_spike_timing_dependent_plasticity_2015.pdf,SMCS,Mathematics,2015,C:/Users/vwan118/Documents/MaoriStudy/CoS-Merged\SMCS\Mathematics\2015\equation_free_analysis_of_spike_timing_dependent_plasticity_2015.pdf,"ree, poo, neurona, mito, ite, ime, wherea, noname, newu, whereu, homeo, kawamoto, ea, hange, ina, ona"
644,exact_neural_fields_incorporating_gap_junctions_2015.pdf,SMCS,Mathematics,2015,C:/Users/vwan118/Documents/MaoriStudy/CoS-Merged\SMCS\Mathematics\2015\exact_neural_fields_incorporating_gap_junctions_2015.pdf,"ine, wherei, parame, uramoto, neuro, ingo, kuramoto, kuramoto, hete, moira, reate, mato, amari"
645,modeling_heterogeneity_in_networks_using_uncertainty_quantification_tools_2015.pdf,SMCS,Mathematics,2015,C:/Users/vwan118/Documents/MaoriStudy/CoS-Merged\SMCS\Mathematics\2015\modeling_heterogeneity_in_networks_using_uncertainty_quantification_tools_2015.pdf,"ree, parame, ramoto, ime, ao, emotiona, ome, paramete, moreno, piare"
646,solutions_to_an_advanced_functional_partial_differential_equation_of_the_pantograph_type_2015.pdf,SMCS,Mathematics,2015,C:/Users/vwan118/Documents/MaoriStudy/CoS-Merged\SMCS\Mathematics\2015\solutions_to_an_advanced_functional_partial_differential_equation_of_the_pantograph_type_2015.pdf,"kato, ima, nare, ane"
647,the_multisymplectic_diamond_scheme_2015.pdf,SMCS,Mathematics,2015,C:/Users/vwan118/Documents/MaoriStudy/CoS-Merged\SMCS\Mathematics\2015\the_multisymplectic_diamond_scheme_2015.pdf,"runge, wherei, iare"
648,a_mechanistic_model_of_hydrogen_methanogen_dynamics_in_the_rumen_2016.pdf,SMCS,Mathematics,2016,C:/Users/vwan118/Documents/MaoriStudy/CoS-Merged\SMCS\Mathematics\2016\a_mechanistic_model_of_hydrogen_methanogen_dynamics_in_the_rumen_2016.pdf,"wanga, okine, hungate, takenaka, pape"
649,bumps_in_small-world_networks_2016.pdf,SMCS,Mathematics,2016,C:/Users/vwan118/Documents/MaoriStudy/CoS-Merged\SMCS\Mathematics\2016\bumps_in_small-world_networks_2016.pdf,"mie, aei, aee, iiare, mei, mii, popu, kuramoto, ere, automata, ewere, kuramoto, aie, mee, amari"
650,b_series_methods_are_exactly_the_affine_equivariant_methods_2016.pdf,SMCS,Mathematics,2016,C:/Users/vwan118/Documents/MaoriStudy/CoS-Merged\SMCS\Mathematics\2016\b_series_methods_are_exactly_the_affine_equivariant_methods_2016.pdf,"whena, umu, kito, runge, murua, ima, mapa, ume, rami"
651,chimera_states_in_networks_of_phase_oscillators_2016.pdf,SMCS,Mathematics,2016,C:/Users/vwan118/Documents/MaoriStudy/CoS-Merged\SMCS\Mathematics\2016\chimera_states_in_networks_of_phase_oscillators_2016.pdf,"whena, toa, ata, kuramoto, kuramoto, araki, kawamura, pere"
652,dimension_reduction_in_heterogeneous_neural_networks _2016.pdf,SMCS,Mathematics,2016,C:/Users/vwan118/Documents/MaoriStudy/CoS-Merged\SMCS\Mathematics\2016\dimension_reduction_in_heterogeneous_neural_networks _2016.pdf,"timehi, wheree, parame, ao, timee, hoe, hete, mea, itute"
653,efficient_and_accurate_methods_for_solving_the_time_dependent_spin_1_gross_pitaevskii_equation_2016.pdf,SMCS,Mathematics,2016,C:/Users/vwan118/Documents/MaoriStudy/CoS-Merged\SMCS\Mathematics\2016\efficient_and_accurate_methods_for_solving_the_time_dependent_spin_1_gross_pitaevskii_equation_2016.pdf,wheree
654,exact_analytical_expressions_for_the_final_epidemic_size_of_an_sir_model_on_small_networks_2016.pdf,SMCS,Mathematics,2016,C:/Users/vwan118/Documents/MaoriStudy/CoS-Merged\SMCS\Mathematics\2016\exact_analytical_expressions_for_the_final_epidemic_size_of_an_sir_model_on_small_networks_2016.pdf,"piii, rohani, piri, pone, mau"
655,geometry_of_discrete-time_spin_systems_2016.pdf,SMCS,Mathematics,2016,C:/Users/vwan118/Documents/MaoriStudy/CoS-Merged\SMCS\Mathematics\2016\geometry_of_discrete-time_spin_systems_2016.pdf,"ratiu, umu, nare, ima, ume"
656,modeling_heterogeneity_in_networks_using_polynomial_chaos_2016.pdf,SMCS,Mathematics,2016,C:/Users/vwan118/Documents/MaoriStudy/CoS-Merged\SMCS\Mathematics\2016\modeling_heterogeneity_in_networks_using_polynomial_chaos_2016.pdf,"ree, parame, ramoto, ime, wha, emotiona, ome, paramete, moreno, piare"
657,möbius_invariants_of_shapes_and_images_2016.pdf,SMCS,Mathematics,2016,C:/Users/vwan118/Documents/MaoriStudy/CoS-Merged\SMCS\Mathematics\2016\möbius_invariants_of_shapes_and_images_2016.pdf,"nini, ane, tohoku, minima, herei"
658,neural_field_models_with_threshold_noise_2016.pdf,SMCS,Mathematics,2016,C:/Users/vwan118/Documents/MaoriStudy/CoS-Merged\SMCS\Mathematics\2016\neural_field_models_with_threshold_noise_2016.pdf,"ato, amari"
659,probability_density_function_solutions_to_a_bessel_type_pantograph_equation_2016.pdf,SMCS,Mathematics,2016,C:/Users/vwan118/Documents/MaoriStudy/CoS-Merged\SMCS\Mathematics\2016\probability_density_function_solutions_to_a_bessel_type_pantograph_equation_2016.pdf,"kato, wakea"
660,symmetry_reduction_for_central_force_problems_2016.pdf,SMCS,Mathematics,2016,C:/Users/vwan118/Documents/MaoriStudy/CoS-Merged\SMCS\Mathematics\2016\symmetry_reduction_for_central_force_problems_2016.pdf,"ratiu, wherei, haretu, wherea, ato, pare, wheni"
661,the_use_of_discrete_gradient_methods_for_total_variation_type_regularization_problems_in_image_processing_2016.pdf,SMCS,Mathematics,2016,C:/Users/vwan118/Documents/MaoriStudy/CoS-Merged\SMCS\Mathematics\2016\the_use_of_discrete_gradient_methods_for_total_variation_type_regularization_problems_in_image_processing_2016.pdf,"rui, monotone, hereu, perona, kui, ima, uwe"
662,travelling_waves_in_arrays_of_delay_coupled_phase_oscillators_2016.pdf,SMCS,Mathematics,2016,C:/Users/vwan118/Documents/MaoriStudy/CoS-Merged\SMCS\Mathematics\2016\travelling_waves_in_arrays_of_delay_coupled_phase_oscillators_2016.pdf,"hietae, whe, iia, hetero, wai, iaei, neuro, ingo, uramoto, uto, aei, kuramoto, kuramoto, kuramoto, ranu, pere"
663,travelling_wave_solutions_of_multisymplectic_discretizations_of_semi_linear_wave_equations_2016.pdf,SMCS,Mathematics,2016,C:/Users/vwan118/Documents/MaoriStudy/CoS-Merged\SMCS\Mathematics\2016\travelling_wave_solutions_of_multisymplectic_discretizations_of_semi_linear_wave_equations_2016.pdf,"iiia, runge, ima, hetero, tare"
664,waves_in_spatially_disordered_neural_fields_2016.pdf,SMCS,Mathematics,2016,C:/Users/vwan118/Documents/MaoriStudy/CoS-Merged\SMCS\Mathematics\2016\waves_in_spatially_disordered_neural_fields_2016.pdf,"kuo, ea, amari, nare"
665,a_minimal_variable_symplectic_integrator_on_spheres_2017.pdf,SMCS,Mathematics,2017,C:/Users/vwan118/Documents/MaoriStudy/CoS-Merged\SMCS\Mathematics\2017\a_minimal_variable_symplectic_integrator_on_spheres_2017.pdf,"ratiu, iawi, nare, ima, iare, patera, ea, kaneko"
666,chimeras_in_two_dimensional_domains_2017.pdf,SMCS,Mathematics,2017,C:/Users/vwan118/Documents/MaoriStudy/CoS-Merged\SMCS\Mathematics\2017\chimeras_in_two_dimensional_domains_2017.pdf,"ima, wai, kao, uramoto, inate, aine, kuramoto, hietae, kare, rota, rire, ere, wou, hetero, neuro, imera, parame, ute, ite, emana, kawamura"
667,Coarse_grained_descriptions_of_dynamics_for_networks_with_both_intrinsic_and_structural_heterogeneities_2017.pdf,SMCS,Mathematics,2017,C:/Users/vwan118/Documents/MaoriStudy/CoS-Merged\SMCS\Mathematics\2017\Coarse_grained_descriptions_of_dynamics_for_networks_with_both_intrinsic_and_structural_heterogeneities_2017.pdf,"repeate, ome, reia, ori, kuramoto, paramete, iterate, ree, ature, takea, wherei, natura, whe, ute, wherea, nitetime, ture, eno, hetero"
668,discrete_gradient_methods_for_solving_variational_image_regularisation_models_2017.pdf,SMCS,Mathematics,2017,C:/Users/vwan118/Documents/MaoriStudy/CoS-Merged\SMCS\Mathematics\2017\discrete_gradient_methods_for_solving_variational_image_regularisation_models_2017.pdf,"rui, monotone, onu, hereu, perona, kui, ima, uwe, ue"
669,parametric_study_of_e_coli_incidence_with_reference_to_the_new_zealand_freshwater_standards_and_the_manawatū_whanganui_region_2017.pdf,SMCS,Mathematics,2017,C:/Users/vwan118/Documents/MaoriStudy/CoS-Merged\SMCS\Mathematics\2017\parametric_study_of_e_coli_incidence_with_reference_to_the_new_zealand_freshwater_standards_and_the_manawatū_whanganui_region_2017.pdf,"oruakeretaki, mangahei, mangatainoka, mangahao, piripiri, mangaatua, rangitawa, mākuri, turakina, kahuterawa, putara, pakihi, kauangaroa, mākākahi, ohau, mangatewainui, aotearoa, porewa, taumarunui, ōhau, onepuhi, koputaroa, tokorima, rehunga, piakatutu, waipu, runo, ōngarue, mangarangiora, akuri, horowhenua, huritini, tutaenui, hokio, onepuhia, mangatera, pongaroa, hāmua, papakai, whanganui, waikawa, ongarue, mangaweka, ngaturi, ohura, tokomaru, mowhanau, oringi, mākōtuku, ōhura, kumeti, ruatiti, iname, apiti, tiraumea, owahanga, rangataua, ngawapurua, waitangi, whirokino, ohakune, awahuri, waiouru, hautapu, atana, otuku, patiki, taringamotu, raetihi, mangawhata, kaiiwi, kawiu, ao, atāpiti, raparapawai, turitea, taihape, tokiahuru, ngatahaka, tiare, ahuna, mangaehuehu, mangawhero, pahiatua, whangaehu, tamaki, mangaore, eketāhuna, opiki, rangitīkei, arawhata, rata, pohangina, manakau, kiwitea, mangatoro, raupiu, pipiriki, manawatūatōpiki, oroua, maire, mangapapa, niwa, rewa, makomako, manganui, konini, ōroua, rātana, pukeokahu, akahi, amua"
670,phase_oscillator_network_models_of_brain_dynamics_2017.pdf,SMCS,Mathematics,2017,C:/Users/vwan118/Documents/MaoriStudy/CoS-Merged\SMCS\Mathematics\2017\phase_oscillator_network_models_of_brain_dynamics_2017.pdf,"paramete, iwe, kori, nakao, kuramoto, ranu, arai, iie, kawamura, pipa, aki"
671,two_classes_of_quadratic_vector_fields_for_which_the_kahan_discretization_is_integrable_2017.pdf,SMCS,Mathematics,2017,C:/Users/vwan118/Documents/MaoriStudy/CoS-Merged\SMCS\Mathematics\2017\two_classes_of_quadratic_vector_fields_for_which_the_kahan_discretization_is_integrable_2017.pdf,"hirotakimura, hone, kimura, hirota"
672,asymmetric_cell_division_with_stochastic_growth_rate_2018.pdf,SMCS,Mathematics,2018,C:/Users/vwan118/Documents/MaoriStudy/CoS-Merged\SMCS\Mathematics\2018\asymmetric_cell_division_with_stochastic_growth_rate_2018.pdf,"ue, popu, ato"
673,a_functional_partial_differential_equation_arising_in_a_cell_growth_model_with_dispersion_2018.pdf,SMCS,Mathematics,2018,C:/Users/vwan118/Documents/MaoriStudy/CoS-Merged\SMCS\Mathematics\2018\a_functional_partial_differential_equation_arising_in_a_cell_growth_model_with_dispersion_2018.pdf,"anare, kato, ane"
674,bifurcation_of_solutions_to_hamiltonian_boundary_value_problems_2018.pdf,SMCS,Mathematics,2018,C:/Users/vwan118/Documents/MaoriStudy/CoS-Merged\SMCS\Mathematics\2018\bifurcation_of_solutions_to_hamiltonian_boundary_value_problems_2018.pdf,"uwe, rui, onu, pii, haro, uto, arangi, nare, tuu, iwe, tare"
675,cell_division_and_the_pantograph_equation_2018.pdf,SMCS,Mathematics,2018,C:/Users/vwan118/Documents/MaoriStudy/CoS-Merged\SMCS\Mathematics\2018\cell_division_and_the_pantograph_equation_2018.pdf,"ima, kato, eaire, wherea"
676,chaos_in_small_networks_of_theta_neurons_2018.pdf,SMCS,Mathematics,2018,C:/Users/vwan118/Documents/MaoriStudy/CoS-Merged\SMCS\Mathematics\2018\chaos_in_small_networks_of_theta_neurons_2018.pdf,"nakao, kuramoto, ito"
677,explicit_solution_and_fine_asymptotics_for_a_critical_growth_fragmentation_equation_2018.pdf,SMCS,Mathematics,2018,C:/Users/vwan118/Documents/MaoriStudy/CoS-Merged\SMCS\Mathematics\2018\explicit_solution_and_fine_asymptotics_for_a_critical_growth_fragmentation_equation_2018.pdf,"wherewe, whereu, wetake, ue, ite, arie, numeri, initia"
678,hamiltonian_boundary_value_problems_conformal_symplectic_symmetries_and_conjugate_loci_2018.pdf,SMCS,Mathematics,2018,C:/Users/vwan118/Documents/MaoriStudy/CoS-Merged\SMCS\Mathematics\2018\hamiltonian_boundary_value_problems_conformal_symplectic_symmetries_and_conjugate_loci_2018.pdf,"oto, arangi, pii"
679,on_a_cell_division_equation_with_a_linear_growth_rate_2018.pdf,SMCS,Mathematics,2018,C:/Users/vwan118/Documents/MaoriStudy/CoS-Merged\SMCS\Mathematics\2018\on_a_cell_division_equation_with_a_linear_growth_rate_2018.pdf,"tare, kato, pare"
680,symplectic_integration_of_pdes_using_clebsch_variables_2018.pdf,SMCS,Mathematics,2018,C:/Users/vwan118/Documents/MaoriStudy/CoS-Merged\SMCS\Mathematics\2018\symplectic_integration_of_pdes_using_clebsch_variables_2018.pdf,"areo, ratiu, pii, arangi, uto, ima, pare"
681,the_dynamics_of_networks_of_identical_theta_neurons_2018.pdf,SMCS,Mathematics,2018,C:/Users/vwan118/Documents/MaoriStudy/CoS-Merged\SMCS\Mathematics\2018\the_dynamics_of_networks_of_identical_theta_neurons_2018.pdf,"kori, nare, kuramoto, ea, mato"
682,currents_and_finite_elements_as_tools_for_shape_space_2019.pdf,SMCS,Mathematics,2019,C:/Users/vwan118/Documents/MaoriStudy/CoS-Merged\SMCS\Mathematics\2019\currents_and_finite_elements_as_tools_for_shape_space_2019.pdf,"areo, iarea, noname, ano, hake, tii"
683,dynamics_and_stability_of_chimera_states_in_two_coupled_populations_of_oscillators_2019.pdf,SMCS,Mathematics,2019,C:/Users/vwan118/Documents/MaoriStudy/CoS-Merged\SMCS\Mathematics\2019\dynamics_and_stability_of_chimera_states_in_two_coupled_populations_of_oscillators_2019.pdf,"pau, kao, kuramoto, ere, kuramoto, iwe"
684,generalised_probability_mass_function_for_the_final_epidemic_size_of_an_sir_model_on_a_line_of_triangles_network_2019.pdf,SMCS,Mathematics,2019,C:/Users/vwan118/Documents/MaoriStudy/CoS-Merged\SMCS\Mathematics\2019\generalised_probability_mass_function_for_the_final_epidemic_size_of_an_sir_model_on_a_line_of_triangles_network_2019.pdf,"ato, mau"
685,men_will_stretch_out_their_eyes_2019.pdf,SMCS,Mathematics,2019,C:/Users/vwan118/Documents/MaoriStudy/CoS-Merged\SMCS\Mathematics\2019\men_will_stretch_out_their_eyes_2019.pdf,"hooke, enuma, ete, toa"
686,modelling_thermodynamic_feedback_on_the_metabolism_of_hydrogenotrophic_methanogens_2019.pdf,SMCS,Mathematics,2019,C:/Users/vwan118/Documents/MaoriStudy/CoS-Merged\SMCS\Mathematics\2019\modelling_thermodynamic_feedback_on_the_metabolism_of_hydrogenotrophic_methanogens_2019.pdf,"moate, eha, eri, hungate"
687,perspectives_on_geometric_numerical_integration_2019.pdf,SMCS,Mathematics,2019,C:/Users/vwan118/Documents/MaoriStudy/CoS-Merged\SMCS\Mathematics\2019\perspectives_on_geometric_numerical_integration_2019.pdf,"runge, rieure, teapārangi, maori, mau"
688,preface_special_issue_in_honor_of_reinout_quispel_2019.pdf,SMCS,Mathematics,2019,C:/Users/vwan118/Documents/MaoriStudy/CoS-Merged\SMCS\Mathematics\2019\preface_special_issue_in_honor_of_reinout_quispel_2019.pdf,"hone, iterate, runge, murua"
689,principal_symmetric_space_analysis_2019.pdf,SMCS,Mathematics,2019,C:/Users/vwan118/Documents/MaoriStudy/CoS-Merged\SMCS\Mathematics\2019\principal_symmetric_space_analysis_2019.pdf,"aare, uto, whereri, nare, wherea, ato, nare, oneai, minima, miai"
690,sea_change_2019.pdf,SMCS,Mathematics,2019,C:/Users/vwan118/Documents/MaoriStudy/CoS-Merged\SMCS\Mathematics\2019\sea_change_2019.pdf,"aotearoa, eke, noa, manapouri, waka"
691,symplectic_integration_of_boundary_value_problems_2019.pdf,SMCS,Mathematics,2019,C:/Users/vwan118/Documents/MaoriStudy/CoS-Merged\SMCS\Mathematics\2019\symplectic_integration_of_boundary_value_problems_2019.pdf,"uri, pii, iiia, arangi, anuma, nona, numa"
692,the_lie_algebra_of_classical_mechanics_2019.pdf,SMCS,Mathematics,2019,C:/Users/vwan118/Documents/MaoriStudy/CoS-Merged\SMCS\Mathematics\2019\the_lie_algebra_of_classical_mechanics_2019.pdf,"aei, touma, arangi, teoria, murua, iare, ato, uto, eme, whereu, operato, kineti, wherewi, nona, roote, atio, ue"
693,three_classes_of_quadratic_vector_fields_for_which_the_kahan_discretisation_is_the_root_of_a_generalised_manin_transformation_2019.pdf,SMCS,Mathematics,2019,C:/Users/vwan118/Documents/MaoriStudy/CoS-Merged\SMCS\Mathematics\2019\three_classes_of_quadratic_vector_fields_for_which_the_kahan_discretisation_is_the_root_of_a_generalised_manin_transformation_2019.pdf,"hone, takea, kimura, takinga, hirotakimura, hirota"
694,a_permutation_method_for_network_assembly_2020.pdf,SMCS,Mathematics,2020,C:/Users/vwan118/Documents/MaoriStudy/CoS-Merged\SMCS\Mathematics\2020\a_permutation_method_for_network_assembly_2020.pdf,"ono, uo, owo, oiii, titi, oni, uoi, aora, ono, iene, uo, oni, outo"
695,backward_error_analysis_for_variational_discretisations_of_partial_differential_equations_2020.pdf,SMCS,Mathematics,2020,C:/Users/vwan118/Documents/MaoriStudy/CoS-Merged\SMCS\Mathematics\2020\backward_error_analysis_for_variational_discretisations_of_partial_differential_equations_2020.pdf,"areo, uti, kui, pii, arangi, runge, hiai, hieai, murua, ano, hui"
696,conformal_image_registration_based_on_constrained_optimization_2020.pdf,SMCS,Mathematics,2020,C:/Users/vwan118/Documents/MaoriStudy/CoS-Merged\SMCS\Mathematics\2020\conformal_image_registration_based_on_constrained_optimization_2020.pdf,"arangi, reine, pena"
697,degree_assortativity_in_networks_of_spiking_neurons_2020.pdf,SMCS,Mathematics,2020,C:/Users/vwan118/Documents/MaoriStudy/CoS-Merged\SMCS\Mathematics\2020\degree_assortativity_in_networks_of_spiking_neurons_2020.pdf,"kare, arangi, kihara, hiroaki, ao, neuroni, kuramoto, hei, papo"
698,detection_of_high_codimensional_bifurcations_in_variational_pdes_2020.pdf,SMCS,Mathematics,2020,C:/Users/vwan118/Documents/MaoriStudy/CoS-Merged\SMCS\Mathematics\2020\detection_of_high_codimensional_bifurcations_in_variational_pdes_2020.pdf,"tomei, apārangi, mei, pura"
699,emergent_spaces_for_coupled_oscillators_2020.pdf,SMCS,Mathematics,2020,C:/Users/vwan118/Documents/MaoriStudy/CoS-Merged\SMCS\Mathematics\2020\emergent_spaces_for_coupled_oscillators_2020.pdf,"uti, pai, aromuri, kuramoto, ere, ure, whi, kuramoto, kuramo, huma"
700,homoclinic_tangencies_with_infinitely_many_asymptotically_stable_single_round_periodic_solutions_2020.pdf,SMCS,Mathematics,2020,C:/Users/vwan118/Documents/MaoriStudy/CoS-Merged\SMCS\Mathematics\2020\homoclinic_tangencies_with_infinitely_many_asymptotically_stable_single_round_periodic_solutions_2020.pdf,"ature, omena, ete, perio, nare, topo, muni"
701,learning_emergent_pdes_in_a_learned_emergent_space_2020.pdf,SMCS,Mathematics,2020,C:/Users/vwan118/Documents/MaoriStudy/CoS-Merged\SMCS\Mathematics\2020\learning_emergent_pdes_in_a_learned_emergent_space_2020.pdf,"kare, neta, ua, urai, ao, kuramoto, mohi, kuramoto, muri"
702,moving_bumps_in_theta_neuron_networks_2020.pdf,SMCS,Mathematics,2020,C:/Users/vwan118/Documents/MaoriStudy/CoS-Merged\SMCS\Mathematics\2020\moving_bumps_in_theta_neuron_networks_2020.pdf,"aine, ao, wherei, kuramoto, amari"
703,multisymplecticity_of_hybridizable_discontinuous_galerkin_methods_2020.pdf,SMCS,Mathematics,2020,C:/Users/vwan118/Documents/MaoriStudy/CoS-Merged\SMCS\Mathematics\2020\multisymplecticity_of_hybridizable_discontinuous_galerkin_methods_2020.pdf,"ratiu, ato, runge, runge, peraire, wherea, kui, uto, eorie, marini, onu"
704,novel_computational_approaches_and_their_applications_2020.pdf,SMCS,Mathematics,2020,C:/Users/vwan118/Documents/MaoriStudy/CoS-Merged\SMCS\Mathematics\2020\novel_computational_approaches_and_their_applications_2020.pdf,
705,numerical_bifurcation_analysis_of_pacemaker_dynamics_in_a_model_of_smooth_muscle_cells_2020.pdf,SMCS,Mathematics,2020,C:/Users/vwan118/Documents/MaoriStudy/CoS-Merged\SMCS\Mathematics\2020\numerical_bifurcation_analysis_of_pacemaker_dynamics_in_a_model_of_smooth_muscle_cells_2020.pdf,"kawakami, kitamura, aihara, arimoto, retina, emanate"
706,parallelization_initialization_and_boundary_treatments_for_the_diamond_scheme_2020.pdf,SMCS,Mathematics,2020,C:/Users/vwan118/Documents/MaoriStudy/CoS-Merged\SMCS\Mathematics\2020\parallelization_initialization_and_boundary_treatments_for_the_diamond_scheme_2020.pdf,"iiia, arangi, runge, iare"
707,preservation_of_bifurcations_of_hamiltonian_boundary_value_problems_under_discretisation_2020.pdf,SMCS,Mathematics,2020,C:/Users/vwan118/Documents/MaoriStudy/CoS-Merged\SMCS\Mathematics\2020\preservation_of_bifurcations_of_hamiltonian_boundary_value_problems_under_discretisation_2020.pdf,"pii, iiia, uto, arangi, uto"
708,the_effects_of_within_neuron_degree_correlations_in_networks_of_spiking_neurons_2020.pdf,SMCS,Mathematics,2020,C:/Users/vwan118/Documents/MaoriStudy/CoS-Merged\SMCS\Mathematics\2020\the_effects_of_within_neuron_degree_correlations_in_networks_of_spiking_neurons_2020.pdf,"kawakami, meira, aihara, arangi, kihara, iiare, wherea, ao, ao, neuroni, iare, wiare, neto"
709,understanding_the_dynamics_of_biological_and_neural_oscillator_networks_through_exact_mean_field_reductions_2020.pdf,SMCS,Mathematics,2020,C:/Users/vwan118/Documents/MaoriStudy/CoS-Merged\SMCS\Mathematics\2020\understanding_the_dynamics_of_biological_and_neural_oscillator_networks_through_exact_mean_field_reductions_2020.pdf,"owi, aaaa, akaoa, eneuro, eneuro, neuro, eama, toa, herewe, kuramoto, tomore, epi, ea, pone, amari"
710,analysing_simple_image_registrations_2021.pdf,SMCS,Mathematics,2021,C:/Users/vwan118/Documents/MaoriStudy/CoS-Merged\SMCS\Mathematics\2021\analysing_simple_image_registrations_2021.pdf,"aho, mani, tawhere, puri, waikato, akaike, waikato, amore, iterate, ina, mau"
711,asymmetrical_cell_division_with_exponential_growth_2021.pdf,SMCS,Mathematics,2021,C:/Users/vwan118/Documents/MaoriStudy/CoS-Merged\SMCS\Mathematics\2021\asymmetrical_cell_division_with_exponential_growth_2021.pdf,"terature, imu, popu, kato, uto"
712,dynamics_of_structured_networks_of_winfree_oscillators_2021.pdf,SMCS,Mathematics,2021,C:/Users/vwan118/Documents/MaoriStudy/CoS-Merged\SMCS\Mathematics\2021\dynamics_of_structured_networks_of_winfree_oscillators_2021.pdf,"wheree, ree, atatime, kiare, nene, teramae, parame, neuro, moreno, kihara, kuramoto, papo, paramete, aparangi, pone, mau, neto"
713,effects_of_degree_distributions_in_random_networks_of_type_i_neurons_2021.pdf,SMCS,Mathematics,2021,C:/Users/vwan118/Documents/MaoriStudy/CoS-Merged\SMCS\Mathematics\2021\effects_of_degree_distributions_in_random_networks_of_type_i_neurons_2021.pdf,"kawakami, aihara, kihara, kuramoto, automata, iiwere, kuramoto, iare, iwere, aparangi, outu, mau"
714,geometrically_aware_dynamic_markov_bases_for_statistical_linear_inverse_problems_2021.pdf,SMCS,Mathematics,2021,C:/Users/vwan118/Documents/MaoriStudy/CoS-Merged\SMCS\Mathematics\2021\geometrically_aware_dynamic_markov_bases_for_statistical_linear_inverse_problems_2021.pdf,"umare, rami, aare, takemura, nare, rota, riui, hara, minima, aoki, tare, uare, kaipio, initio, oru"
715,global_and_local_reduced_models_for_interacting_heterogeneous_agents_2021.pdf,SMCS,Mathematics,2021,C:/Users/vwan118/Documents/MaoriStudy/CoS-Merged\SMCS\Mathematics\2021\global_and_local_reduced_models_for_interacting_heterogeneous_agents_2021.pdf,"hou, pai, ito, ao, automata, nakamura, kuramoto, aro, monga, muri, titi, mou"
716,interpolating_between_bumps_and_chimeras_2021.pdf,SMCS,Mathematics,2021,C:/Users/vwan118/Documents/MaoriStudy/CoS-Merged\SMCS\Mathematics\2021\interpolating_between_bumps_and_chimeras_2021.pdf,"neura, kuramoto, pomeau, amari"
717,structure_preserving_deep_learning_2021.pdf,SMCS,Mathematics,2021,C:/Users/vwan118/Documents/MaoriStudy/CoS-Merged\SMCS\Mathematics\2021\structure_preserving_deep_learning_2021.pdf,"iori, ea, ena, totake, mari, nare, minima, rato, ono, iia, aine, anea, oureau, engio, eunarine, ao, oore, iterate"
718,tuning_symplectic_integrators_is_easy_and_worthwhile_2021.pdf,SMCS,Mathematics,2021,C:/Users/vwan118/Documents/MaoriStudy/CoS-Merged\SMCS\Mathematics\2021\tuning_symplectic_integrators_is_easy_and_worthwhile_2021.pdf,"touma, hou, nare, murua, makino"
719,unfolding_globally_resonant_homoclinic_tangencies_2021.pdf,SMCS,Mathematics,2021,C:/Users/vwan118/Documents/MaoriStudy/CoS-Merged\SMCS\Mathematics\2021\unfolding_globally_resonant_homoclinic_tangencies_2021.pdf,"tange, perio, wherea, newhou, wherepi, muni"
720,backward_error_analysis_for_conjugate_symplectic_methods_2022.pdf,SMCS,Mathematics,2022,C:/Users/vwan118/Documents/MaoriStudy/CoS-Merged\SMCS\Mathematics\2022\backward_error_analysis_for_conjugate_symplectic_methods_2022.pdf,"murua, hereo, morera, ino, uare"
721,chimeras_on_annuli_2022.pdf,SMCS,Mathematics,2022,C:/Users/vwan118/Documents/MaoriStudy/CoS-Merged\SMCS\Mathematics\2022\chimeras_on_annuli_2022.pdf,"ine, wai, kao, ingo, nare, kuramoto, kuramoto"
722,chimeras_with_uniformly_distributed_heterogeneity_2022.pdf,SMCS,Mathematics,2022,C:/Users/vwan118/Documents/MaoriStudy/CoS-Merged\SMCS\Mathematics\2022\chimeras_with_uniformly_distributed_heterogeneity_2022.pdf,"kuramoto, pau, renato, kuramoto, ere, kuramoto, iare, iwe"
723,collective_states_in_a_ring_network_of_theta_neurons_2022.pdf,SMCS,Mathematics,2022,C:/Users/vwan118/Documents/MaoriStudy/CoS-Merged\SMCS\Mathematics\2022\collective_states_in_a_ring_network_of_theta_neurons_2022.pdf,"aaaa, kuramoto, amari, reu"
724,differential_invariant_signatures_for_planar_lie_group_transformations_with_application_to_images_2022.pdf,SMCS,Mathematics,2022,C:/Users/vwan118/Documents/MaoriStudy/CoS-Merged\SMCS\Mathematics\2022\differential_invariant_signatures_for_planar_lie_group_transformations_with_application_to_images_2022.pdf,
725,explosive_behaviour_in_networks_of_winfree_oscillators_2022.pdf,SMCS,Mathematics,2022,C:/Users/vwan118/Documents/MaoriStudy/CoS-Merged\SMCS\Mathematics\2022\explosive_behaviour_in_networks_of_winfree_oscillators_2022.pdf,"meane, kare, teramae, moreno, wherea, ao, kitai, tomoki, kuramoto, papo, moira, aparangi, uterine, mau, neto"
726,functional_equivariance_and_conservation_laws_in_numerical_integration_2022.pdf,SMCS,Mathematics,2022,C:/Users/vwan118/Documents/MaoriStudy/CoS-Merged\SMCS\Mathematics\2022\functional_equivariance_and_conservation_laws_in_numerical_integration_2022.pdf,"iri, ratiu, monotone, iiia, runge, apa, murua, peraire, ima, eorie, ara, monotone"
727,learning_emergent_partial_differential_equations_in_a_learned_emergent_space_2022.pdf,SMCS,Mathematics,2022,C:/Users/vwan118/Documents/MaoriStudy/CoS-Merged\SMCS\Mathematics\2022\learning_emergent_partial_differential_equations_in_a_learned_emergent_space_2022.pdf,"urai, kare, urai, kuramoto, kuramoto, muri, ea"
728,pattern_formation_in_a_spatially_extended_model_of_pacemaker_dynamics_in_smooth_muscle_cells_2022.pdf,SMCS,Mathematics,2022,C:/Users/vwan118/Documents/MaoriStudy/CoS-Merged\SMCS\Mathematics\2022\pattern_formation_in_a_spatially_extended_model_of_pacemaker_dynamics_in_smooth_muscle_cells_2022.pdf,"kito, noma, monotone, rihana, kuo, ea, retina, ima, maini, tomita, ea, uterine, muni, aare"
729,theta_neuron_subject_to_delayed_feedback_2022.pdf,SMCS,Mathematics,2022,C:/Users/vwan118/Documents/MaoriStudy/CoS-Merged\SMCS\Mathematics\2022\theta_neuron_subject_to_delayed_feedback_2022.pdf,"owi, romeira, nare, kuramoto, minima, titoti"
730,using_aromas_to_search_for_preserved_measures_and_integrals_in_kahans_method_2022.pdf,SMCS,Mathematics,2022,C:/Users/vwan118/Documents/MaoriStudy/CoS-Merged\SMCS\Mathematics\2022\using_aromas_to_search_for_preserved_measures_and_integrals_in_kahans_method_2022.pdf,"ake, hirota, mea, kimura, murua, wherea, rota, ima, ure, wherei, ome, hirotakimura, atio, ini"
731,effects_of_multiple_matings_on_reproductive_fitness_of_2012.pdf,SMCS,Statistics,2012,C:/Users/vwan118/Documents/MaoriStudy/CoS-Merged\SMCS\Statistics\2012\effects_of_multiple_matings_on_reproductive_fitness_of_2012.pdf,"eea, manawatu, remate, eea, napi, rapae"
732,effects_of_multiple_matings_on_reproductive_fitness_of_male_and_female_diaeretiella_rapae_2012.pdf,SMCS,Statistics,2012,C:/Users/vwan118/Documents/MaoriStudy/CoS-Merged\SMCS\Statistics\2012\effects_of_multiple_matings_on_reproductive_fitness_of_male_and_female_diaeretiella_rapae_2012.pdf,"eea, manawatu, tomake, remate, napi, rapae"
733,estimating_the_likelihood_of_an_eruption_from_a_volcano_with_missing_onsets_in_its_record_2012.pdf,SMCS,Statistics,2012,C:/Users/vwan118/Documents/MaoriStudy/CoS-Merged\SMCS\Statistics\2012\estimating_the_likelihood_of_an_eruption_from_a_volcano_with_missing_onsets_in_its_record_2012.pdf,"taranaki, taupo, wanga, rotokare, umutekai, atime, iai, ea"
734,food_safety_in_the_21st_century_2012.pdf,SMCS,Statistics,2012,C:/Users/vwan118/Documents/MaoriStudy/CoS-Merged\SMCS\Statistics\2012\food_safety_in_the_21st_century_2012.pdf,anu
735,forecasting_catastrophic_stratovolcano_collapse_2012.pdf,SMCS,Statistics,2012,C:/Users/vwan118/Documents/MaoriStudy/CoS-Merged\SMCS\Statistics\2012\forecasting_catastrophic_stratovolcano_collapse_2012.pdf,"taranaki, taupo, pouakai, taranaki, waikato, manaia"
736,lidar_based_quantification_of_lava_flow_susceptibility_in_the_city_of_auckland_2012.pdf,SMCS,Statistics,2012,C:/Users/vwan118/Documents/MaoriStudy/CoS-Merged\SMCS\Statistics\2012\lidar_based_quantification_of_lava_flow_susceptibility_in_the_city_of_auckland_2012.pdf,"ao, matakarua, ara, orakei, ea, pukeiti, motukorea, motutapu, waitemata, hiranoremote, rangitoto, pahoehoe, mangere, minima, otuataua, pupuke, paiute, ea, automata, taupo, whangarei, automata, ngatutura, hirano, rongo, pieri, neri, okete, puketutu, pahoehoe, mauna, areahi, waitakere"
737,magma_output_rates_of_the_auckland_volcanic_field_2012.pdf,SMCS,Statistics,2012,C:/Users/vwan118/Documents/MaoriStudy/CoS-Merged\SMCS\Statistics\2012\magma_output_rates_of_the_auckland_volcanic_field_2012.pdf,"ketone, nea, matakarua, karoo, puhina, nari, taro, moreteau, mie, motukorea, rotomahana, waitemata, wairakei, inahue, ero, kaingaroa, romero, romano, meimei, nakamura, hori, iki, onepoto, minuta, okataina, ene, kaawa, apatite, haneke, puna, waipiata, ingo, manea, ngatutura, panaiotu, powai, maro, mauna, whi, waikato, pia, maungaika, titano, pukekohe, kaikohe, meti, tepapa, iwi, pakaha, ea, hange, korako, pore, hawaiite, urope, uwe, maungatakatake, hetu, moho, tongariro, maa, airakei, oni, oria, maungataketake, okete, ope, puketutu, hopi, manukau, inanga, himu, kuritani, nga, popa, merapi, wiri, tarawera, kone, ruapehu, kohuora, maori, earina, raine, kawa, romani, otara, reme, mangere, ame, pupuke, harangi, engaruka, taupo, rangitihi, murihiku, ruaumoko, aro, hunua, karinga, moire, marieno, moreira, ite, pahoehoe, maa, harangi, tutura, rotomakariri, pukaki, otuataua, ano, haa, hauraki, nia, kuiti, howie, wate, waitomokia, maketu, kaupia, orakei, waitomokoia, noma, mau, pukeiti, waiuku, waipapa, rangitoto, hopua, motio, peperite, maunganui, waikato, minu, marini, pukekiwiriki, tuakau, poto, uri, pouhawaiki, whangarei, nge, uehara, toro, romina, waimangu, ene, pere, pati, ngeo, anukau, irakei, niwa, perature, arou, ao, mangatawhiri, eru, onewhero, pokeno, mari, aike"
738,markov_modulated_hawkes_process_with_stepwise_decay_2012.pdf,SMCS,Statistics,2012,C:/Users/vwan118/Documents/MaoriStudy/CoS-Merged\SMCS\Statistics\2012\markov_modulated_hawkes_process_with_stepwise_decay_2012.pdf,"takaki, kiare, wii, omori, ito, nauka, akaike, iwata, ina"
739,new_zealand_and_uk_holocene_flooding_demonstrates_interhemispheric_climate_asynchrony_2012.pdf,SMCS,Statistics,2012,C:/Users/vwan118/Documents/MaoriStudy/CoS-Merged\SMCS\Statistics\2012\new_zealand_and_uk_holocene_flooding_demonstrates_interhemispheric_climate_asynchrony_2012.pdf,"tutira, aarau, minima"
740,paleomagnetic_and_geological_updates_to_an_event_order_model_for_the_auckland_volcanic_field_2012.pdf,SMCS,Statistics,2012,C:/Users/vwan118/Documents/MaoriStudy/CoS-Merged\SMCS\Statistics\2012\paleomagnetic_and_geological_updates_to_an_event_order_model_for_the_auckland_volcanic_field_2012.pdf,"ketone, nea, matakarua, karoo, puhina, nari, taro, moreteau, mie, motukorea, rotomahana, waitemata, wairakei, inahue, ero, kaingaroa, romero, romano, meimei, nakamura, hori, iki, onepoto, minuta, okataina, ene, kaawa, apatite, haneke, puna, waipiata, ingo, manea, ngatutura, panaiotu, powai, maro, mauna, whi, waikato, pia, maungaika, titano, pukekohe, kaikohe, meti, tepapa, iwi, pakaha, ea, hange, korako, pore, hawaiite, urope, uwe, maungatakatake, hetu, moho, tongariro, maa, airakei, oni, oria, maungataketake, okete, ope, puketutu, hopi, manukau, inanga, himu, kuritani, nga, popa, merapi, wiri, tarawera, kone, ruapehu, kohuora, maori, earina, raine, kawa, romani, otara, reme, mangere, ame, pupuke, harangi, engaruka, taupo, rangitihi, murihiku, ruaumoko, aro, hunua, karinga, moire, marieno, moreira, ite, pahoehoe, maa, harangi, tutura, rotomakariri, pukaki, otuataua, ano, haa, hauraki, nia, kuiti, howie, wate, waitomokia, maketu, kaupia, orakei, waitomokoia, noma, mau, pukeiti, waiuku, waipapa, rangitoto, hopua, motio, peperite, maunganui, waikato, minu, marini, pukekiwiriki, tuakau, poto, uri, pouhawaiki, whangarei, nge, uehara, toro, romina, waimangu, ene, pere, pati, ngeo, anukau, irakei, niwa, perature, arou, ao, mangatawhiri, eru, onewhero, pokeno, mari, aike"
741,potential_involvement_of_neospora_caninum_in_naturally_occurring_ovine_abortions_in_new_zealand_2012.pdf,SMCS,Statistics,2012,C:/Users/vwan118/Documents/MaoriStudy/CoS-Merged\SMCS\Statistics\2012\potential_involvement_of_neospora_caninum_in_naturally_occurring_ovine_abortions_in_new_zealand_2012.pdf,"okeoma, parana, omata, uteri, pare, uehara, puri, puri, moreno, uterine, mikami, ewe, neto"
742,probabilistic_eruption_forecasting_at_short_and_long_time_scales_2012.pdf,SMCS,Statistics,2012,C:/Users/vwan118/Documents/MaoriStudy/CoS-Merged\SMCS\Statistics\2012\probabilistic_eruption_forecasting_at_short_and_long_time_scales_2012.pdf,"pareto, ruapehu, whena, amore, ongaro, nota, taranaki, monotone, tupungatito, nare, toa, marapi, murata, ruaumoko, ngauruhoe, akaike, tanaka, neri, aki, taipe, mauna, atime"
743,putting_it_all_together_2012.pdf,SMCS,Statistics,2012,C:/Users/vwan118/Documents/MaoriStudy/CoS-Merged\SMCS\Statistics\2012\putting_it_all_together_2012.pdf,"automa, nee, tomake, uiowa, ame, ure, ture, peo"
744,the_brailler_project_2012.pdf,SMCS,Statistics,2012,C:/Users/vwan118/Documents/MaoriStudy/CoS-Merged\SMCS\Statistics\2012\the_brailler_project_2012.pdf,"onetime, riate, ea"
745,the_discrete_additive_weibull_distribution_2012.pdf,SMCS,Statistics,2012,C:/Users/vwan118/Documents/MaoriStudy/CoS-Merged\SMCS\Statistics\2012\the_discrete_additive_weibull_distribution_2012.pdf,"pareto, aia, ata, ao"
746,the_spatial_and_temporal_determinants_of_campylobacteriosis_notifications_in_new_zealand_2012.pdf,SMCS,Statistics,2012,C:/Users/vwan118/Documents/MaoriStudy/CoS-Merged\SMCS\Statistics\2012\the_spatial_and_temporal_determinants_of_campylobacteriosis_notifications_in_new_zealand_2012.pdf,"niwa, kenepuru, pirie, manawatu, noti, pirie, porirua, noti, otaki, tui, runo"
747,age_distance_and_geochemical_evolution_within_a_monogenetic_volcanic_field_2013.pdf,SMCS,Statistics,2013,C:/Users/vwan118/Documents/MaoriStudy/CoS-Merged\SMCS\Statistics\2013\age_distance_and_geochemical_evolution_within_a_monogenetic_volcanic_field_2013.pdf,"wiri, pukaki, waitomokia, matakarua, kohuora, orakei, pukeiti, motukorea, rangitoto, hopua, aike, otara, nakamura, mangere, hikurangi, pupuke, matukutureia, onepoto, kano, pukekiwiriki, apatite, pouhawaiki, ngatutura, hirano, maungataketake, okete, puketutu, tepouhawaiki, hoke, komatiite, otuataua, hauraki"
748,application_of_molecular_epidemiology_to_understanding_campylobacteriosis_in_the_canterbury_region_of_new_zealand_2013.pdf,SMCS,Statistics,2013,C:/Users/vwan118/Documents/MaoriStudy/CoS-Merged\SMCS\Statistics\2013\application_of_molecular_epidemiology_to_understanding_campylobacteriosis_in_the_canterbury_region_of_new_zealand_2013.pdf,"manawatu, hori, matamatapiako, noti, iare, timaru"
749,assessing_the_potential_improvement_in_short_term_earthquake_forecasts_from_incorporation_of_gps_data_2013.pdf,SMCS,Statistics,2013,C:/Users/vwan118/Documents/MaoriStudy/CoS-Merged\SMCS\Statistics\2013\assessing_the_potential_improvement_in_short_term_earthquake_forecasts_from_incorporation_of_gps_data_2013.pdf,"eri, oware, kato, omori"
750,a_first_hazard_analysis_of_the_quaternary_harrat_al_madinah_volcanic_field_saudi_arabia_2013.pdf,SMCS,Statistics,2013,C:/Users/vwan118/Documents/MaoriStudy/CoS-Merged\SMCS\Statistics\2013\a_first_hazard_analysis_of_the_quaternary_harrat_al_madinah_volcanic_field_saudi_arabia_2013.pdf,"taranaki, runge, kau, tohoku, ea, tanaka"
751,a_longitudinal_analysis_of_infant_and_senescent_mortality_using_mixture_models_2013.pdf,SMCS,Statistics,2013,C:/Users/vwan118/Documents/MaoriStudy/CoS-Merged\SMCS\Statistics\2013\a_longitudinal_analysis_of_infant_and_senescent_mortality_using_mixture_models_2013.pdf,"kotuitui, maori"
752,a_prospective_case_control_and_molecular_epidemiological_study_of_human_cases_of_shiga_toxin_producing_escherichia_coli_in_new_zealand_2013.pdf,SMCS,Statistics,2013,C:/Users/vwan118/Documents/MaoriStudy/CoS-Merged\SMCS\Statistics\2013\a_prospective_case_control_and_molecular_epidemiological_study_of_human_cases_of_shiga_toxin_producing_escherichia_coli_in_new_zealand_2013.pdf,"mariani, nono, taranaki, pirie, keene, manawatu, nini, epi, mina, ipomoea, paunio, eae, porirua, waikato, akaike, rotorua, ruutu"
753,campylobacter_jejuni_colonization_and_population_structure_in_urban_populations_of_ducks_and_starlings_in_new_zealand_2013.pdf,SMCS,Statistics,2013,C:/Users/vwan118/Documents/MaoriStudy/CoS-Merged\SMCS\Statistics\2013\campylobacter_jejuni_colonization_and_population_structure_in_urban_populations_of_ducks_and_starlings_in_new_zealand_2013.pdf,"pirie, manawatu, pora, hokowhitu, ure, mapa, noti, mau"
754,geochemical_precursors_for_eruption_repose_length_2013.pdf,SMCS,Statistics,2013,C:/Users/vwan118/Documents/MaoriStudy/CoS-Merged\SMCS\Statistics\2013\geochemical_precursors_for_eruption_repose_length_2013.pdf,"howie, taranaki, taupo, rotokare, umutekai, taranaki, tongariro, akaike, tio"
755,holocene_river_behaviour_in_new_zealand_2013.pdf,SMCS,Statistics,2013,C:/Users/vwan118/Documents/MaoriStudy/CoS-Merged\SMCS\Statistics\2013\holocene_river_behaviour_in_new_zealand_2013.pdf,"waitotara, okuru, mangatainoka, mangahao, karori, waiongana, hinuera, takaka, rangitawa, taranaki, karakatuwhero, manawatu, nino, kaharoa, porewa, waitaki, waipaoa, mokihinui, manuherikia, whangawehi, hurunui, waimata, rangitaiki, waikawa, mohaka, awaroa, wainuiomata, awakino, motu, wharekopae, kaikoura, oparau, kaipo, otaio, ngaruroro, whakatane, hokuri, waimakariri, ature, paraparaumu, oruanui, huangarua, paringa, waita, waiiti, pakarae, wairoa, waitahanui, wanganui, kaitoke, atatu, mangakuri, mangatea, poerua, waikaha, akatarawa, hume, mataura, waihuka, ruapehu, hopuruahine, waikarokaro, waipara, awatere, waingongoro, waikanae, manganuiateao, muaupoko, waipa, taramakau, taupo, raparapawai, kaka, oaonuioaoiti, whataroa, tutira, makara, waiohine, whangaparaoa, mahitahi, whangaehu, hikurangi, waiwakaiho, kauaeranga, tamaki, whirinaki, taieri, wairakau, ohariu, whakapapa, waihora, waikari, waitaha, oreti, ohinemuri, mata, wharekahika, waikato, ruamahanga, kahao, tongaporutu, ota, waihohonu, rangitata, horokiri, whau, wairau"
756,identifying_anomalous_signals_in_gps_data_using_hmms_2013.pdf,SMCS,Statistics,2013,C:/Users/vwan118/Documents/MaoriStudy/CoS-Merged\SMCS\Statistics\2013\identifying_anomalous_signals_in_gps_data_using_hmms_2013.pdf,"taupo, akaike"
757,intracisternal_enzyme_replacement_therapy_in_lysosomal_storage_diseases_2013.pdf,SMCS,Statistics,2013,C:/Users/vwan118/Documents/MaoriStudy/CoS-Merged\SMCS\Statistics\2013\intracisternal_enzyme_replacement_therapy_in_lysosomal_storage_diseases_2013.pdf,"urane, iiia, miniii, tamura, ina, pone, ea, minii"
758,modeling_thickness_variability_in_tephra_deposition_2013.pdf,SMCS,Statistics,2013,C:/Users/vwan118/Documents/MaoriStudy/CoS-Merged\SMCS\Statistics\2013\modeling_thickness_variability_in_tephra_deposition_2013.pdf,"taranaki, tarawera, taupo, ao, ruapehu, akaike, oneatatime"
759,models_for_temporal_volcanic_hazard_2013.pdf,SMCS,Statistics,2013,C:/Users/vwan118/Documents/MaoriStudy/CoS-Merged\SMCS\Statistics\2013\models_for_temporal_volcanic_hazard_2013.pdf,"patane, taranaki, ruapehu, akaike, ea, ruapehu"
760,multiple_outbreaks_of_a_novel_norovirus_gii_4_linked_to_an_infected_post_symptomatic_food_handler_2013.pdf,SMCS,Statistics,2013,C:/Users/vwan118/Documents/MaoriStudy/CoS-Merged\SMCS\Statistics\2013\multiple_outbreaks_of_a_novel_norovirus_gii_4_linked_to_an_infected_post_symptomatic_food_handler_2013.pdf,"epi, porirua, noti, tamura, aoki, puri"
761,prevalence_and_risk_factor_analysis_of_feline_haemoplasma_infection_in_new_zealand_domestic_cats_2013.pdf,SMCS,Statistics,2013,C:/Users/vwan118/Documents/MaoriStudy/CoS-Merged\SMCS\Statistics\2013\prevalence_and_risk_factor_analysis_of_feline_haemoplasma_infection_in_new_zealand_domestic_cats_2013.pdf,onoma
762,prevalence_and_risk_factor_analysis_of_feline_haemoplasma_infection_in_new_zealand_domestic_cats_using_a_real_time_pcr_assay_2013.pdf,SMCS,Statistics,2013,C:/Users/vwan118/Documents/MaoriStudy/CoS-Merged\SMCS\Statistics\2013\prevalence_and_risk_factor_analysis_of_feline_haemoplasma_infection_in_new_zealand_domestic_cats_using_a_real_time_pcr_assay_2013.pdf,"anaemia, taroura, roura, anaemia, tanahara"
763,robust_estimation_for_the_weibull_process_applied_to_eruption_records_2013.pdf,SMCS,Statistics,2013,C:/Users/vwan118/Documents/MaoriStudy/CoS-Merged\SMCS\Statistics\2013\robust_estimation_for_the_weibull_process_applied_to_eruption_records_2013.pdf,neri
764,schmidt_hammer_exposure_age_dating_of_late_quaternary_fluvial_terraces_in_new_zealand_2013.pdf,SMCS,Statistics,2013,C:/Users/vwan118/Documents/MaoriStudy/CoS-Merged\SMCS\Statistics\2013\schmidt_hammer_exposure_age_dating_of_late_quaternary_fluvial_terraces_in_new_zealand_2013.pdf,"arapaho, waioeka, amore, waipara, awatere, mangapokia, kaikoura, wairarapa, akai, ea, ohau, raukumara, okuku, niwa, tekapo, urewera, pahau, rakaia, tewari"
765,statistical_software_from_a_blind_persons_perspective_2013.pdf,SMCS,Statistics,2013,C:/Users/vwan118/Documents/MaoriStudy/CoS-Merged\SMCS\Statistics\2013\statistical_software_from_a_blind_persons_perspective_2013.pdf,rami
766,tephra_hazards_and_explosive_eruption_mechanisms_of_basaltic_eruptions_in_the_harrat_rahat_saudi_arabia_2013.pdf,SMCS,Statistics,2013,C:/Users/vwan118/Documents/MaoriStudy/CoS-Merged\SMCS\Statistics\2013\tephra_hazards_and_explosive_eruption_mechanisms_of_basaltic_eruptions_in_the_harrat_rahat_saudi_arabia_2013.pdf,"ere, eru"
767,application_of_molecular_epidemiology_to_understanding_campylobacteriosis_in_the_canterbury_region_of_new_zealand_2014.pdf,SMCS,Statistics,2014,C:/Users/vwan118/Documents/MaoriStudy/CoS-Merged\SMCS\Statistics\2014\application_of_molecular_epidemiology_to_understanding_campylobacteriosis_in_the_canterbury_region_of_new_zealand_2014.pdf,"manawatu, matamatapiako, timaru, hori"
768,automated_statistical_matching_of_multiple_tephra_records_exemplified_using_five_long_maar_sequences_younger_than_75ka_auckland_new_zealand_2014.pdf,SMCS,Statistics,2014,C:/Users/vwan118/Documents/MaoriStudy/CoS-Merged\SMCS\Statistics\2014\automated_statistical_matching_of_multiple_tephra_records_exemplified_using_five_long_maar_sequences_younger_than_75ka_auckland_new_zealand_2014.pdf,"poihipiokaiamaketu, rere, ruapehu, maketu, orakei, ea, poihipi, okareka, tahuna, pukeiti, okaia, taranaki, hauparu, mahoe, hopua, mamaku, maungataketakemangere, otara, rotorua, minima, pupuke, otuataua, kaipo, onepoto, manurewa, tuhua, pukekiwiriki, onepotopukakiorakeihopuapupuke, okataina, motukoreawaitemata, taupo, oruanui, waiohau, tongariro, akaike, rerewhakaaitu, pamure, ea, rotoma, manukau, opepe, pukaki, rotoehu"
769,beyond_the_gompertz_law_2014.pdf,SMCS,Statistics,2014,C:/Users/vwan118/Documents/MaoriStudy/CoS-Merged\SMCS\Statistics\2014\beyond_the_gompertz_law_2014.pdf,"ano, uia, tuitui, arima, ori"
770,convergent_local_adaptation_in_size_and_growth_rate_but_not_metabolic_rate_in_a_pair_of_parapatric_orthoptera_species_2014.pdf,SMCS,Statistics,2014,C:/Users/vwan118/Documents/MaoriStudy/CoS-Merged\SMCS\Statistics\2014\convergent_local_adaptation_in_size_and_growth_rate_but_not_metabolic_rate_in_a_pair_of_parapatric_orthoptera_species_2014.pdf,"iae, ruohomaki, waiopehu, ruapehu, karamu, maori, mahoe, taranaki, rami, manawatu, harakeke, ero, miro, kahuterawa, niki, taupata, wehi, manaia, weta, weta"
771,geographic_divergence_of_bovine_and_human_shiga_toxin_producing_escherichia_coli_o157_2014.pdf,SMCS,Statistics,2014,C:/Users/vwan118/Documents/MaoriStudy/CoS-Merged\SMCS\Statistics\2014\geographic_divergence_of_bovine_and_human_shiga_toxin_producing_escherichia_coli_o157_2014.pdf,"nono, eaea, taranaki, mora, kari, eeo, eae, porirua, pone, ea"
772,long_term_forecasting_of_volcanic_explosivity_2014.pdf,SMCS,Statistics,2014,C:/Users/vwan118/Documents/MaoriStudy/CoS-Merged\SMCS\Statistics\2014\long_term_forecasting_of_volcanic_explosivity_2014.pdf,"merapi, taranaki, pareto, iname, mauna, amore, hiare, awu, ea, neri"
773,separating_morphologically_similar_pollen_types_using_basic_shape_features_from_digital_images_2014.pdf,SMCS,Statistics,2014,C:/Users/vwan118/Documents/MaoriStudy/CoS-Merged\SMCS\Statistics\2014\separating_morphologically_similar_pollen_types_using_basic_shape_features_from_digital_images_2014.pdf,"pore, whenua, kanuka, manaaki, ao, manuka, mutukumira"
774,statistical_software_for_blind_students_and_practitioners_2014.pdf,SMCS,Statistics,2014,C:/Users/vwan118/Documents/MaoriStudy/CoS-Merged\SMCS\Statistics\2014\statistical_software_for_blind_students_and_practitioners_2014.pdf,"openo, ine, reroute"
775,traumatic_brain_injury_axonal_injury_and_shaking_in_new_zealand_sea_lion_pups_2014.pdf,SMCS,Statistics,2014,C:/Users/vwan118/Documents/MaoriStudy/CoS-Merged\SMCS\Statistics\2014\traumatic_brain_injury_axonal_injury_and_shaking_in_new_zealand_sea_lion_pups_2014.pdf,"hookeri, nau, whi, roea"
776,vents_to_events_2014.pdf,SMCS,Statistics,2014,C:/Users/vwan118/Documents/MaoriStudy/CoS-Merged\SMCS\Statistics\2014\vents_to_events_2014.pdf,"tare, runge, hawaiite, ruaumoko, kaa, tanaka, ongaro, ea, neri, naa"
777,advice_from_blind_teachers_on_how_to_teach_statistics_to_blind_students_2015.pdf,SMCS,Statistics,2015,C:/Users/vwan118/Documents/MaoriStudy/CoS-Merged\SMCS\Statistics\2015\advice_from_blind_teachers_on_how_to_teach_statistics_to_blind_students_2015.pdf,"noti, oneonone"
778,elevational_variation_in_adult_body_size_and_growth_rate_but_not_in_metabolic_rate_in_the_tree_weta_hemideina_crassidens_2015.pdf,SMCS,Statistics,2015,C:/Users/vwan118/Documents/MaoriStudy/CoS-Merged\SMCS\Statistics\2015\elevational_variation_in_adult_body_size_and_growth_rate_but_not_in_metabolic_rate_in_the_tree_weta_hemideina_crassidens_2015.pdf,"rangataiki, iae, whirinaki, maori, mahoe, taranaki, rami, pohokura, rangiwahia, miro, rana, kahuterawa, taupata, wehi, manu, tongariro, pone, weta, uwo, wanganui, raupo, reuni, weta, nga"
779,identifying_multiple_eruption_phases_from_a_compound_tephra_blanket_2015.pdf,SMCS,Statistics,2015,C:/Users/vwan118/Documents/MaoriStudy/CoS-Merged\SMCS\Statistics\2015\identifying_multiple_eruption_phases_from_a_compound_tephra_blanket_2015.pdf,"ene, pore, ree, aramaki, tarawera, uture, iki, hawaiia, ao, mauna, eru, akaike, murata, oema, kaneko, ea"
780,improved_resolution_of_cave_weta_diversity_2015.pdf,SMCS,Statistics,2015,C:/Users/vwan118/Documents/MaoriStudy/CoS-Merged\SMCS\Statistics\2015\improved_resolution_of_cave_weta_diversity_2015.pdf,"tenaki, taumataroa, kauri, aenea, ngatikuri, tomake, whakapaku, waikato, kohuroaunuwhao, ānuka, kuri, tipupūtaiao, whangarei, wewere, atunuwhao, waipu, weta, waitomo, unuwhao, paki, āti"
781,probabilistic_volcanic_hazard_assessment_2015.pdf,SMCS,Statistics,2015,C:/Users/vwan118/Documents/MaoriStudy/CoS-Merged\SMCS\Statistics\2015\probabilistic_volcanic_hazard_assessment_2015.pdf,"akaike, amena, runge, tohoku, akaike, enomena, neri"
782,risk_factors_for_neonatal_calf_diarrhoea_and_enteropathogen_shedding_in_new_zealand_dairy_farms_2015.pdf,SMCS,Statistics,2015,C:/Users/vwan118/Documents/MaoriStudy/CoS-Merged\SMCS\Statistics\2015\risk_factors_for_neonatal_calf_diarrhoea_and_enteropathogen_shedding_in_new_zealand_dairy_farms_2015.pdf,"taranaki, whakatiki, kaneene, waikato, akaike, manawatuwanganui"
783,sensitivity_to_volcanic_field_boundary_2015.pdf,SMCS,Statistics,2015,C:/Users/vwan118/Documents/MaoriStudy/CoS-Merged\SMCS\Statistics\2015\sensitivity_to_volcanic_field_boundary_2015.pdf,"arearunge, rangitoto, runge, neri, kura, minimumarea, hirano, tohoku, aike, tanaka, kanatani"
784,septicaemia_and_meningitis_caused_by_infection_of_new_zealand_sea_lion_pups_with_a_hypermucoviscous_strain_of_klebsiella_pneumoniae_2015.pdf,SMCS,Statistics,2015,C:/Users/vwan118/Documents/MaoriStudy/CoS-Merged\SMCS\Statistics\2015\septicaemia_and_meningitis_caused_by_infection_of_new_zealand_sea_lion_pups_with_a_hypermucoviscous_strain_of_klebsiella_pneumoniae_2015.pdf,"hookeri, retina, haritani, puri, roea"
785,spatio_volumetric_hazard_estimation_in_the_auckland_volcanic_field_2015.pdf,SMCS,Statistics,2015,C:/Users/vwan118/Documents/MaoriStudy/CoS-Merged\SMCS\Statistics\2015\spatio_volumetric_hazard_estimation_in_the_auckland_volcanic_field_2015.pdf,"wiri, pukaki, waitomokia, oronoi, matakarua, kohuora, tohoku, orakei, pukeiti, motukorea, rangitoto, hopua, otara, mangere, pupuke, onepoto, murata, pukekiwiriki, pouhawaiki, runge, maungataketake, neri, tanaka, puketutu, otuataua"
786,the_consumers_risk_and_costs_in_zero_acceptance_number_sampling_2015.pdf,SMCS,Statistics,2015,C:/Users/vwan118/Documents/MaoriStudy/CoS-Merged\SMCS\Statistics\2015\the_consumers_risk_and_costs_in_zero_acceptance_number_sampling_2015.pdf,"iie, pae, hui, pare"
787,using_a_common_commensal_bacterium_in_endangered_takahe_as_a_model_to_explore_pathogen_dynamics_in_isolated_wildlife_populations_2015.pdf,SMCS,Statistics,2015,C:/Users/vwan118/Documents/MaoriStudy/CoS-Merged\SMCS\Statistics\2015\using_a_common_commensal_bacterium_in_endangered_takahe_as_a_model_to_explore_pathogen_dynamics_in_isolated_wildlife_populations_2015.pdf,"pone, maungatautari, tiritiri, mana, pukeko, kapiti, mapa, epi, akaike, takahe, takahe, matangi, anau, maori, tiene"
788,circadian_rhythm_of_calciotropic_hormones_serum_calcium_phosphorus_and_magnesium_during_the_shortest_and_longest_days_of_the_year_in_horses_in_new_zealand_2016.pdf,SMCS,Statistics,2016,C:/Users/vwan118/Documents/MaoriStudy/CoS-Merged\SMCS\Statistics\2016\circadian_rhythm_of_calciotropic_hormones_serum_calcium_phosphorus_and_magnesium_during_the_shortest_and_longest_days_of_the_year_in_horses_in_new_zealand_2016.pdf,"tei, ria, retina"
789,cumulative_coulomb_stress_triggering_as_an_explanation_for_the_canterbury_aftershock_sequence_2016.pdf,SMCS,Statistics,2016,C:/Users/vwan118/Documents/MaoriStudy/CoS-Merged\SMCS\Statistics\2016\cumulative_coulomb_stress_triggering_as_an_explanation_for_the_canterbury_aftershock_sequence_2016.pdf,"pore, iae, anamori, omori, tohoku, aki, kanamori, ngeo"
790,decomposition_of_stock_market_trade_offs_using_shewhart_methodology_2016.pdf,SMCS,Statistics,2016,C:/Users/vwan118/Documents/MaoriStudy/CoS-Merged\SMCS\Statistics\2016\decomposition_of_stock_market_trade_offs_using_shewhart_methodology_2016.pdf,"hao, ea, okou"
791,diversity_and_relatedness_of_shiga_toxin_producing_escherichia_coli_and_campylobacter_jejuni_between_farms_in_a_dairy_catchment_2016.pdf,SMCS,Statistics,2016,C:/Users/vwan118/Documents/MaoriStudy/CoS-Merged\SMCS\Statistics\2016\diversity_and_relatedness_of_shiga_toxin_producing_escherichia_coli_and_campylobacter_jejuni_between_farms_in_a_dairy_catchment_2016.pdf,"niwa, nono, eaea, nono, pukeko, taieri, ruakura, areawere, toenepi, matamatapiako, eae, takahe, noti"
792,emergency_department_length_of_stay_for_maori_and_european_patients_in_new_zealand_2016.pdf,SMCS,Statistics,2016,C:/Users/vwan118/Documents/MaoriStudy/CoS-Merged\SMCS\Statistics\2016\emergency_department_length_of_stay_for_maori_and_european_patients_in_new_zealand_2016.pdf,"ruahine, whakapapa, eru, pomare, pakeha, rangahau, ropu, akaike, maori, hauora"
793,environment_host_and_fungal_traits_predict_continental_scale_white_nose_syndrome_in_bats_2016.pdf,SMCS,Statistics,2016,C:/Users/vwan118/Documents/MaoriStudy/CoS-Merged\SMCS\Statistics\2016\environment_host_and_fungal_traits_predict_continental_scale_white_nose_syndrome_in_bats_2016.pdf,"ene, tato, teu, ata, parame, akima, teu, toa, wewere, whi, korine, akima, ea, eeu"
794,estimating_bacterial_pathogen_levels_in_new_zealand_bulk_tank_milk_2016.pdf,SMCS,Statistics,2016,C:/Users/vwan118/Documents/MaoriStudy/CoS-Merged\SMCS\Statistics\2016\estimating_bacterial_pathogen_levels_in_new_zealand_bulk_tank_milk_2016.pdf,"nono, pirie, pii, manawatu, rotariu, riu, kanenaka, waikato, onetime, timaru, rapa"
795,estimation_of_tephra_volumes_from_sparse_and_incompletely_observed_deposit_thicknesses_2016.pdf,SMCS,Statistics,2016,C:/Users/vwan118/Documents/MaoriStudy/CoS-Merged\SMCS\Statistics\2016\estimation_of_tephra_volumes_from_sparse_and_incompletely_observed_deposit_thicknesses_2016.pdf,"pukekiti, waipuku, paetahi, hereare, rangatauanuie, pukeiti, taranaki, mahoe, hopua, kaponga, maeno, minima, iare, pupuke, moreno, onepoto, umutekairotokare, taupo, rotokare, tuikonga, tongariro, koru, korito, akaike, rangatauanui, waitepuku, manganui, konini, aare, kito, umutekai, tariki, ao, aranaki, umutekaia, tio, kaneko, pukaki"
796,evaluation_and_comparison_of_vitamin_d_responsive_gene_expression_in_ovine_canine_and_equine_kidney_2016.pdf,SMCS,Statistics,2016,C:/Users/vwan118/Documents/MaoriStudy/CoS-Merged\SMCS\Statistics\2016\evaluation_and_comparison_of_vitamin_d_responsive_gene_expression_in_ovine_canine_and_equine_kidney_2016.pdf,"heowa, tio, uti, oaiu, unowo, konoi, uwu, ue, hukaho, oheoo, aie, eoo, eukeo, uo, maeoho, uiaho, nua, oaieha, oea, tuwoianuno, uneo, hanio, amuno, naa, earoa, heou, amo, heoeuke, ea, uoano, eiu, munia, ako, unaihuwo, humo, oka, umo, kono, heono, owo, nokahuwo, wui, uaho, aui, ua, ianuno, uhu, aha, konoo, keere, eomu, heoawo, munu, heoeukeo, ere, heoo, onio, eawo, aoe, oeukeo, heo, ina, ahe, unawa, unounia, oniu, ohoiho, ano, aho, uoha, oho, aroa, aiho, eki, eawoeukeo, wuno, aihuwaho, tuwo, okahuwo, taa, oheo, heohe, pone, anio, wuha, muno, pui, aumo, eiuee, oaho"
797,influence_of_blanketing_and_season_on_vitamin_d_and_parathyroid_hormone_calcium_phosphorus_and_magnesium_concentrations_in_horses_in_new_zealand_2016.pdf,SMCS,Statistics,2016,C:/Users/vwan118/Documents/MaoriStudy/CoS-Merged\SMCS\Statistics\2016\influence_of_blanketing_and_season_on_vitamin_d_and_parathyroid_hormone_calcium_phosphorus_and_magnesium_concentrations_in_horses_in_new_zealand_2016.pdf,"niwa, ria, eoi, ea, ea, ataei, ewe"
798,integrating_geological_and_geophysical_data_to_improve_probabilistic_hazard_forecasting_of_arabian_shield_volcanism_2016.pdf,SMCS,Statistics,2016,C:/Users/vwan118/Documents/MaoriStudy/CoS-Merged\SMCS\Statistics\2016\integrating_geological_and_geophysical_data_to_improve_probabilistic_hazard_forecasting_of_arabian_shield_volcanism_2016.pdf,"raha, tore, iterate, hawaiite, runge, runge, kura, kurama, rungea, tohoku, meteorite, rane"
799,modeling_earthquake_moment_magnitudes_on_imbricate_reverse_faults_from_paleoseismic_data_2016.pdf,SMCS,Statistics,2016,C:/Users/vwan118/Documents/MaoriStudy/CoS-Merged\SMCS\Statistics\2016\modeling_earthquake_moment_magnitudes_on_imbricate_reverse_faults_from_paleoseismic_data_2016.pdf,"opuha, hao, tekapo, waitaki, puha, automata, kanamori, minima, ea, aoraki, hikurangi"
800,molecular_epidemiology_of_campylobacter_coli_strains_isolated_from_different_sources_in_new_zealand_2016.pdf,SMCS,Statistics,2016,C:/Users/vwan118/Documents/MaoriStudy/CoS-Merged\SMCS\Statistics\2016\molecular_epidemiology_of_campylobacter_coli_strains_isolated_from_different_sources_in_new_zealand_2016.pdf,"manawatuwanganui, naana, rotariu, manawatu, noti, kimura, ure, mapa, noti, porirua, tamura, muraoka, manawatutararua, pone, romine"
801,monitoring_acute_and_chronic_kidney_failure_using_statistical_process_control_techniques_2016.pdf,SMCS,Statistics,2016,C:/Users/vwan118/Documents/MaoriStudy/CoS-Merged\SMCS\Statistics\2016\monitoring_acute_and_chronic_kidney_failure_using_statistical_process_control_techniques_2016.pdf,
802,optimal_likelihood_based_matching_of_volcanic_sources_and_deposits_in_the_auckland_volcanic_field_2016.pdf,SMCS,Statistics,2016,C:/Users/vwan118/Documents/MaoriStudy/CoS-Merged\SMCS\Statistics\2016\optimal_likelihood_based_matching_of_volcanic_sources_and_deposits_in_the_auckland_volcanic_field_2016.pdf,"wiri, waitomokia, rere, kohuora, maketu, orakei, ea, tahuna, okareka, poihipi, maungauika, pukeiti, motukorea, okaia, taranaki, rangitoto, hopua, mamaku, otara, mangere, rotorua, pupuke, otuataua, matukutureia, onepoto, aremaungataketake, ruapehu, kaipo, murata, okataina, taupo, pouhawaiki, nataupo, runge, oruanui, matakutureia, waiohau, ito, iteria, tongariro, hane, rerewhakaaitu, maungataketake, ea, puketutu, rotoma, notuataua, tahua, opepe, pukewairiki, pukaki, rotoehu"
803,seasonality_of_campylobacter_jejuni_isolates_associated_with_human_campylobacteriosis_in_the_manawatu_region_new_zealand¬_2016.pdf,SMCS,Statistics,2016,C:/Users/vwan118/Documents/MaoriStudy/CoS-Merged\SMCS\Statistics\2016\seasonality_of_campylobacter_jejuni_isolates_associated_with_human_campylobacteriosis_in_the_manawatu_region_new_zealand¬_2016.pdf,"manawatu, noti, ao, matamatapiako, mapa, noti, porirua"
804,simple_authoring_of_statistical_analyses_by_and_for_blind_people_2016.pdf,SMCS,Statistics,2016,C:/Users/vwan118/Documents/MaoriStudy/CoS-Merged\SMCS\Statistics\2016\simple_authoring_of_statistical_analyses_by_and_for_blind_people_2016.pdf,
805,statistical_graphs_made_tactile_2016.pdf,SMCS,Statistics,2016,C:/Users/vwan118/Documents/MaoriStudy/CoS-Merged\SMCS\Statistics\2016\statistical_graphs_made_tactile_2016.pdf,
806,tectonic_geomorphology_of_the_fox_peak_and_forest_creek_faults_south_canterbury_new_zealand_2016.pdf,SMCS,Statistics,2016,C:/Users/vwan118/Documents/MaoriStudy/CoS-Merged\SMCS\Statistics\2016\tectonic_geomorphology_of_the_fox_peak_and_forest_creek_faults_south_canterbury_new_zealand_2016.pdf,"uwe, rangitata, opuha, hao, takemura, ama, tekapo, waitaki, minima, inangahua, aoraki, kuwana"
807,the_effects_of_spatial_variability_of_nitrous_oxide_emissions_from_grazed_pastures_on_the_sampling_distribution_of_chamber_measurements_2016.pdf,SMCS,Statistics,2016,C:/Users/vwan118/Documents/MaoriStudy/CoS-Merged\SMCS\Statistics\2016\the_effects_of_spatial_variability_of_nitrous_oxide_emissions_from_grazed_pastures_on_the_sampling_distribution_of_chamber_measurements_2016.pdf,"oenema, minami, anai, amakawa, nonurine, awamoto, uo, atano, aurine, akaike, ake, enema"
808,variation_in_the_limit_of_detection_of_the_prospect_campylobacter_microplate_enzyme_immunoassay_in_stools_spiked_with_emerging_campylobacter_species_2016.pdf,SMCS,Statistics,2016,C:/Users/vwan118/Documents/MaoriStudy/CoS-Merged\SMCS\Statistics\2016\variation_in_the_limit_of_detection_of_the_prospect_campylobacter_microplate_enzyme_immunoassay_in_stools_spiked_with_emerging_campylobacter_species_2016.pdf,"henao, ataro, operario, iwamoto"
809,a_30000_yr_high_precision_eruption_history_for_the_andesitic_mt_taranaki_north_island_new_zealand_2017.pdf,SMCS,Statistics,2017,C:/Users/vwan118/Documents/MaoriStudy/CoS-Merged\SMCS\Statistics\2017\a_30000_yr_high_precision_eruption_history_for_the_andesitic_mt_taranaki_north_island_new_zealand_2017.pdf,"merapi, aremore, ariro, paetahi, ruapehu, kawakawa, ina, pore, ratapiko, okaia, niu, taranaki, tokomaru, mahoe, kaponga, maari, patea, maketawa, waikato, aomine, kaipo, kenai, tio, monotone, onepoto, nameiii, taupo, riri, rotokare, tuikonga, ngaere, oruanui, koru, okaiae, ene, poto, manaia, manganuia, manganui, konini, mangimangi, okawa, umutekai, kaihouri, wanganui, tariki, tou, eru, maratoto, mangawhero, pukaki"
810,characterisation_by_multilocus_sequence_and_pora_and_flaa_typing_of_campylobacter_jejuni_isolated_from_samples_of_dog_faeces_collected_in_one_city_in_new_zealand_2017.pdf,SMCS,Statistics,2017,C:/Users/vwan118/Documents/MaoriStudy/CoS-Merged\SMCS\Statistics\2017\characterisation_by_multilocus_sequence_and_pora_and_flaa_typing_of_campylobacter_jejuni_isolated_from_samples_of_dog_faeces_collected_in_one_city_in_new_zealand_2017.pdf,"pirie, manawatu, pora, hokowhitu, koene, waino, noti, mau"
811,control_charts_for_paired_differences_2017.pdf,SMCS,Statistics,2017,C:/Users/vwan118/Documents/MaoriStudy/CoS-Merged\SMCS\Statistics\2017\control_charts_for_paired_differences_2017.pdf,moa
812,cost_benefit_analyses_of_supplementary_measles_immunisation_in_the_highly_immunized_population_of_new_zealand_2017.pdf,SMCS,Statistics,2017,C:/Users/vwan118/Documents/MaoriStudy/CoS-Merged\SMCS\Statistics\2017\cost_benefit_analyses_of_supplementary_measles_immunisation_in_the_highly_immunized_population_of_new_zealand_2017.pdf,"tairawhiti, taranaki, waitemata, pirie, whanganui, manukau, wairarapa, noti, waikato"
813,culture_independent_analysis_using_gnd_as_a_target_gene_to_assess_escherichia_coli_diversity_and_community_structure_2017.pdf,SMCS,Statistics,2017,C:/Users/vwan118/Documents/MaoriStudy/CoS-Merged\SMCS\Statistics\2017\culture_independent_analysis_using_gnd_as_a_target_gene_to_assess_escherichia_coli_diversity_and_community_structure_2017.pdf,"nono, niu, pupo, ture, urea"
814,epidemiology_of_escherichia_coli_serogroups_o26_o103_o111_and_o145_in_very_young_calves_in_the_north_island_new_zealand_2017.pdf,SMCS,Statistics,2017,C:/Users/vwan118/Documents/MaoriStudy/CoS-Merged\SMCS\Statistics\2017\epidemiology_of_escherichia_coli_serogroups_o26_o103_o111_and_o145_in_very_young_calves_in_the_north_island_new_zealand_2017.pdf,"nono, eaea, taranaki, nono, manawatu, maunganui, eae, waikato, noti, ea"
815,establishment_of_auto_sampling_frequency_using_a_two_state_markov_chain_model_2017.pdf,SMCS,Statistics,2017,C:/Users/vwan118/Documents/MaoriStudy/CoS-Merged\SMCS\Statistics\2017\establishment_of_auto_sampling_frequency_using_a_two_state_markov_chain_model_2017.pdf,paa
816,forecasting_transitions_in_monogenetic_eruptions_using_the_geologic_record_2017.pdf,SMCS,Statistics,2017,C:/Users/vwan118/Documents/MaoriStudy/CoS-Merged\SMCS\Statistics\2017\forecasting_transitions_in_monogenetic_eruptions_using_the_geologic_record_2017.pdf,"maungauika, wiri, rangitoto, runge, hopua, manukau, kohuora, orakei, hunua, piero, maungataketake"
817,genomic_analysis_of_salmonella_enterica_serovar_typhimurium_dt160_associated_with_a_14_year_outbreak_new_zealand_2017.pdf,SMCS,Statistics,2017,C:/Users/vwan118/Documents/MaoriStudy/CoS-Merged\SMCS\Statistics\2017\genomic_analysis_of_salmonella_enterica_serovar_typhimurium_dt160_associated_with_a_14_year_outbreak_new_zealand_2017.pdf,"popu, okoro, ure, tamura, epi, nome, pare, tomita, ani, pone, ena, mau"
818,global_importation_and_population_risk_factors_for_measles_in_new_zealand_2017.pdf,SMCS,Statistics,2017,C:/Users/vwan118/Documents/MaoriStudy/CoS-Merged\SMCS\Statistics\2017\global_importation_and_population_risk_factors_for_measles_in_new_zealand_2017.pdf,"paho, pirie, noti, waikato, rata, maori"
819,isolation_of_campylobacter_spp_from_client_owned_dogs_and_cats_and_retail_raw_meat_pet_food_in_the_manawatu_new_zealand_2017.pdf,SMCS,Statistics,2017,C:/Users/vwan118/Documents/MaoriStudy/CoS-Merged\SMCS\Statistics\2017\isolation_of_campylobacter_spp_from_client_owned_dogs_and_cats_and_retail_raw_meat_pet_food_in_the_manawatu_new_zealand_2017.pdf,"miwa, hiroi, pirie, manawatu, kawamori, ure, koene, noti, moreno"
820,producing_accessible_statistics_diagrams_in_r_2017.pdf,SMCS,Statistics,2017,C:/Users/vwan118/Documents/MaoriStudy/CoS-Merged\SMCS\Statistics\2017\producing_accessible_statistics_diagrams_in_r_2017.pdf,"manipu, pute"
821,sourcer_2017.pdf,SMCS,Statistics,2017,C:/Users/vwan118/Documents/MaoriStudy/CoS-Merged\SMCS\Statistics\2017\sourcer_2017.pdf,"iri, timea, rowa, ua, awhite, toa, wenote, tomore, wenote, paramete"
822,an_accessible_interaction_model_for_data_visualisation_in_statistics_2018.pdf,SMCS,Statistics,2018,C:/Users/vwan118/Documents/MaoriStudy/CoS-Merged\SMCS\Statistics\2018\an_accessible_interaction_model_for_data_visualisation_in_statistics_2018.pdf,
823,a_volcanic_event_forecasting_model_for_multiple_tephra_records_demonstrated_on_mt_taranaki_new_zealand_2018.pdf,SMCS,Statistics,2018,C:/Users/vwan118/Documents/MaoriStudy/CoS-Merged\SMCS\Statistics\2018\a_volcanic_event_forecasting_model_for_multiple_tephra_records_demonstrated_on_mt_taranaki_new_zealand_2018.pdf,"merapi, ngeo, motumate, ruapehu, niu, taranaki, maari, maketawa, waikato, tahurangi, monotone, ea, iotare, rotokare, ngaere, akaike, ito, opua, neri, manganui, umutekai, ime, tariki, taranakipouakaikaitake, nameiii, hikurangi"
824,creating_a_framework_for_the_prioritization_of_biosecurity_risks_to_the_new_zealand_dairy_industry_2018.pdf,SMCS,Statistics,2018,C:/Users/vwan118/Documents/MaoriStudy/CoS-Merged\SMCS\Statistics\2018\creating_a_framework_for_the_prioritization_of_biosecurity_risks_to_the_new_zealand_dairy_industry_2018.pdf,"nita, oie, pone, oie"
825,effect_of_a_one_off_sporidesmin_challenge_on_the_milk_production_of_dairy_cows_2018.pdf,SMCS,Statistics,2018,C:/Users/vwan118/Documents/MaoriStudy/CoS-Merged\SMCS\Statistics\2018\effect_of_a_one_off_sporidesmin_challenge_on_the_milk_production_of_dairy_cows_2018.pdf,"ruakura, akaike"
826,exposure_to_whole_chicken_carcasses_may_present_a_greater_risk_of_campylobacteriosis_compared_to_exposure_to_chicken_drumsticks_2018.pdf,SMCS,Statistics,2018,C:/Users/vwan118/Documents/MaoriStudy/CoS-Merged\SMCS\Statistics\2018\exposure_to_whole_chicken_carcasses_may_present_a_greater_risk_of_campylobacteriosis_compared_to_exposure_to_chicken_drumsticks_2018.pdf,"hipo, ene, manawatu, porirua"
827,habitat_fragmentation_biodiversity_loss_and_the_risk_of_novel_infectious_disease_emergence_2018.pdf,SMCS,Statistics,2018,C:/Users/vwan118/Documents/MaoriStudy/CoS-Merged\SMCS\Statistics\2018\habitat_fragmentation_biodiversity_loss_and_the_risk_of_novel_infectious_disease_emergence_2018.pdf,"nga, iai, iri, pone, mau"
828,how_to_use_kernel_density_estimation_as_a_diagnostic_and_forecasting_tool_for_distributed_volcanic_vents_2018.pdf,SMCS,Statistics,2018,C:/Users/vwan118/Documents/MaoriStudy/CoS-Merged\SMCS\Statistics\2018\how_to_use_kernel_density_estimation_as_a_diagnostic_and_forecasting_tool_for_distributed_volcanic_vents_2018.pdf,"tenorio, okuno, ina, runge, wane, wherea, romero, maeno, nakamura, tanaka, tohoku, ongaro, kaneko, neri, manoa"
829,long_term_colonization_by_campylobacter_jejuni_within_a_human_host_2018.pdf,SMCS,Statistics,2018,C:/Users/vwan118/Documents/MaoriStudy/CoS-Merged\SMCS\Statistics\2018\long_term_colonization_by_campylobacter_jejuni_within_a_human_host_2018.pdf,"manawatu, hipo, humanape, ori, mau, porirua, tui, rotorua, ataro, peto, waiheke, ena, ano"
830,molecular_epidemiology_of_shiga_toxin_producing_escherichia_coli_on_new_zealand_dairy_farms_2018.pdf,SMCS,Statistics,2018,C:/Users/vwan118/Documents/MaoriStudy/CoS-Merged\SMCS\Statistics\2018\molecular_epidemiology_of_shiga_toxin_producing_escherichia_coli_on_new_zealand_dairy_farms_2018.pdf,"nono, ano, taranaki, tania, moreira, iwamoto, noti, waikato, eaewere, pone, henao"
831,serum_metabolomics_using_ultra_performance_liquid_chromatography_coupled_to_mass_spectrometry_in_lactating_dairy_cows_following_a_single_dose_of_sporidesmin_2018.pdf,SMCS,Statistics,2018,C:/Users/vwan118/Documents/MaoriStudy/CoS-Merged\SMCS\Statistics\2018\serum_metabolomics_using_ultra_performance_liquid_chromatography_coupled_to_mass_spectrometry_in_lactating_dairy_cows_following_a_single_dose_of_sporidesmin_2018.pdf,"ariane, pareto, ruakura, meio, rapa, amu, peakarea, taurine"
832,stringent_sampling_inspection_plans_using_upper_envelopes_for_cell_counts_2018.pdf,SMCS,Statistics,2018,C:/Users/vwan118/Documents/MaoriStudy/CoS-Merged\SMCS\Statistics\2018\stringent_sampling_inspection_plans_using_upper_envelopes_for_cell_counts_2018.pdf,"ini, monotone"
833,testing_steady_and_transient_velocity_scalings_in_a_silo_2018.pdf,SMCS,Statistics,2018,C:/Users/vwan118/Documents/MaoriStudy/CoS-Merged\SMCS\Statistics\2018\testing_steady_and_transient_velocity_scalings_in_a_silo_2018.pdf,"ariro, whereu, nare, ori, wenote, tewari"
834,the_effect_of_transportation_and_lairage_on_faecal_shedding_and_carcass_contamination_with_escherichia_coli_o157_and_o26_in_very_young_calves_in_new_zealand_2018.pdf,SMCS,Statistics,2018,C:/Users/vwan118/Documents/MaoriStudy/CoS-Merged\SMCS\Statistics\2018\the_effect_of_transportation_and_lairage_on_faecal_shedding_and_carcass_contamination_with_escherichia_coli_o157_and_o26_in_very_young_calves_in_new_zealand_2018.pdf,"nono, ruakura, eae, waikato, akaike, peri, nou"
835,the_site_of_bone_marrow_acquisition_affects_the_myeloid_to_erythroid_ratio_in_apparently_healthy_dogs_2018.pdf,SMCS,Statistics,2018,C:/Users/vwan118/Documents/MaoriStudy/CoS-Merged\SMCS\Statistics\2018\the_site_of_bone_marrow_acquisition_affects_the_myeloid_to_erythroid_ratio_in_apparently_healthy_dogs_2018.pdf,"humeri, hue, ea, iro"
836,tutorial_on_kernel_estimation_of_continuous_spatial_and_spatiotemporal_relative_risk_2018.pdf,SMCS,Statistics,2018,C:/Users/vwan118/Documents/MaoriStudy/CoS-Merged\SMCS\Statistics\2018\tutorial_on_kernel_estimation_of_continuous_spatial_and_spatiotemporal_relative_risk_2018.pdf,"uoo, ata, nume, upo, nge, ame, paramete, inate, timate"
837,campylobacter_jejuni_strains_associated_with_wild_birds_and_those_causing_human_disease_in_six_high_use_recreational_waterways_in_new_zealand_2019.pdf,SMCS,Statistics,2019,C:/Users/vwan118/Documents/MaoriStudy/CoS-Merged\SMCS\Statistics\2019\campylobacter_jejuni_strains_associated_with_wild_birds_and_those_causing_human_disease_in_six_high_use_recreational_waterways_in_new_zealand_2019.pdf,"ure, tute, rima, kaikokopu, kawamoto, tokomaru, manawatu, mapa, noti, porirua, iwa, pukeko, takahe, oroua, manawatuwanganui, pone, himatangi, mangapapa, niwa, pirie, rumi, noti, timona"
838,extending_statistical_models_for_source_attribution_of_zoonotic_diseases_2019.pdf,SMCS,Statistics,2019,C:/Users/vwan118/Documents/MaoriStudy/CoS-Merged\SMCS\Statistics\2019\extending_statistical_models_for_source_attribution_of_zoonotic_diseases_2019.pdf,"pirie, pii, manawatu, topi, takahe, pone"
839,forecasting_explosion_repose_intervals_with_a_non_parametric_bayesian_survival_model_2019.pdf,SMCS,Statistics,2019,C:/Users/vwan118/Documents/MaoriStudy/CoS-Merged\SMCS\Statistics\2019\forecasting_explosion_repose_intervals_with_a_non_parametric_bayesian_survival_model_2019.pdf,"okataina, aramaki, tarawera, taranaki, takehiro, imanaka, aira, iare, neri"
840,genomic_correlates_of_extraintestinal_infection_are_linked_with_changes_in_cell_morphology_in_campylobacter_jejuni_2019.pdf,SMCS,Statistics,2019,C:/Users/vwan118/Documents/MaoriStudy/CoS-Merged\SMCS\Statistics\2019\genomic_correlates_of_extraintestinal_infection_are_linked_with_changes_in_cell_morphology_in_campylobacter_jejuni_2019.pdf,"pore, naikare, umene, purine, wai, manawatu, nuo, maue, pora, amako, hume, ataro, aki"
841,gnddb_a_database_of_partial_gnd_sequences_to_assist_with_analysis_of_escherichia_coli_communities_using_high_throughput_sequencing_2019.pdf,SMCS,Statistics,2019,C:/Users/vwan118/Documents/MaoriStudy/CoS-Merged\SMCS\Statistics\2019\gnddb_a_database_of_partial_gnd_sequences_to_assist_with_analysis_of_escherichia_coli_communities_using_high_throughput_sequencing_2019.pdf,"pone, katani, mekata"
842,intra_eruption_forecasting_2019.pdf,SMCS,Statistics,2019,C:/Users/vwan118/Documents/MaoriStudy/CoS-Merged\SMCS\Statistics\2019\intra_eruption_forecasting_2019.pdf,"merapi, maari, ito, tongariro, ongaro, neri"
843,investigation_of_the_validity_of_two_bayesian_ancestral_state_reconstruction_models_for_estimating_salmonella_transmission_during_outbreaks_2019.pdf,SMCS,Statistics,2019,C:/Users/vwan118/Documents/MaoriStudy/CoS-Merged\SMCS\Statistics\2019\investigation_of_the_validity_of_two_bayesian_ancestral_state_reconstruction_models_for_estimating_salmonella_transmission_during_outbreaks_2019.pdf,"ono, uo, uo, kii"
844,isolation_of_emerging_campylobacter_species_in_working_farm_dogs_and_their_frozen_home_killed_raw_meat_diets_2019.pdf,SMCS,Statistics,2019,C:/Users/vwan118/Documents/MaoriStudy/CoS-Merged\SMCS\Statistics\2019\isolation_of_emerging_campylobacter_species_in_working_farm_dogs_and_their_frozen_home_killed_raw_meat_diets_2019.pdf,"pore, taukau, manawatu, pora, kato, koene, anou"
845,parthenogenetic_females_of_the_stick_insect_clitarchus_hookeri_maintain_sexual_traits_2019.pdf,SMCS,Statistics,2019,C:/Users/vwan118/Documents/MaoriStudy/CoS-Merged\SMCS\Statistics\2019\parthenogenetic_females_of_the_stick_insect_clitarchus_hookeri_maintain_sexual_traits_2019.pdf,"hookeri, kao, kanuka, kamatou, pinene, ea, whanganui, nakano, mori, manuka, anuka, mari, kooi, timema"
846,predicting_ebola_virus_disease_risk_and_the_role_of_african_bat_birthing_2019.pdf,SMCS,Statistics,2019,C:/Users/vwan118/Documents/MaoriStudy/CoS-Merged\SMCS\Statistics\2019\predicting_ebola_virus_disease_risk_and_the_role_of_african_bat_birthing_2019.pdf,"rohani, pii, anoko, ara, keita"
847,probabilistic_volcanic_impact_assessment_and_cost_benefit_analysis_on_network_infrastructure_for_secondary_evacuation_of_farm_livestock_2019.pdf,SMCS,Statistics,2019,C:/Users/vwan118/Documents/MaoriStudy/CoS-Merged\SMCS\Statistics\2019\probabilistic_volcanic_impact_assessment_and_cost_benefit_analysis_on_network_infrastructure_for_secondary_evacuation_of_farm_livestock_2019.pdf,"merapi, tarawera, wai, ruapehu, ea, mau, taranaki, patea, inu, okato, okataina, tonini, waimate, toko, tungurahua, neri, inaha, uorine, kapuni, opunake, tooperate, oakura, rahotu"
848,spatiotemporal_dynamics_of_hantavirus_cardiopulmonary_syndrome_transmission_risk_in_brazil_2019.pdf,SMCS,Statistics,2019,C:/Users/vwan118/Documents/MaoriStudy/CoS-Merged\SMCS\Statistics\2019\spatiotemporal_dynamics_of_hantavirus_cardiopulmonary_syndrome_transmission_risk_in_brazil_2019.pdf,"nia, tima, moreira, arangi, mamore, nio, renata, umuarama, ieno, noti, ara, maia, mato, neto"
849,the_characteristics_of_a_multi-episode_volcanic_regime_2019.pdf,SMCS,Statistics,2019,C:/Users/vwan118/Documents/MaoriStudy/CoS-Merged\SMCS\Statistics\2019\the_characteristics_of_a_multi-episode_volcanic_regime_2019.pdf,"merapi, pouakapouakai, whanganui, kokowai, ruapehu, puniho, oroturehu, mau, niu, taranaki, pouakai, waingongoro, tarana, rata, ahukawakawa, waiweranuiturehu, paritutu, tahurangi, kaupokonui, kapoaiaia, maero, apatite, makatawa, hangatahua, taupo, mora, rotokare, popo, tongariro, korito, eee, manaia, turehu, kahui, kaitake, konini, oakura, waiweranui, tio, mangahume"
850,the_dynamics_of_granular_flow_from_a_silo_with_two_symmetric_openings_2019.pdf,SMCS,Statistics,2019,C:/Users/vwan118/Documents/MaoriStudy/CoS-Merged\SMCS\Statistics\2019\the_dynamics_of_granular_flow_from_a_silo_with_two_symmetric_openings_2019.pdf,"kare, ngeo, meena, monerie, ori, ooi, maiti, timeto, mau"
851,the_effects_of_introducing_electric_adjustable_height_desks_in_an_office_setting_on_workplace_physical_activity_levels_2019.pdf,SMCS,Statistics,2019,C:/Users/vwan118/Documents/MaoriStudy/CoS-Merged\SMCS\Statistics\2019\the_effects_of_introducing_electric_adjustable_height_desks_in_an_office_setting_on_workplace_physical_activity_levels_2019.pdf,"pate, noti, ere, inoue, nonewere, pone"
852,use_of_genomics_to_investigate_historical_importation_of_shiga_toxin_producing_escherichia_coli_serogroup_o26_and_nontoxigenic_variants_into_new_zealand_2019.pdf,SMCS,Statistics,2019,C:/Users/vwan118/Documents/MaoriStudy/CoS-Merged\SMCS\Statistics\2019\use_of_genomics_to_investigate_historical_importation_of_shiga_toxin_producing_escherichia_coli_serogroup_o26_and_nontoxigenic_variants_into_new_zealand_2019.pdf,"nono, pange, peruana, pangenome, ao, pangenome, mangino, ure, ture, nome, pare, iai, kuwahara, keane"
853,bayesian_lifetime_analysis_for_landslide_dams_2020.pdf,SMCS,Statistics,2020,C:/Users/vwan118/Documents/MaoriStudy/CoS-Merged\SMCS\Statistics\2020\bayesian_lifetime_analysis_for_landslide_dams_2020.pdf,"mori, inoue, ito, ea"
854,bayesian_modelling_of_marked_point_processes_with_incomplete_records_2020.pdf,SMCS,Statistics,2020,C:/Users/vwan118/Documents/MaoriStudy/CoS-Merged\SMCS\Statistics\2020\bayesian_modelling_of_marked_point_processes_with_incomplete_records_2020.pdf,"uoo, merapi, tiare, taranaki, oare, arora, eme, ito, eminaire, nimi"
855,campylobacteriosis_associated_with_the_consumption_of_unpasteurised_milk_2020.pdf,SMCS,Statistics,2020,C:/Users/vwan118/Documents/MaoriStudy/CoS-Merged\SMCS\Statistics\2020\campylobacteriosis_associated_with_the_consumption_of_unpasteurised_milk_2020.pdf,"aotearoa, weremore, āori, tatauranga, māori, mungai, ea, ea"
856,carriage_of_extended_spectrum_beta_lactamase_and_ampc_beta_lactamase_producing_escherichia_coli_strains_from_humans_and_pets_in_the_same_households_2020.pdf,SMCS,Statistics,2020,C:/Users/vwan118/Documents/MaoriStudy/CoS-Merged\SMCS\Statistics\2020\carriage_of_extended_spectrum_beta_lactamase_and_ampc_beta_lactamase_producing_escherichia_coli_strains_from_humans_and_pets_in_the_same_households_2020.pdf,"iee, oti, uti, amu, amo, utiwere, karanika, maiuro, iia, ata, teta, pone, iuta"
857,comparison_of_the_pathogenic_potential_of_campylobacter_jejuni_c_upsaliensis_and_c_helveticus_and_limitations_of_using_larvae_of_galleria_mellonella_as_an_infection_model_2020.pdf,SMCS,Statistics,2020,C:/Users/vwan118/Documents/MaoriStudy/CoS-Merged\SMCS\Statistics\2020\comparison_of_the_pathogenic_potential_of_campylobacter_jejuni_c_upsaliensis_and_c_helveticus_and_limitations_of_using_larvae_of_galleria_mellonella_as_an_infection_model_2020.pdf,"manawatu, kata, pirie"
858,covid_19_in_new_zealand_and_the_impact_of_the_national_response_2020.pdf,SMCS,Statistics,2020,C:/Users/vwan118/Documents/MaoriStudy/CoS-Merged\SMCS\Statistics\2020\covid_19_in_new_zealand_and_the_impact_of_the_national_response_2020.pdf,"pūnaha, tepunahamatatini, hao, whanganui, waitemata, popu, porirua, noti, waikato, kira, aotearoa, nitio, matatini, eea, māori, manuka, paine"
859,draft_genome_sequences_of_eight_strains_of_campylobacter_helveticus_isolated_from_cats_and_a_dog_in_new_zealand_2020.pdf,SMCS,Statistics,2020,C:/Users/vwan118/Documents/MaoriStudy/CoS-Merged\SMCS\Statistics\2020\draft_genome_sequences_of_eight_strains_of_campylobacter_helveticus_isolated_from_cats_and_a_dog_in_new_zealand_2020.pdf,"pangenome, manawatu"
860,effect_of_analgesic_strategies_on_pain_behaviour_associated_with_combined_ring_castration_and_hot_iron_tail_docking_in_merino_lambs_2020.pdf,SMCS,Statistics,2020,C:/Users/vwan118/Documents/MaoriStudy/CoS-Merged\SMCS\Statistics\2020\effect_of_analgesic_strategies_on_pain_behaviour_associated_with_combined_ring_castration_and_hot_iron_tail_docking_in_merino_lambs_2020.pdf,"ngaio, merino, temuka, akaike, marini"
861,expression_of_phosphatonin_related_genes_in_sheep_dog_and_horse_kidneys_using_quantitative_reverse_transcriptase_pcr_2020.pdf,SMCS,Statistics,2020,C:/Users/vwan118/Documents/MaoriStudy/CoS-Merged\SMCS\Statistics\2020\expression_of_phosphatonin_related_genes_in_sheep_dog_and_horse_kidneys_using_quantitative_reverse_transcriptase_pcr_2020.pdf,"murine, kuroo, kuroo, aranami, napiiia, okawa, urakawa, tomoe, iia, pare, ani, kaneko, kuwahara, kakitani"
862,from_eruption_scenarios_to_probabilistic_volcanic_hazard_analysis_2020.pdf,SMCS,Statistics,2020,C:/Users/vwan118/Documents/MaoriStudy/CoS-Merged\SMCS\Statistics\2020\from_eruption_scenarios_to_probabilistic_volcanic_hazard_analysis_2020.pdf,"tohoku, anga, āngere, ongaro, ea, mau, maungauika, oua, nario, rangitoto, onepoto, kaawa, tonini, runge, ruaumoko, kano, hunua, maungataketake, neri, niwa, manukau, otahuhu, tauranga, hauraki"
863,mixing_experiments_in_3d_printed_silos_2020.pdf,SMCS,Statistics,2020,C:/Users/vwan118/Documents/MaoriStudy/CoS-Merged\SMCS\Statistics\2020\mixing_experiments_in_3d_printed_silos_2020.pdf,"tonote, hue, areno, morio, wewere, ori, ooi, mau"
864,multi_hazard_risk_model_flooding_case_study_2020.pdf,SMCS,Statistics,2020,C:/Users/vwan118/Documents/MaoriStudy/CoS-Merged\SMCS\Statistics\2020\multi_hazard_risk_model_flooding_case_study_2020.pdf,"natio, tokoroa, roto, takurenga, taranaki, takapuna, manaaki, manawatu, kaingaroa, waipawa, ikitarawera, marae, rotorua, rua, tutaekuri, okataina, kaharoa, tupua, marae, aniwhenua, rangita, waipaoa, matauranga, haroharo, whi, rangitaiki, otakiri, pou, whanganui, iwi, tihiotonga, waioeka, enginee, ngongotaha, kaikoura, tangata, kaikōura, ngaruroro, minginui, ruahine, whakatane, puia, whakarewarewa, owhata, mangakakahi, waihou, tarawera, ahi, nema, awakeri, ohomai, maori, ohakuri, waipa, whenua, toi, taupo, kawerau, matahina, matata, iwi, rangitikei, piako, initi, eri, whangaehu, hauraki, whenua, aiki, murupara, waikato, rotokawa, tāngata, ohope, māori, niwa, kaharo, tukituki, eru, tauranga"
865,natural_variation_in_volatile_emissions_of_the_invasive_weed_calluna_vulgaris_in_new_zealand_2020.pdf,SMCS,Statistics,2020,C:/Users/vwan118/Documents/MaoriStudy/CoS-Merged\SMCS\Statistics\2020\natural_variation_in_volatile_emissions_of_the_invasive_weed_calluna_vulgaris_in_new_zealand_2020.pdf,"poa, rangiwananga, nakano, wani, anuka, pinene, manaaki, erua, mikania, taiti, tongariro, manea, toome, karimi, araniti, kuopio, moreira, waiouru, mari, timu"
866,passive_immunity_and_colostrum_management_practices_on_ontario_dairy_farms_and_auction_facilities_2020.pdf,SMCS,Statistics,2020,C:/Users/vwan118/Documents/MaoriStudy/CoS-Merged\SMCS\Statistics\2020\passive_immunity_and_colostrum_management_practices_on_ontario_dairy_farms_and_auction_facilities_2020.pdf,
867,spatiotemporal_variations_in_eruption_style_magnitude_and_vent_morphology_at_yasur_volcano_vanuatu_2020.pdf,SMCS,Statistics,2020,C:/Users/vwan118/Documents/MaoriStudy/CoS-Merged\SMCS\Statistics\2020\spatiotemporal_variations_in_eruption_style_magnitude_and_vent_morphology_at_yasur_volcano_vanuatu_2020.pdf,"ope, waite, karu, muro, ea, ito, ripepe, erate, moroni, namiki, aniwa, uoa"
868,spatio_temporal_hazard_estimation_in_the_central_silicic_part_of_taupo_volcanic_zone_new_zealand_based_on_small_to_medium_volume_eruptions_2020.pdf,SMCS,Statistics,2020,C:/Users/vwan118/Documents/MaoriStudy/CoS-Merged\SMCS\Statistics\2020\spatio_temporal_hazard_estimation_in_the_central_silicic_part_of_taupo_volcanic_zone_new_zealand_based_on_small_to_medium_volume_eruptions_2020.pdf,"ruawahia, whakamaru, tarawera, kikai, topo, ehu, ruapehu, hukui, tohoku, kawakawa, rotoiti, ea, mau, mangaone, puketerata, whaka, wairakei, neme, hakuri, tauhara, nati, rotomahana, maeno, nakamura, waikato, rotorua, ngatamariki, okataina, tapia, reporoa, taupo, huka, oruanui, runge, paeroa, kaharoa, tamura, kano, rotoaira, neri, tanaka, tonga, angi, niwa, maroa, rotoma, iwo, ohakune, kapenga, haroharo, eru, maru, ano, hikurangi"
869,temporal_volume_probabilistic_hazard_model_for_a_supervolcano_2020.pdf,SMCS,Statistics,2020,C:/Users/vwan118/Documents/MaoriStudy/CoS-Merged\SMCS\Statistics\2020\temporal_volume_probabilistic_hazard_model_for_a_supervolcano_2020.pdf,"waimihia, whakamaru, tohoku, kawakawa, rotoiti, poihipi, taranaki, waiotapu, mapara, kaipo, okataina, taupo, oruanui, akaike, whakaipo, poronui, nui, karapiti, opepe"
870,the_hypoattenuating_ocular_lens_on_ct_is_not_always_due_to_cataract_formation_2020.pdf,SMCS,Statistics,2020,C:/Users/vwan118/Documents/MaoriStudy/CoS-Merged\SMCS\Statistics\2020\the_hypoattenuating_ocular_lens_on_ct_is_not_always_due_to_cataract_formation_2020.pdf,"tania, ua, ero, maraini, retina, hourani"
871,combining_mutation_and_horizontal_gene_transfer_in_a_within_host_model_of_antibiotic_resistance_2021.pdf,SMCS,Statistics,2021,C:/Users/vwan118/Documents/MaoriStudy/CoS-Merged\SMCS\Statistics\2021\combining_mutation_and_horizontal_gene_transfer_in_a_within_host_model_of_antibiotic_resistance_2021.pdf,"ratea, munita, karanika, karami, mau"
872,comparing_temporal_sensory_product_profile_data_obtained_from_expert_and_consumer_panels_and_evaluating_the_value_of_a_multiple_sip_tcata_approach_2021.pdf,SMCS,Statistics,2021,C:/Users/vwan118/Documents/MaoriStudy/CoS-Merged\SMCS\Statistics\2021\comparing_temporal_sensory_product_profile_data_obtained_from_expert_and_consumer_panels_and_evaluating_the_value_of_a_multiple_sip_tcata_approach_2021.pdf,"ture, maheeka, pineau, rata"
873,method_selection_in_short_term_eruption_forecasting_2021.pdf,SMCS,Statistics,2021,C:/Users/vwan118/Documents/MaoriStudy/CoS-Merged\SMCS\Statistics\2021\method_selection_in_short_term_eruption_forecasting_2021.pdf,"merapi, mura, hanea, iaai, nakano, ripepe, tohoku, ongaro, mei, komori, nemoto, whakaari, taranaki, nomura, ue, mori, hawai, maeno, noti, moreno, murata, reitano, oikawa, runge, hanaoka, kanamori, tungurahua, whaakari, neri, tanaka, tenorio, mauro, paine, moni"
874,modelling_spatial_population_exposure_and_evacuation_clearance_time_for_the_auckland_volcanic_field_new_zealand_2021.pdf,SMCS,Statistics,2021,C:/Users/vwan118/Documents/MaoriStudy/CoS-Merged\SMCS\Statistics\2021\modelling_spatial_population_exposure_and_evacuation_clearance_time_for_the_auckland_volcanic_field_new_zealand_2021.pdf,"merapi, nema, makino, rūaumoko, ono, mohite, mei, taranaki, rangitoto, noti, pupuke, rū, runge, ema, ruaumoko, tungurahua, ūaumoko, noti, hiema, aumoko, uwu"
875,modelling_the_effect_of_sampling_methods_on_detection_tests_for_powdered_products_2021.pdf,SMCS,Statistics,2021,C:/Users/vwan118/Documents/MaoriStudy/CoS-Merged\SMCS\Statistics\2021\modelling_the_effect_of_sampling_methods_on_detection_tests_for_powdered_products_2021.pdf,
876,multihazards_scenario_generator_2021.pdf,SMCS,Statistics,2021,C:/Users/vwan118/Documents/MaoriStudy/CoS-Merged\SMCS\Statistics\2021\multihazards_scenario_generator_2021.pdf,"niwa, nonomura, ngeo, oura, kao, oaro, mote, kaikoura, aoi, oura, kumamoto, waiau, arai, peketa"
877,probabilistic_cascading_multi_hazard_risk_assessment_methodology_using_graph_theory_a_new_zealand_trial_2021.pdf,SMCS,Statistics,2021,C:/Users/vwan118/Documents/MaoriStudy/CoS-Merged\SMCS\Statistics\2021\probabilistic_cascading_multi_hazard_risk_assessment_methodology_using_graph_theory_a_new_zealand_trial_2021.pdf,"niwa, poerua, nga, kamai, niwa, ngeo, waiho, hao, teara, mote, panahi, kaikoura, waiho, amiri, teara, kaneko"
878,probabilistic_modelling_of_multi_phase_eruptions_found_in_geological_records_2021.pdf,SMCS,Statistics,2021,C:/Users/vwan118/Documents/MaoriStudy/CoS-Merged\SMCS\Statistics\2021\probabilistic_modelling_of_multi_phase_eruptions_found_in_geological_records_2021.pdf,"topo, ruapehu, tohoku, niu, mangamate, taranaki, riro, manawatu, kaipo, monotone, iotare, onetapu, maero, taupo, ngauruhoe, tongariro, rangipo, wahianoa, akaike, neri, ruapehutongariro, ata, ruapehumore, karioi, waiouru, raurimu, tonga"
879,source_attributed_case_control_study_of_campylobacteriosis_in_new_zealand_2021.pdf,SMCS,Statistics,2021,C:/Users/vwan118/Documents/MaoriStudy/CoS-Merged\SMCS\Statistics\2021\source_attributed_case_control_study_of_campylobacteriosis_in_new_zealand_2021.pdf,"kenepuru, manawatu, whanganui, koene, porirua, noti, puri, puri, maori, tauranga, ea"
880,the_effect_of_cryptosporidium_parvum_rotavirus_and_coronavirus_infection_on_the_health_and_performance_of_male_dairy_calves_2021.pdf,SMCS,Statistics,2021,C:/Users/vwan118/Documents/MaoriStudy/CoS-Merged\SMCS\Statistics\2021\the_effect_of_cryptosporidium_parvum_rotavirus_and_coronavirus_infection_on_the_health_and_performance_of_male_dairy_calves_2021.pdf,"hue, imi, urie, kaneene, minato"
881,the_geological_history_and_hazards_of_a_long_lived_stratovolcano_mt_taranaki_new_zealand_2021.pdf,SMCS,Statistics,2021,C:/Users/vwan118/Documents/MaoriStudy/CoS-Merged\SMCS\Statistics\2021\the_geological_history_and_hazards_of_a_long_lived_stratovolcano_mt_taranaki_new_zealand_2021.pdf,"ngarino, taranakiruapehu, ree, kora, pungarehu, kokowai, waipuku, motumate, ruapehu, paetahi, waitara, kapunia, taro, pukeiti, apatite, namu, taranaki, takapuna, pouakai, waingongoro, mahoe, kaponga, kuno, maketawa, paritutu, waikato, oanui, onaero, panitahi, waihi, kaupokonui, maitahi, oio, maero, apatite, taupo, rapanui, otakeo, motunui, oruanui, murihiku, ngaere, tokaora, otakeho, rotokare, tongariro, tuikonga, korito, koru, moho, mangatoki, poto, opua, manaia, oeo, kahui, titanite, kaitake, inaha, mangati, waitepuka, konini, manganui, manganuima, onae, koro, okawa, umutekai, kaihouri, wanganui, tariki, ihaia, taranakiwanganui, tio, hikurangi"
882,transmission_dynamics_of_shiga_toxin_producing_escherichia_coli_in_new_zealand_cattle_from_farm_to_slaughter_2021.pdf,SMCS,Statistics,2021,C:/Users/vwan118/Documents/MaoriStudy/CoS-Merged\SMCS\Statistics\2021\transmission_dynamics_of_shiga_toxin_producing_escherichia_coli_in_new_zealand_cattle_from_farm_to_slaughter_2021.pdf,"nono, kuiti, keane, noti, kaneene, eae, waikato, noti, puri, pone, nou"
883,what_is_winter_2021.pdf,SMCS,Statistics,2021,C:/Users/vwan118/Documents/MaoriStudy/CoS-Merged\SMCS\Statistics\2021\what_is_winter_2021.pdf,"murie, ture, akaike, aparangi, pone, nongame, mau"
884,an_initial_assessment_of_short_term_eruption_forecasting_options_in_new_zealand_2022.pdf,SMCS,Statistics,2022,C:/Users/vwan118/Documents/MaoriStudy/CoS-Merged\SMCS\Statistics\2022\an_initial_assessment_of_short_term_eruption_forecasting_options_in_new_zealand_2022.pdf,"mura, tarawera, wai, taupō, kauri, hanea, āmoe, ruapehu, mei, whakaari, taranaki, rangitoto, okaro, maari, mamaku, rotorua, puke, tomore, mauriohooho, moreno, ea, tuhua, kuri, okataina, ngaurahoe, tonini, taupo, ūhua, ruaumoko, ngauruhoe, tongariro, tūhua, neri, ūtauaki, rotoma, temaari, pūtauaki, haroharo, eru, tooperate"
885,a_modular_framework_for_the_development_of_multi_hazard_multi_phase_volcanic_eruption_scenario_suites_2022.pdf,SMCS,Statistics,2022,C:/Users/vwan118/Documents/MaoriStudy/CoS-Merged\SMCS\Statistics\2022\a_modular_framework_for_the_development_of_multi_hazard_multi_phase_volcanic_eruption_scenario_suites_2022.pdf,"ruapehu, mau, taranaki, pouakai, tahurangi, mounga, maunga, maero, tonini, hangatahua, mingari, weira, tongariro, marae, papakura, tungurahua, puia, opua, pahu, pone, neri, kahui, niwa, atawhai, iwi, namikawa, engoitia"
886,a_new_perspective_on_eruption_data_completeness_2022.pdf,SMCS,Statistics,2022,C:/Users/vwan118/Documents/MaoriStudy/CoS-Merged\SMCS\Statistics\2022\a_new_perspective_on_eruption_data_completeness_2022.pdf,"mee, rota, arora, tonga"
887,delivering_data_differently_2022.pdf,SMCS,Statistics,2022,C:/Users/vwan118/Documents/MaoriStudy/CoS-Merged\SMCS\Statistics\2022\delivering_data_differently_2022.pdf,"nakamoto, ikea, pii, mimu, moma, neuho, wii, wiimote, minima, iterate"
888,development_of_a_bayesian_event_tree_for_short_term_eruption_onset_forecasting_at_taupō_volcano_2022.pdf,SMCS,Statistics,2022,C:/Users/vwan118/Documents/MaoriStudy/CoS-Merged\SMCS\Statistics\2022\development_of_a_bayesian_event_tree_for_short_term_eruption_onset_forecasting_at_taupō_volcano_2022.pdf,"merapi, moni, tarawera, wairakeitauhara, whangamata, karangahape, rinawati, omori, ruapehu, kaiapo, pena, motutaiko, tokaanu, pore, wairakei, tauhara, mauriohooho, waihi, anoma, okataina, aotearoa, tonini, horomatangi, taupo, oruanui, kaharoa, whakaipo, hoata, pupu, parame, nikitina, roa, motuoapa, ouaha"
889,effect_of_sipping_method_on_sensory_response_to_single_and_multiple_sips_of_vanilla_milkshake_using_temporal_check_all_that_apply_2022.pdf,SMCS,Statistics,2022,C:/Users/vwan118/Documents/MaoriStudy/CoS-Merged\SMCS\Statistics\2022\effect_of_sipping_method_on_sensory_response_to_single_and_multiple_sips_of_vanilla_milkshake_using_temporal_check_all_that_apply_2022.pdf,"ime, maheeka, amore, inami"
890,forecasting_eruptions_at_poorly_known_volcanoes_using_analogs_and_multivariate_renewal_processes_2022.pdf,SMCS,Statistics,2022,C:/Users/vwan118/Documents/MaoriStudy/CoS-Merged\SMCS\Statistics\2022\forecasting_eruptions_at_poorly_known_volcanoes_using_analogs_and_multivariate_renewal_processes_2022.pdf,"taranaki, morenoroa, taupo, perio, temaari, moreno, arora, ngauruhoe, tongariro, ruapehu, tungurahua, neri, mau"
891,intra_eruption_forecasting_using_analogue_volcano_and_eruption_sets_2022.pdf,SMCS,Statistics,2022,C:/Users/vwan118/Documents/MaoriStudy/CoS-Merged\SMCS\Statistics\2022\intra_eruption_forecasting_using_analogue_volcano_and_eruption_sets_2022.pdf,"okataina, tarawera, taranaki, ngeo, hone, ioto, tongariro, ruapehu, hoei, ea, neri"
892,recommendations_for_non-lethal_monitoring_of_tree_wētā_using_artificial_galleries_2022.pdf,SMCS,Statistics,2022,C:/Users/vwan118/Documents/MaoriStudy/CoS-Merged\SMCS\Statistics\2022\recommendations_for_non-lethal_monitoring_of_tree_wētā_using_artificial_galleries_2022.pdf,"wē, maungatautari, putaputaweta, tāwere, ponga, mahoe, tā, tenera, rami, manawatu, totara, manawatuwhanganui, ētāwe, ētāare, tāare, waikato, aotearoa, turitea, wehi, ētāwere, ētā, toro, ētāto, weta, korapuki, tāwe"
893,what_is_the_probability_of_unexpected_eruptions_from_potentially_active_volcanoes_or_regions_2022.pdf,SMCS,Statistics,2022,C:/Users/vwan118/Documents/MaoriStudy/CoS-Merged\SMCS\Statistics\2022\what_is_the_probability_of_unexpected_eruptions_from_potentially_active_volcanoes_or_regions_2022.pdf,"merapi, aho, manu, taupo, anu, ramo, popu, arora, hunga, tongahunga, mari, pieri, tonga"
894,a_small_cohort_of_island_southeast_asian_women_founded_madagascar_2012.pdf,SNS,Biology,2012,C:/Users/vwan118/Documents/MaoriStudy/CoS-Merged\SNS\Biology\2012\a_small_cohort_of_island_southeast_asian_women_founded_madagascar_2012.pdf,"winata, hapa, ama, miao, ato, hao, arange, mahu, areone, kimura, torapanui, aori, moana, akahata, wetake, merina, waimangura, mutate, ea, uinea, ina, timate, mau, taro, humaine, hinengaro, rengo, popu, hawai, karo, kema, herawati, pote, mikea, ani, kateri, ea, raimanawe, ree, aeta, kare, panua, mariano, inaoka, mina, tomutate, wehi, takahata, hikata, noumea, pone, tatiana, tanaka, maewo, anu, koki, wunga, namikawa, roa, aori, wanokaka, ata, rito, angui, whaanga, apa"
895,a_time_series_of_prehistoric_mitochondrial_dna_reveals_western_european_genetic_diversity_was_largely_established_by_the_bronze_age_2012.pdf,SNS,Biology,2012,C:/Users/vwan118/Documents/MaoriStudy/CoS-Merged\SNS\Biology\2012\a_time_series_of_prehistoric_mitochondrial_dna_reveals_western_european_genetic_diversity_was_largely_established_by_the_bronze_age_2012.pdf,"pemonge, ope, ote, papiha, ange, nati, marota, nea, rengo, nonu, hatina, pou, nge, romano, pate, pone, mau"
896,chips_and_tags_suggest_plant_environment_interactions_differ_for_two_alpine_pachycladon_species_2012.pdf,SNS,Biology,2012,C:/Users/vwan118/Documents/MaoriStudy/CoS-Merged\SNS\Biology\2012\chips_and_tags_suggest_plant_environment_interactions_differ_for_two_alpine_pachycladon_species_2012.pdf,"heino, kimura, ea, ea, ea, ohau"
897,de_novo_sequence_assembly_and_characterisation_of_a_partial_transcriptome_for_an_evolutionarily_distinct_reptile_the_tuatara_2012.pdf,SNS,Biology,2012,C:/Users/vwan118/Documents/MaoriStudy/CoS-Merged\SNS\Biology\2012\de_novo_sequence_assembly_and_characterisation_of_a_partial_transcriptome_for_an_evolutionarily_distinct_reptile_the_tuatara_2012.pdf,"pao, niu, aeo, rangitoto, tuatara, kimura, moreno, tae, aao, tonga, wani, noone, koata, ea, tuatara, āti"
898,estimating_the_relative_roles_of_recombination_and_point_mutation_in_the_generation_of_single_locus_variants_in_campylobacter_jejuni_and_campylobacter_coli_2012.pdf,SNS,Biology,2012,C:/Users/vwan118/Documents/MaoriStudy/CoS-Merged\SNS\Biology\2012\estimating_the_relative_roles_of_recombination_and_point_mutation_in_the_generation_of_single_locus_variants_in_campylobacter_jejuni_and_campylobacter_coli_2012.pdf,"pora, ure, mau"
899,identification_of_a_novel_nidovirus_associated_with_a_neurological_disease_of_the_australian_brushtail_possum_2012.pdf,SNS,Biology,2012,C:/Users/vwan118/Documents/MaoriStudy/CoS-Merged\SNS\Biology\2012\identification_of_a_novel_nidovirus_associated_with_a_neurological_disease_of_the_australian_brushtail_possum_2012.pdf,"rati, toro, murine"
900,mutational_dynamics_of_aroid_chloroplast_genomes_2012.pdf,SNS,Biology,2012,C:/Users/vwan118/Documents/MaoriStudy/CoS-Merged\SNS\Biology\2012\mutational_dynamics_of_aroid_chloroplast_genomes_2012.pdf,"aotearoa, takaiwa, kuma, oono, nome, araki, taro, nga, kawata, taro"
901,the_guanine_nucleotide_exchange_factor_ric8_regulates_conidial_germination_through_gα_proteins_in_neurospora_crassa_2012.pdf,SNS,Biology,2012,C:/Users/vwan118/Documents/MaoriStudy/CoS-Merged\SNS\Biology\2012\the_guanine_nucleotide_exchange_factor_ric8_regulates_conidial_germination_through_gα_proteins_in_neurospora_crassa_2012.pdf,"pone, noa, amore, awere"
902,are_signature_proteins_the_key_to_evaluating_eukaryotic_phylogeny_2013.pdf,SNS,Biology,2013,C:/Users/vwan118/Documents/MaoriStudy/CoS-Merged\SNS\Biology\2013\are_signature_proteins_the_key_to_evaluating_eukaryotic_phylogeny_2013.pdf,"kuo, rerio, okamoto, nakamura, pongo, neupane, minge"
903,climate_change_influenced_female_population_sizes_through_time_across_the_indonesian_archipelago_2013.pdf,SNS,Biology,2013,C:/Users/vwan118/Documents/MaoriStudy/CoS-Merged\SNS\Biology\2013\climate_change_influenced_female_population_sizes_through_time_across_the_indonesian_archipelago_2013.pdf,"mahu, waimangura, ome, mau, wome, herawati, kateri, ani, raimanawe, herawati, aeta, tatiana, anote, ope, nieuwe, ime, wunga, wanokaka"
904,environmental_bio-monitoring_with_high-throughput_sequencing_2013.pdf,SNS,Biology,2013,C:/Users/vwan118/Documents/MaoriStudy/CoS-Merged\SNS\Biology\2013\environmental_bio-monitoring_with_high-throughput_sequencing_2013.pdf,"ree, waite, reiterate, mau, otu, ea"
905,extensive_intra_host_genetic_diversity_uncovered_in_cryptosporidium_parvum_using_next_generation_sequencing_2013.pdf,SNS,Biology,2013,C:/Users/vwan118/Documents/MaoriStudy/CoS-Merged\SNS\Biology\2013\extensive_intra_host_genetic_diversity_uncovered_in_cryptosporidium_parvum_using_next_generation_sequencing_2013.pdf,"hira, iwa, iiaa, iia, otu, puri, iie, mee, topo, pita"
906,fragmentation_of_an_aflatoxin_like_gene_cluster_in_a_forest_pathogen_2013.pdf,SNS,Biology,2013,C:/Users/vwan118/Documents/MaoriStudy/CoS-Merged\SNS\Biology\2013\fragmentation_of_an_aflatoxin_like_gene_cluster_in_a_forest_pathogen_2013.pdf,"arai, hao, takemoto, pini, kuma, kema, puri, ingenome, aoki, puri, maiti, ito, hane, epoa, tanaka"
907,identification_of_chloroplast_genome_loci_suitable_for_high_resolution_phylogeographic_studies_of_colocasia_esculenta_schott_and_closely_related_taxa_2013.pdf,SNS,Biology,2013,C:/Users/vwan118/Documents/MaoriStudy/CoS-Merged\SNS\Biology\2013\identification_of_chloroplast_genome_loci_suitable_for_high_resolution_phylogeographic_studies_of_colocasia_esculenta_schott_and_closely_related_taxa_2013.pdf,"repeata, aoteroa, nawata, hao, miura, peta, humana, totowa, eae, amore, tahara, taro, nga, taro"
908,marine_resources_in_māori_oral_tradition_2013.pdf,SNS,Biology,2013,C:/Users/vwan118/Documents/MaoriStudy/CoS-Merged\SNS\Biology\2013\marine_resources_in_māori_oral_tradition_2013.pdf,"whakapepeha, moana, temaori, toheroa, wheke, hinengaro, ururoa, apaua, kanahe, tipuna, kahawai, tamure, aotearoa, tuangi, ataria, rapanui, hiroa, pipi, tamure, tahiti, tahanui, toheroa, kei, whanganuiorotu, oura, epeha, ikawai, waikato, tuamoto, aua, hookeri, koe, wehia, huahine, manaakitanga, whai, whakaahuareka, iwi, tarakii, apaka, kirikiri, ea, engari, niho, hoki, ika, paua, rongo, kaitiaki, tohora, kaitiakitanga, tutunui, aika, tua, whaanga, nga, kiekie, ango, aronui, kehe, aui, kohere, toka, ara, purakau, maori, uoaa, kanae, whakairiwhare, kuna, hangarau, uooa, paka, hemi, ika, tuna, hake, hou, paikea, aoa, nga, meroiti, opuku, tuatua, teara, anae, hauraki, whenua, wihongi, wehi, tuamotu, uta, pipi, aori, tamarereti, waihora, hemi, tuhinga, kauae, ipuna, koura, apuku, kahukura, waikato, kaihua, tangata, amure, heke, wehi, wewere, māori, whakapapa, ahua, paue, roa, tarakihi, atiki, akahi, konae"
909,plant_symbiotic_fungi_as_chemical_engineers_2013.pdf,SNS,Biology,2013,C:/Users/vwan118/Documents/MaoriStudy/CoS-Merged\SNS\Biology\2013\plant_symbiotic_fungi_as_chemical_engineers_2013.pdf,"miao, ngi, noe, hane, nga, poo, takemoto, naro, ipomoeae, pupurea, noti, pape, ipomoeae, ea, initio, peramine, ine, ata, amine, peramine, mangone, epi, waru, pera, pera, ue, tanaka, ipomoea, mite, koike, tahi, ruriko, ena"
910,reconstructing_past_changes_in_locus_specific_recombination_rates_2013.pdf,SNS,Biology,2013,C:/Users/vwan118/Documents/MaoriStudy/CoS-Merged\SNS\Biology\2013\reconstructing_past_changes_in_locus_specific_recombination_rates_2013.pdf,"ea, mau"
911,southeast_asian_islands_and_oceania_2013.pdf,SNS,Biology,2013,C:/Users/vwan118/Documents/MaoriStudy/CoS-Merged\SNS\Biology\2013\southeast_asian_islands_and_oceania_2013.pdf,"rapanui, kope"
912,the_evolutionary_root_of_flowering_plants_2013.pdf,SNS,Biology,2013,C:/Users/vwan118/Documents/MaoriStudy/CoS-Merged\SNS\Biology\2013\the_evolutionary_root_of_flowering_plants_2013.pdf,"waikare, ane, ree, taharoa, iwi, tamura, akaike, roure"
913,the_indonesian_archipelago_2013.pdf,SNS,Biology,2013,C:/Users/vwan118/Documents/MaoriStudy/CoS-Merged\SNS\Biology\2013\the_indonesian_archipelago_2013.pdf,"rapanui, rengo, koki, herawati, tanaka, ani, rito, uinea, tatiana, mau"
914,an_interspecific_fungal_hybrid_reveals_cross_kingdom_rules_for_allopolyploid_gene_expression_patterns_2014.pdf,SNS,Biology,2014,C:/Users/vwan118/Documents/MaoriStudy/CoS-Merged\SNS\Biology\2014\an_interspecific_fungal_hybrid_reveals_cross_kingdom_rules_for_allopolyploid_gene_expression_patterns_2014.pdf,"pune, poo, nakatani, takara, mau"
915,genomes_of_plant_associated_clavicipitaceae_2014.pdf,SNS,Biology,2014,C:/Users/vwan118/Documents/MaoriStudy/CoS-Merged\SNS\Biology\2014\genomes_of_plant_associated_clavicipitaceae_2014.pdf,"poa, miao, poae, noike, oho, takano, taii, hirota, minami, takemoto, ipomoeae, ina, hanau, peramine, ipomoeeae, poaee, peramine, toenamine, ueki, pera, pera, tanaka, anote, ipomoea, aotearoae, hoooo"
916,how_do_hybrid_species_overcome_genome_shock_2014.pdf,SNS,Biology,2014,C:/Users/vwan118/Documents/MaoriStudy/CoS-Merged\SNS\Biology\2014\how_do_hybrid_species_overcome_genome_shock_2014.pdf,
917,isolation_contact_and_social_behavior_shaped_genetic_diversity_in_west_timor_2014.pdf,SNS,Biology,2014,C:/Users/vwan118/Documents/MaoriStudy/CoS-Merged\SNS\Biology\2014\isolation_contact_and_social_behavior_shaped_genetic_diversity_in_west_timor_2014.pdf,"rito, koki, meto, wewiku, herawati, mau, kateri, itinerario, ema, raimanawe, tatiana, atoni"
918,metagenomic_detection_of_bacteria_in_aerosol_samples_in_animal_slaughterhouses_to_develop_exposure_profiles_for_an_epidemiological_analysis_2014.pdf,SNS,Biology,2014,C:/Users/vwan118/Documents/MaoriStudy/CoS-Merged\SNS\Biology\2014\metagenomic_detection_of_bacteria_in_aerosol_samples_in_animal_slaughterhouses_to_develop_exposure_profiles_for_an_epidemiological_analysis_2014.pdf,
919,regime_shifts_in_balinese_subaks_2014.pdf,SNS,Biology,2014,C:/Users/vwan118/Documents/MaoriStudy/CoS-Merged\SNS\Biology\2014\regime_shifts_in_balinese_subaks_2014.pdf,ringo
920,robust_identification_of_noncoding_rna_from_transcriptomes_requires_phylogenetically_informed_sampling_2014.pdf,SNS,Biology,2014,C:/Users/vwan118/Documents/MaoriStudy/CoS-Merged\SNS\Biology\2014\robust_identification_of_noncoding_rna_from_transcriptomes_requires_phylogenetically_informed_sampling_2014.pdf,"ea, ena, umu"
921,semi_automatic_selection_of_summary_statistics_for_abc_model_choice_2014.pdf,SNS,Biology,2014,C:/Users/vwan118/Documents/MaoriStudy/CoS-Merged\SNS\Biology\2014\semi_automatic_selection_of_summary_statistics_for_abc_model_choice_2014.pdf,"ake, iterate, ue, whereri, rumina, parame, ure, mainana, mau, paramete, ea, ina, timate"
922,smartpop_2014.pdf,SNS,Biology,2014,C:/Users/vwan118/Documents/MaoriStudy/CoS-Merged\SNS\Biology\2014\smartpop_2014.pdf,"ea, iorio, ina, mau"
923,a_core_gene_set_describes_the_molecular_basis_of_mutualism_and_antagonism_in_epichloë_spp_2015.pdf,SNS,Biology,2015,C:/Users/vwan118/Documents/MaoriStudy/CoS-Merged\SNS\Biology\2015\a_core_gene_set_describes_the_molecular_basis_of_mutualism_and_antagonism_in_epichloë_spp_2015.pdf,"tohe, kato, takano, mau, homoperamine, manawatu, takemoto, ipomoeae, akano, purine, peramine, peramine, enome, aro, tanaka, purine, roreri, takahara"
924,a_flexible_theoretical_representation_for_the_temporal_dynamics_of_structured_populations_as_paths_on_polytope_complexes_2015.pdf,SNS,Biology,2015,C:/Users/vwan118/Documents/MaoriStudy/CoS-Merged\SNS\Biology\2015\a_flexible_theoretical_representation_for_the_temporal_dynamics_of_structured_populations_as_paths_on_polytope_complexes_2015.pdf,"oronoi, etoe, pare, wunga, enumerate, wanokaka, iare, mau"
925,"biochar_in_co_contaminated_soil_manipulates_arsenic_solubility_and_microbiological_community_structure,_and_promotes_organochlorine_degradation_2015.pdf",SNS,Biology,2015,"C:/Users/vwan118/Documents/MaoriStudy/CoS-Merged\SNS\Biology\2015\biochar_in_co_contaminated_soil_manipulates_arsenic_solubility_and_microbiological_community_structure,_and_promotes_organochlorine_degradation_2015.pdf","hanau, pore, kookana, ketone, otu, waikato, otu, tipu, mahia, pone"
926,draft_genome_sequences_of_three_strains_of_geobacillus_stearothermophilus_isolated_from_a_milk_powder_manufacturing_plant_2015.pdf,SNS,Biology,2015,C:/Users/vwan118/Documents/MaoriStudy/CoS-Merged\SNS\Biology\2015\draft_genome_sequences_of_three_strains_of_geobacillus_stearothermophilus_isolated_from_a_milk_powder_manufacturing_plant_2015.pdf,hera
927,draft_genome_sequence_of_the_filamentous_fungus_penicillium_paxilli_2015.pdf,SNS,Biology,2015,C:/Users/vwan118/Documents/MaoriStudy/CoS-Merged\SNS\Biology\2015\draft_genome_sequence_of_the_filamentous_fungus_penicillium_paxilli_2015.pdf,mau
928,estimating_the_relative_rate_of_recombination_to_mutation_in_bacteria_from_single_locus_variants_using_composite_likelihood_methods_2015.pdf,SNS,Biology,2015,C:/Users/vwan118/Documents/MaoriStudy/CoS-Merged\SNS\Biology\2015\estimating_the_relative_rate_of_recombination_to_mutation_in_bacteria_from_single_locus_variants_using_composite_likelihood_methods_2015.pdf,"wiu, nare, hou, ima, weare, ea, ea, mau"
929,hylite_2015.pdf,SNS,Biology,2015,C:/Users/vwan118/Documents/MaoriStudy/CoS-Merged\SNS\Biology\2015\hylite_2015.pdf,"huo, mau, waite"
930,kissing_cousins_2015.pdf,SNS,Biology,2015,C:/Users/vwan118/Documents/MaoriStudy/CoS-Merged\SNS\Biology\2015\kissing_cousins_2015.pdf,renata
931,mitochondrial_dna_and_the_y_chromosome_suggest_the_settlement_of_madagascar_by_indonesian_sea_nomad_populations_2015.pdf,SNS,Biology,2015,C:/Users/vwan118/Documents/MaoriStudy/CoS-Merged\SNS\Biology\2015\mitochondrial_dna_and_the_y_chromosome_suggest_the_settlement_of_madagascar_by_indonesian_sea_nomad_populations_2015.pdf,"anu, witu, rie, taro, koki, herawati, naire, rito, kutai, nuraini"
932,molecular_cloning_and_functional_analysis_of_gene_clusters_for_the_biosynthesis_of_indole_diterpenes_in_penicillium_crustosum_and_p_janthinellum_2015.pdf,SNS,Biology,2015,C:/Users/vwan118/Documents/MaoriStudy/CoS-Merged\SNS\Biology\2015\molecular_cloning_and_functional_analysis_of_gene_clusters_for_the_biosynthesis_of_indole_diterpenes_in_penicillium_crustosum_and_p_janthinellum_2015.pdf,"noike, mau, minami, eurotio, nerate, takemoto, ori, pape, eha, mata, pena, ene, omura, pena, ura, oikawa, inoue, epe, tanaka, namiki, peno, natura, natio, pii, peno, tona, peni, earinine, ura, rane"
933,reconstructing_past_admixture_processes_from_local_genomic_ancestry_using_wavelet_transformation_2015.pdf,SNS,Biology,2015,C:/Users/vwan118/Documents/MaoriStudy/CoS-Merged\SNS\Biology\2015\reconstructing_past_admixture_processes_from_local_genomic_ancestry_using_wavelet_transformation_2015.pdf,"kare, anu, hao, wunga, herawati, tatiana, mau"
934,relaxed_observance_of_traditional_marriage_rules_allows_social_connectivity_without_loss_of_genetic_diversity_2015.pdf,SNS,Biology,2015,C:/Users/vwan118/Documents/MaoriStudy/CoS-Merged\SNS\Biology\2015\relaxed_observance_of_traditional_marriage_rules_allows_social_connectivity_without_loss_of_genetic_diversity_2015.pdf,"winata, hapa, ree, humaine, popu, herawati, mau, pote, rito, ea, ea, tatiana, timate, apa"
935,using_a_common_commensal_bacterium_in_endangered_takahe_as_a_model_to_explore_pathogen_dynamics_in_isolated_wildlife_populations_2015.pdf,SNS,Biology,2015,C:/Users/vwan118/Documents/MaoriStudy/CoS-Merged\SNS\Biology\2015\using_a_common_commensal_bacterium_in_endangered_takahe_as_a_model_to_explore_pathogen_dynamics_in_isolated_wildlife_populations_2015.pdf,"pone, maungatautari, tiritiri, mana, pukeko, kapiti, mapa, epi, akaike, takahe, takahe, matangi, anau, maori, tiene"
936,whole_genome_sequencing_demonstrates_that_geographic_variation_of_escherichia_coli_o157_genotypes_dominates_host_association_2015.pdf,SNS,Biology,2015,C:/Users/vwan118/Documents/MaoriStudy/CoS-Merged\SNS\Biology\2015\whole_genome_sequencing_demonstrates_that_geographic_variation_of_escherichia_coli_o157_genotypes_dominates_host_association_2015.pdf,"ano, eaea, rotariu, pangenome, pangenome, eae, tamura"
937,bandwidth_selection_for_kernel_log_density_estimation_2016.pdf,SNS,Biology,2016,C:/Users/vwan118/Documents/MaoriStudy/CoS-Merged\SNS\Biology\2016\bandwidth_selection_for_kernel_log_density_estimation_2016.pdf,"wherewe, mau"
938,bayesian_inference_of_ancestral_recombination_graphs_for_bacterial_populations_2016.pdf,SNS,Biology,2016,C:/Users/vwan118/Documents/MaoriStudy/CoS-Merged\SNS\Biology\2016\bayesian_inference_of_ancestral_recombination_graphs_for_bacterial_populations_2016.pdf,"oru, manawatu, humanape, reiterate, ito, iare, ipi, tuare"
939,contrasting_linguistic_and_genetic_origins_of_the_asian_source_populations_of_malagasy_2016.pdf,SNS,Biology,2016,C:/Users/vwan118/Documents/MaoriStudy/CoS-Merged\SNS\Biology\2016\contrasting_linguistic_and_genetic_origins_of_the_asian_source_populations_of_malagasy_2016.pdf,"ato, anu, popu, temoro, karo, herawati, tamura, mikea, oota, mau"
940,genome_scale_investigation_of_phenotypically_distinct_but_nearly_clonal_trichoderma_strains_2016.pdf,SNS,Biology,2016,C:/Users/vwan118/Documents/MaoriStudy/CoS-Merged\SNS\Biology\2016\genome_scale_investigation_of_phenotypically_distinct_but_nearly_clonal_trichoderma_strains_2016.pdf,"toro, hamari, ea, tae, mea, rotorua, minima, ito, imi, pone, eha, naeimi"
941,genome_wide_gene_expression_dynamics_of_the_fungal_pathogen_dothistroma_septosporum_throughout_its_infection_cycle_of_the_gymnosperm_host_pinus_radiata_2016.pdf,SNS,Biology,2016,C:/Users/vwan118/Documents/MaoriStudy/CoS-Merged\SNS\Biology\2016\genome_wide_gene_expression_dynamics_of_the_fungal_pathogen_dothistroma_septosporum_throughout_its_infection_cycle_of_the_gymnosperm_host_pinus_radiata_2016.pdf,"pini, takano, takahara, kema, rotorua, hane, puiu"
942,genomic_analyses_inform_on_migration_events_during_the_peopling_of_eurasia_2016.pdf,SNS,Biology,2016,C:/Users/vwan118/Documents/MaoriStudy/CoS-Merged\SNS\Biology\2016\genomic_analyses_inform_on_migration_events_during_the_peopling_of_eurasia_2016.pdf,"ena, tana, aia, maru, iiii, tirana, irina, ea, monika, herawati, ooa, mari, ene"
943,genomic_insights_into_the_peopling_of_the_southwest_pacific_2016.pdf,SNS,Biology,2016,C:/Users/vwan118/Documents/MaoriStudy/CoS-Merged\SNS\Biology\2016\genomic_insights_into_the_peopling_of_the_southwest_pacific_2016.pdf,"tikopia, nui, makira, hepa, ata, rapanui, koki, nakanai, irina, tonga, tongatapu, onge, waikato, rapa, ea, teouma"
944,high_frequency_haplotypes_are_expected_events_not_historical_figures_2016.pdf,SNS,Biology,2016,C:/Users/vwan118/Documents/MaoriStudy/CoS-Merged\SNS\Biology\2016\high_frequency_haplotypes_are_expected_events_not_historical_figures_2016.pdf,tatiana
945,malagasy_genetic_ancestry_comes_from_an_historical_malay_trading_post_in_southeast_borneo_2016.pdf,SNS,Biology,2016,C:/Users/vwan118/Documents/MaoriStudy/CoS-Merged\SNS\Biology\2016\malagasy_genetic_ancestry_comes_from_an_historical_malay_trading_post_in_southeast_borneo_2016.pdf,"herawati, aro, aori, ea, titute, naire"
946,microbial_genomics_of_a_host_associated_commensal_bacterium_in_fragmented_populations_of_endangered_takahe_2016.pdf,SNS,Biology,2016,C:/Users/vwan118/Documents/MaoriStudy/CoS-Merged\SNS\Biology\2016\microbial_genomics_of_a_host_associated_commensal_bacterium_in_fragmented_populations_of_endangered_takahe_2016.pdf,"kao, maungatautari, onetakahe, hone, ea, aamino, mana, tiritirimatangi, takahe, takahe, maori, ea, pone"
947,molecular_markers_for_quantification_of_bioactive_fungal_strains_associated_with_pinus_radiata_2016.pdf,SNS,Biology,2016,C:/Users/vwan118/Documents/MaoriStudy/CoS-Merged\SNS\Biology\2016\molecular_markers_for_quantification_of_bioactive_fungal_strains_associated_with_pinus_radiata_2016.pdf,"imi, pini, nome, rotorua, pinea"
948,reconstructing_demography_and_social_behavior_during_the_neolithic_expansion_from_genomic_diversity_across_island_southeast_asia_2016.pdf,SNS,Biology,2016,C:/Users/vwan118/Documents/MaoriStudy/CoS-Merged\SNS\Biology\2016\reconstructing_demography_and_social_behavior_during_the_neolithic_expansion_from_genomic_diversity_across_island_southeast_asia_2016.pdf,"ipa, ake, anu, wunga, aru, tatara, mau, teouma"
949,seasonality_of_campylobacter_jejuni_isolates_associated_with_human_campylobacteriosis_in_the_manawatu_region_new_zealand_2016.pdf,SNS,Biology,2016,C:/Users/vwan118/Documents/MaoriStudy/CoS-Merged\SNS\Biology\2016\seasonality_of_campylobacter_jejuni_isolates_associated_with_human_campylobacteriosis_in_the_manawatu_region_new_zealand_2016.pdf,"manawatu, noti, ao, matamatapiako, mapa, noti, porirua"
950,small_traditional_human_communities_sustain_genomic_diversity_over_microgeographic_scales_despite_linguistic_isolation_2016.pdf,SNS,Biology,2016,C:/Users/vwan118/Documents/MaoriStudy/CoS-Merged\SNS\Biology\2016\small_traditional_human_communities_sustain_genomic_diversity_over_microgeographic_scales_despite_linguistic_isolation_2016.pdf,"winata, aeta, newhome, koki, romero, ao, wunga, wanokaka, herawati, ere, kee, rito, ea, tatiana, mau"
951,sticky_genomes_2016.pdf,SNS,Biology,2016,C:/Users/vwan118/Documents/MaoriStudy/CoS-Merged\SNS\Biology\2016\sticky_genomes_2016.pdf,"hookeri, putaiao, manawatu, totara, ineurope, kapiti, takimoto, tipu, pone, timema"
952,the_case_of_the_missing_ancient_fungal_polyploids_2016.pdf,SNS,Biology,2016,C:/Users/vwan118/Documents/MaoriStudy/CoS-Merged\SNS\Biology\2016\the_case_of_the_missing_ancient_fungal_polyploids_2016.pdf,"hoarau, huteau, kuraku, mau, teo, ota, murata, niinomi, huneau, akaike, kohara, nome, aretoo, maki, tohari, nakatani, paranome, maere, ture, rapa, nga"
953,variation_in_the_limit_of_detection_of_the_prospect_campylobacter_microplate_enzyme_immunoassay_in_stools_spiked_with_emerging_campylobacter_species_2016.pdf,SNS,Biology,2016,C:/Users/vwan118/Documents/MaoriStudy/CoS-Merged\SNS\Biology\2016\variation_in_the_limit_of_detection_of_the_prospect_campylobacter_microplate_enzyme_immunoassay_in_stools_spiked_with_emerging_campylobacter_species_2016.pdf,"henao, ataro, operario, iwamoto"
954,western_eurasian_genetic_influences_in_the_indonesian_archipelago_2016.pdf,SNS,Biology,2016,C:/Users/vwan118/Documents/MaoriStudy/CoS-Merged\SNS\Biology\2016\western_eurasian_genetic_influences_in_the_indonesian_archipelago_2016.pdf,"mani, herawati, hiri, rani, rakawi, herawati, kutai"
955,complete_genome_sequence_of_a_legionella_longbeachae_serogroup_1_strain_isolated_from_a_patient_with_legionnaires_disease_2017.pdf,SNS,Biology,2017,C:/Users/vwan118/Documents/MaoriStudy/CoS-Merged\SNS\Biology\2017\complete_genome_sequence_of_a_legionella_longbeachae_serogroup_1_strain_isolated_from_a_patient_with_legionnaires_disease_2017.pdf,"amaro, puri"
956,complete_genome_sequence_of_campylobacter_concisus_atcc_33237t_and_draft_genome_sequences_for_an_additional_eight_well-characterized_c_concisus_strains_2017.pdf,SNS,Biology,2017,C:/Users/vwan118/Documents/MaoriStudy/CoS-Merged\SNS\Biology\2017\complete_genome_sequence_of_campylobacter_concisus_atcc_33237t_and_draft_genome_sequences_for_an_additional_eight_well-characterized_c_concisus_strains_2017.pdf,pone
957,complex_patterns_of_admixture_across_the_indonesian_archipelago_2017.pdf,SNS,Biology,2017,C:/Users/vwan118/Documents/MaoriStudy/CoS-Merged\SNS\Biology\2017\complex_patterns_of_admixture_across_the_indonesian_archipelago_2017.pdf,"ea, horai, hie, tuuau, herawati, ooi, mau, rito, tahiti, ea, tatiana, titute, tonga"
958,culture_independent_analysis_using_gnd_as_a_target_gene_to_assess_escherichia_coli_diversity_and_community_structure_2017.pdf,SNS,Biology,2017,C:/Users/vwan118/Documents/MaoriStudy/CoS-Merged\SNS\Biology\2017\culture_independent_analysis_using_gnd_as_a_target_gene_to_assess_escherichia_coli_diversity_and_community_structure_2017.pdf,"nono, niu, pupo, ture, urea"
959,distinct_gut_microbiome_patterns_associate_with_consensus_molecular_subtypes_of_colorectal_cancer_2017.pdf,SNS,Biology,2017,C:/Users/vwan118/Documents/MaoriStudy/CoS-Merged\SNS\Biology\2017\distinct_gut_microbiome_patterns_associate_with_consensus_molecular_subtypes_of_colorectal_cancer_2017.pdf,"ea, omi, mima, ture, otu, murine, pone"
960,epichloë_hybrida_sp_nov_an_emerging_model_system_for_investigating_fungal_allopolyploidy_2017.pdf,SNS,Biology,2017,C:/Users/vwan118/Documents/MaoriStudy/CoS-Merged\SNS\Biology\2017\epichloë_hybrida_sp_nov_an_emerging_model_system_for_investigating_fungal_allopolyploidy_2017.pdf,"poa, poae, hume, ete, mau, niki, ue, manawatu, peramine, ine, peramine, pera, tanaka, ine, meani, aotearoae, aree, mau"
961,genome_wide_detection_of_autosomal_copy_number_variants_in_several_sheep_breeds_using_illumina_ovinesnp50_beadchips_2017.pdf,SNS,Biology,2017,C:/Users/vwan118/Documents/MaoriStudy/CoS-Merged\SNS\Biology\2017\genome_wide_detection_of_autosomal_copy_number_variants_in_several_sheep_breeds_using_illumina_ovinesnp50_beadchips_2017.pdf,"makita, merino, okamura, hou, ruakura, mangano, kawame, komura, kurotaki, mei, oaiari, uetake, moa, neto"
962,genomic_admixture_tracks_pulses_of_economic_activity_over_2000_years_in_the_indian_ocean_trading_network_2017.pdf,SNS,Biology,2017,C:/Users/vwan118/Documents/MaoriStudy/CoS-Merged\SNS\Biology\2017\genomic_admixture_tracks_pulses_of_economic_activity_over_2000_years_in_the_indian_ocean_trading_network_2017.pdf,"herawati, ture, naire"
963,genomic_analysis_of_salmonella_enterica_serovar_typhimurium_dt160_associated_with_a_14-year_outbreak_new_zealand_2017.pdf,SNS,Biology,2017,C:/Users/vwan118/Documents/MaoriStudy/CoS-Merged\SNS\Biology\2017\genomic_analysis_of_salmonella_enterica_serovar_typhimurium_dt160_associated_with_a_14-year_outbreak_new_zealand_2017.pdf,"popu, okoro, ure, tamura, epi, nome, pare, tomita, ani, pone, ena, mau"
964,genomic_data_quality_impacts_automated_detection_of_lateral_gene_transfer_in_fungi_2017.pdf,SNS,Biology,2017,C:/Users/vwan118/Documents/MaoriStudy/CoS-Merged\SNS\Biology\2017\genomic_data_quality_impacts_automated_detection_of_lateral_gene_transfer_in_fungi_2017.pdf,"ree, ine, hao, romeu, kuo, ea, kuma, hane, nakamura, mau, akaike, toome, pera, ete, tanaka"
965,genomic_epidemiology_and_management_of_salmonella_in_island_ecosystems_used_for_takahe_conservation_2017.pdf,SNS,Biology,2017,C:/Users/vwan118/Documents/MaoriStudy/CoS-Merged\SNS\Biology\2017\genomic_epidemiology_and_management_of_salmonella_in_island_ecosystems_used_for_takahe_conservation_2017.pdf,"kao, maungatautari, matangi, kokako, ea, hihi, tiritiri, houtenae, mana, takahe, puree, peto, takahe, anau, pone, ngai, earea, tahu, hauraki"
966,genomic_epidemiology_of_methicillin_susceptible_staphylococcus_aureus_across_colonisation_and_skin_and_soft_tissue_infection_2017.pdf,SNS,Biology,2017,C:/Users/vwan118/Documents/MaoriStudy/CoS-Merged\SNS\Biology\2017\genomic_epidemiology_of_methicillin_susceptible_staphylococcus_aureus_across_colonisation_and_skin_and_soft_tissue_infection_2017.pdf,"oneroa, anine, reo, aure, arakere, ori, ere, anima, porirua, pii, huma, natu, ereira"
967,host_tissue_environment_directs_activities_of_an_epichloë_endophyte_while_it_induces_systemic_hormone_and_defense_responses_in_its_native_perennial_ryegrass_host_2017.pdf,SNS,Biology,2017,C:/Users/vwan118/Documents/MaoriStudy/CoS-Merged\SNS\Biology\2017\host_tissue_environment_directs_activities_of_an_epichloë_endophyte_while_it_induces_systemic_hormone_and_defense_responses_in_its_native_perennial_ryegrass_host_2017.pdf,"niki, wiewi, nui, peramine, manawatu, peramine, okie, hume, takemoto, kato, mauro, pera, ea, tanaka, inu"
968,inferring_ancestral_recombination_graphs_from_bacterial_genomic_data_2017.pdf,SNS,Biology,2017,C:/Users/vwan118/Documents/MaoriStudy/CoS-Merged\SNS\Biology\2017\inferring_ancestral_recombination_graphs_from_bacterial_genomic_data_2017.pdf,"oru, manawatu, uoa, humanape, nare, reiterate, iare, ipi"
969,insights_into_the_geobacillus_stearothermophilus_species_based_on_phylogenomic_principles_2017.pdf,SNS,Biology,2017,C:/Users/vwan118/Documents/MaoriStudy/CoS-Merged\SNS\Biology\2017\insights_into_the_geobacillus_stearothermophilus_species_based_on_phylogenomic_principles_2017.pdf,"morikawa, pare, hera, eto, arora, ani, amori, iia, mora, kuo, hou, inoue, takami, pone, ea, takaki, parini, pore, ao"
970,isolation_and_characterization_of_microsatellite_loci_from_arthropodium_cirratum_2017.pdf,SNS,Biology,2017,C:/Users/vwan118/Documents/MaoriStudy/CoS-Merged\SNS\Biology\2017\isolation_and_characterization_of_microsatellite_loci_from_arthropodium_cirratum_2017.pdf,"tongarewa, otari, tepapa, waikawa, rengarenga, erate, ataa, haparapara, hapu, matapouri, maunganui, aata, waikato, ite, renga, māori, taaa, wakatipu, rohe, iwi"
971,kinship_structures_create_persistent_channels_for_language_transmission_2017.pdf,SNS,Biology,2017,C:/Users/vwan118/Documents/MaoriStudy/CoS-Merged\SNS\Biology\2017\kinship_structures_create_persistent_channels_for_language_transmission_2017.pdf,"anu, mahu, unaha, matatini, waimangura, herawati, wanokaka, kateri, ani"
972,the_last_sea_nomads_of_the_indonesian_archipelago_2017.pdf,SNS,Biology,2017,C:/Users/vwan118/Documents/MaoriStudy/CoS-Merged\SNS\Biology\2017\the_last_sea_nomads_of_the_indonesian_archipelago_2017.pdf,"aeta, arunotai, anu, noi, romani, herawati, naire, paeni, mau, nuraini"
973,ancient_dna_and_its_contribution_to_understanding_the_human_history_of_the_pacific_islands_2018.pdf,SNS,Biology,2018,C:/Users/vwan118/Documents/MaoriStudy/CoS-Merged\SNS\Biology\2018\ancient_dna_and_its_contribution_to_understanding_the_human_history_of_the_pacific_islands_2018.pdf,"anuatu, temotu, koita, pena, eanie, kami, unione, kiko, erueti, ona, teouma, epi, aiwo, hawaiki, wea, aiwoo, anu, koki, rotuma, tonga"
974,complete_genome_sequence_of_legionella_sainthelensi_isolated_from_a_patient_with_legionnaires_disease_2018.pdf,SNS,Biology,2018,C:/Users/vwan118/Documents/MaoriStudy/CoS-Merged\SNS\Biology\2018\complete_genome_sequence_of_legionella_sainthelensi_isolated_from_a_patient_with_legionnaires_disease_2018.pdf,"neou, porirua, nanopore, puri"
975,draft_whole_genome_sequences_of_five_klebsiella_pneumoniae_isolates_from_the_subantarctic_islands_of_new_zealand_2018.pdf,SNS,Biology,2018,C:/Users/vwan118/Documents/MaoriStudy/CoS-Merged\SNS\Biology\2018\draft_whole_genome_sequences_of_five_klebsiella_pneumoniae_isolates_from_the_subantarctic_islands_of_new_zealand_2018.pdf,"hookeri, ena, romero, moreno, iuta"
976,draft_whole_genome_sequences_of_seven_isolates_of_klebsiella_pneumoniae_from_new_zealand_sea_lions_2018.pdf,SNS,Biology,2018,C:/Users/vwan118/Documents/MaoriStudy/CoS-Merged\SNS\Biology\2018\draft_whole_genome_sequences_of_seven_isolates_of_klebsiella_pneumoniae_from_new_zealand_sea_lions_2018.pdf,"hookeri, ena, romero, ao, moreno, pone, iuta, kataria"
977,draft_whole_genome_sequences_of_three_diarrheagenic_escherichia_coli_strains_isolated_from_farmed_deer_in_new_zealand_2018.pdf,SNS,Biology,2018,C:/Users/vwan118/Documents/MaoriStudy/CoS-Merged\SNS\Biology\2018\draft_whole_genome_sequences_of_three_diarrheagenic_escherichia_coli_strains_isolated_from_farmed_deer_in_new_zealand_2018.pdf,"nono, ena, keene, manawatu, nono, noti, eae, porirua, noti, iha"
978,genomic_medicine_must_reduce_not_compound_health_inequities_2018.pdf,SNS,Biology,2018,C:/Users/vwan118/Documents/MaoriStudy/CoS-Merged\SNS\Biology\2018\genomic_medicine_must_reduce_not_compound_health_inequities_2018.pdf,"kaika, tīpuna, tikanga, taketake, tauiwi, pākeha, hauora, maori, ara, maori, monoamine, mata, rami, raraunga, toki, waikato, ea, ngāti, porou, aotearoa, tairāwhiti, mua, uerata, hapū, mana, māori, tiriti, temanararaunga, taonga, hauora, waitangi, puia, kaitiaki, whānau, kaneko, whakapapa, urate, iwi, kawharu, rotuma, hautū, manawa, tauranga, tonga"
979,human_perceptions_of_megafaunal_extinction_events_revealed_by_linguistic_analysis_of_indigenous_oral_traditions_2018.pdf,SNS,Biology,2018,C:/Users/vwan118/Documents/MaoriStudy/CoS-Merged\SNS\Biology\2018\human_perceptions_of_megafaunal_extinction_events_revealed_by_linguistic_analysis_of_indigenous_oral_traditions_2018.pdf,"īto, kupu, ātāte, ākāriki, waitara, ātā, ipuhue, wherowhero, awa, manaaki, āmoa, moana, ūnaha, moa, huna, aotearoa, moa, tengaro, āte, kawharu, waikato, kua, kokako, āti, taona, pūrākau, tītī, pou, whakataukī, kakapokakariki, puku, ea, poutama, pou, pā, ngaro, āori, ori, rahui, huia, ūātoki, pouakai, huia, whakataukī, awakanoi, wanganui, kaitiakitanga, ikaherengutu, whaanga, ākai, īwere, maori, āo, āpēpe, hiringa, moorei, ika, waiata, iwi, kea, temara, whenua, ātīpuna, pūmanawa, heihei, hemi, rakiura, huna, koromiko, kato, kiwi, mau, titi, hēmi, miro, hinengaro, waikato, tangata, ītongatonga, umu, wehi, matatini, īare, māori, hawaiki, wahie, hā, rākau, hunai, roa, karere, whakarite"
980,investigating_the_origins_of_eastern_polynesians_using_genome_wide_data_from_the_leeward_society_isles_2018.pdf,SNS,Biology,2018,C:/Users/vwan118/Documents/MaoriStudy/CoS-Merged\SNS\Biology\2018\investigating_the_origins_of_eastern_polynesians_using_genome_wide_data_from_the_leeward_society_isles_2018.pdf,"tikopia, takuu, monika, maori, mau, manawatu, paeata, nukumanu, ene, humu, aeta, hawaiki, tahiti, pone, nui, maere, rapa, ena, tonga"
981,long_term_colonization_by_campylobacter_jejuni_within_a_human_host_2018.pdf,SNS,Biology,2018,C:/Users/vwan118/Documents/MaoriStudy/CoS-Merged\SNS\Biology\2018\long_term_colonization_by_campylobacter_jejuni_within_a_human_host_2018.pdf,"manawatu, hipo, humanape, ori, mau, porirua, tui, rotorua, ataro, peto, waiheke, ena, ano"
982,molecular_epidemiology_of_shiga_toxin_producing_escherichia_coli_on_new_zealand_dairy_farms_2018.pdf,SNS,Biology,2018,C:/Users/vwan118/Documents/MaoriStudy/CoS-Merged\SNS\Biology\2018\molecular_epidemiology_of_shiga_toxin_producing_escherichia_coli_on_new_zealand_dairy_farms_2018.pdf,"nono, ano, taranaki, tania, moreira, iwamoto, noti, waikato, eaewere, pone, henao"
983,māori_oral_traditions_record_and_convey_indigenous_knowledge_of_marine_and_freshwater_resources_2018.pdf,SNS,Biology,2018,C:/Users/vwan118/Documents/MaoriStudy/CoS-Merged\SNS\Biology\2018\māori_oral_traditions_record_and_convey_indigenous_knowledge_of_marine_and_freshwater_resources_2018.pdf,"ōtihitihi, īto, kupu, nene, toheroa, tuna, ururoa, hinengaro, whata, moki, kahawai, tū, tuangi, kahungunu, pipi, āngaia, ārama, āpūrākau, iti, kawharu, ringaringa, kua, ekīana, aua, koe, pūrākau, nanua, ao, manumanu, whakatakoto, tāmure, tā, nana, huia, raraunga, puta, ngātuātara, hūāngatanga, wakanui, ōkopu, īhe, tāhuhu, whaanga, whakahirahira, huarahi, nehera, rarī, whaanga, kōrero, taha, paewai, ōna, tirotiro, tiu, wā, kanae, aitia, waka, tae, ao, ētahi, karakia, kaikini, āpea, ahurea, tuhia, whenua, maomao, tipa, rangaranga, ramatanga, tuhinga, reira, tītiko, kākahi, tangata, wai, wehi, īare, tua, taonga, retiarii, pakau, āua, moko, kohinga, ūtāmure, whakarite, ātauranga, matamua, ēake, harakeke, hawai, hītuna, whakaoho, raparapa, pō, emōhiotia, āhi, muri, kiore, takataka, iri, ihe, tuku, kahawai, toheroa, ikapuhapuha, takoto, whare, āwhanonga, noa, ōrero, kekeno, tāwhai, āori, tamaruarangi, kōkota, tōhīnaki, oha, paraparaumu, nanga, haku, mārearea, wawarua, rawa, ārāhe, mata, ānau, ōngātūpuna, āwhakatupuranga, ūranga, īwere, mure, ūrākau, maori, āringikuihi, āahurea, wawe, ahau, waituhi, whenua, āiwi, roto, ūmai, meroiti, ākehā, anei, āpāpori, āwhakapapa, hāpuku, whakatauā, uta, pipi, whiro, ōmuri, nāu, waikato, pihama, ātaiao, whangarei, matatini, īmai, unahi, māori, turoa, whakaatu, whaanga, āwhina, kuku, tū, kōrinorino, moana, āpēpeha, tāne, īhei, ūmatarau, ūnaha, kitea, pāpaka, ākōrero, kōkopu, araara, rerenga, aku, kī, kaheko, ōhiohio, ōētahi, maimoa, hookeri, whai, āwaitai, hei, ātāpono, hoki, whakangotea, pā, taupaenui, āhononga, whakahao, ātāhauariki, whakataukī, taitokerau, pātiki, pua, ākahi, kōura, whakatauki, tua, kātaha, ara, waaka, ōura, āpōpōki, paenga, whakarea, ika, mau, maramataka, pakari, pakake, hapori, ere, waiata, āhangarau, pounamu, āpopoto, whaonga, whaangaa, tikanga, ihi, taiao, kurua, ātaunahanahatanga, horo, hēmi, hirahira, tutu, piharau, pāua, āoa, ōururoa, horopaki, tūtāmure, hauoranga, tīpakohia, ōhio, āmātou, whakapapa, paku, mahi, āpanui, ītaua, anamata, whakairoiro, ērākāhore, ikaare, epāana, wheke, taranaki, āāhua, ārai, āte, rotorua, nui, aotearoa, pepeha, tawatawa, anei, tāeo, kei, korokoro, āmahara, ōte, waikato, whakamahinga, taketake, maroro, ihupuku, manuirirangi, reo, āpuku, āpānga, tinokupu, tamariki, hanga, rero, rongo, ātīpuna, ua, kō, nga, pipitaiari, huruhuru, ure, ōhonu, āo, waenganui, ānga, tuna, ātāika, taenga, ātuhinga, maungaroa, kura, hauraki, tamarereti, tauranga, hemi, kei, takahurihanga, mau, ātūpuna, kotahi, kore, parāoa, āapanui, huinga, tokākahi, roa, rou"
984,post_marital_residence_patterns_show_lineage_specific_evolution_2018.pdf,SNS,Biology,2018,C:/Users/vwan118/Documents/MaoriStudy/CoS-Merged\SNS\Biology\2018\post_marital_residence_patterns_show_lineage_specific_evolution_2018.pdf,"manoa, opie, umi, ito, matatini, ūnaha, mau"
985,repeat_elements_organise_3d_genome_structure_and_mediate_transcription_in_the_filamentous_fungus_epichloë_festucae_2018.pdf,SNS,Biology,2018,C:/Users/vwan118/Documents/MaoriStudy/CoS-Merged\SNS\Biology\2018\repeat_elements_organise_3d_genome_structure_and_mediate_transcription_in_the_filamentous_fungus_epichloë_festucae_2018.pdf,"ono, uo, oomo, owo, uoo, oko, wono, uo, iro"
986,the_comoros_show_the_earliest_austronesian_gene_flow_into_the_swahili_corridor_2018.pdf,SNS,Biology,2018,C:/Users/vwan118/Documents/MaoriStudy/CoS-Merged\SNS\Biology\2018\the_comoros_show_the_earliest_austronesian_gene_flow_into_the_swahili_corridor_2018.pdf,"humaine, inoue, wainaina, anu, rakoto, oromo, mukuru, mikea, noire, mitani, mau, nuraini"
987,updating_the_genomic_taxonomy_and_epidemiology_of_campylobacter_hyointestinalis_2018.pdf,SNS,Biology,2018,C:/Users/vwan118/Documents/MaoriStudy/CoS-Merged\SNS\Biology\2018\updating_the_genomic_taxonomy_and_epidemiology_of_campylobacter_hyointestinalis_2018.pdf,"ena, pangenome, manawatu, kamei, oipa, pangenome, iai, morooka, pani, neona"
988,16s_rdna_high_throughput_sequencing_and_maldi_tof_ms_are_complementary_when_studying_psychrotrophic_bacterial_diversity_of_raw_cows_milk_2019.pdf,SNS,Biology,2019,C:/Users/vwan118/Documents/MaoriStudy/CoS-Merged\SNS\Biology\2019\16s_rdna_high_throughput_sequencing_and_maldi_tof_ms_are_complementary_when_studying_psychrotrophic_bacterial_diversity_of_raw_cows_milk_2019.pdf,"uroi, niwa, nomura, eme, enumerate, morea, ere, waikato, puri, mangia, tani"
989,archaic_mitochondrial_dna_inserts_in_modern_day_nuclear_genomes_2019.pdf,SNS,Biology,2019,C:/Users/vwan118/Documents/MaoriStudy/CoS-Merged\SNS\Biology\2019\archaic_mitochondrial_dna_inserts_in_modern_day_nuclear_genomes_2019.pdf,"ao, nea, mau"
990,breaking_free_2019.pdf,SNS,Biology,2019,C:/Users/vwan118/Documents/MaoriStudy/CoS-Merged\SNS\Biology\2019\breaking_free_2019.pdf,"netune, perature, apeki, omai, paape, maritima, toa, initio, mau, maere, minima, rapa, homeo, puri, akama"
991,complete_genome_sequence_of_the_telford_type_s_strain_of_mycobacterium_avium_subsp_paratuberculosis_2019.pdf,SNS,Biology,2019,C:/Users/vwan118/Documents/MaoriStudy/CoS-Merged\SNS\Biology\2019\complete_genome_sequence_of_the_telford_type_s_strain_of_mycobacterium_avium_subsp_paratuberculosis_2019.pdf,"pone, merino"
992,denisovan_modern_human_and_mouse_tnfaip3_alleles_tune_a20_phosphorylation_and_immunity_2019.pdf,SNS,Biology,2019,C:/Users/vwan118/Documents/MaoriStudy/CoS-Merged\SNS\Biology\2019\denisovan_modern_human_and_mouse_tnfaip3_alleles_tune_a20_phosphorylation_and_immunity_2019.pdf,"moita, horikawa, howie, riate, enu, popu, mononu, otu, erature, neonate, māori, otu, autono, murine, tonga"
993,draft_genome_sequence_of_a_canine_uropathogenic_escherichia_coli_strain_isolated_in_new_zealand_2019.pdf,SNS,Biology,2019,C:/Users/vwan118/Documents/MaoriStudy/CoS-Merged\SNS\Biology\2019\draft_genome_sequence_of_a_canine_uropathogenic_escherichia_coli_strain_isolated_in_new_zealand_2019.pdf,"aroutine, uti, pone, irea"
994,draft_whole_genome_sequences_of_campylobacter_strains_isolated_from_brushtail_possums_in_new_zealand_2019.pdf,SNS,Biology,2019,C:/Users/vwan118/Documents/MaoriStudy/CoS-Merged\SNS\Biology\2019\draft_whole_genome_sequences_of_campylobacter_strains_isolated_from_brushtail_possums_in_new_zealand_2019.pdf,"maori, paihamu"
995,draft_whole_genome_sequences_of_three_isolates_of_a_novel_strain_of_a_campylobacter_sp_isolated_from_new_zealand_birds_and_water_2019.pdf,SNS,Biology,2019,C:/Users/vwan118/Documents/MaoriStudy/CoS-Merged\SNS\Biology\2019\draft_whole_genome_sequences_of_three_isolates_of_a_novel_strain_of_a_campylobacter_sp_isolated_from_new_zealand_birds_and_water_2019.pdf,"pareora, ani, manawatu, ani, pita, mau"
996,evidence_of_austronesian_genetic_lineages_in_east_africa_and_south_arabia_2019.pdf,SNS,Biology,2019,C:/Users/vwan118/Documents/MaoriStudy/CoS-Merged\SNS\Biology\2019\evidence_of_austronesian_genetic_lineages_in_east_africa_and_south_arabia_2019.pdf,"humaine, anu, pake, nona, oromo, ao, enaire, herawati, wio, wenote"
997,genetics_adaptation_to_environmental_changes_and_archaic_admixture_in_the_pathogenesis_of_diabetes_mellitus_in_indigenous_australians_2019.pdf,SNS,Biology,2019,C:/Users/vwan118/Documents/MaoriStudy/CoS-Merged\SNS\Biology\2019\genetics_adaptation_to_environmental_changes_and_archaic_admixture_in_the_pathogenesis_of_diabetes_mellitus_in_indigenous_australians_2019.pdf,"tuomi, tiwari, takehome, wome, akira, kiani, hani, pima, ea, arora, monika, utero, huo, tuke, ea, uterine"
998,gene_regulatory_networks_2019.pdf,SNS,Biology,2019,C:/Users/vwan118/Documents/MaoriStudy/CoS-Merged\SNS\Biology\2019\gene_regulatory_networks_2019.pdf,"kengo, uri, kuwano, noriko, hume, kawai, timo, toa, takahiro, hui, piero, rau, hana, ere, takehiro, arakawa, taha, atima, ina, imamura, pai, eka"
999,genomic_analysis_of_fluoroquinolone_and_tetracycline_resistant_campylobacter_jejuni_sequence_type_6964_in_humans_and_poultry_new_zealand_2019.pdf,SNS,Biology,2019,C:/Users/vwan118/Documents/MaoriStudy/CoS-Merged\SNS\Biology\2019\genomic_analysis_of_fluoroquinolone_and_tetracycline_resistant_campylobacter_jejuni_sequence_type_6964_in_humans_and_poultry_new_zealand_2019.pdf,"mina, teto, aotearoa, manawatu, tute, ure, mau, ture, peto, iai, natu, henao, keane"
1000,genomic_correlates_of_extraintestinal_infection_are_linked_with_changes_in_cell_morphology_in_campylobacter_jejuni_2019.pdf,SNS,Biology,2019,C:/Users/vwan118/Documents/MaoriStudy/CoS-Merged\SNS\Biology\2019\genomic_correlates_of_extraintestinal_infection_are_linked_with_changes_in_cell_morphology_in_campylobacter_jejuni_2019.pdf,"pore, naikare, umene, purine, wai, manawatu, nuo, maue, pora, amako, hume, ataro, aki"
1001,global_population_genomics_of_the_forest_pathogen_dothistroma_septosporum_reveal_chromosome_duplications_in_high_dothistromin_producing_strains_2019.pdf,SNS,Biology,2019,C:/Users/vwan118/Documents/MaoriStudy/CoS-Merged\SNS\Biology\2019\global_population_genomics_of_the_forest_pathogen_dothistroma_septosporum_reveal_chromosome_duplications_in_high_dothistromin_producing_strains_2019.pdf,"pini, kame, kuma, maunganui, tongariro, kema, ima, ito, rotorua, hane, tanaka"
1002,gnddb_a_database_of_partial_gnd_sequences_to_assist_with_analysis_of_escherichia_coli_communities_using_high_throughput_sequencing_2019.pdf,SNS,Biology,2019,C:/Users/vwan118/Documents/MaoriStudy/CoS-Merged\SNS\Biology\2019\gnddb_a_database_of_partial_gnd_sequences_to_assist_with_analysis_of_escherichia_coli_communities_using_high_throughput_sequencing_2019.pdf,"pone, katani, mekata"
1003,greater_genetic_and_regulatory_plasticity_of_retained_duplicates_in_epichloë_endophytic_fungi_2019.pdf,SNS,Biology,2019,C:/Users/vwan118/Documents/MaoriStudy/CoS-Merged\SNS\Biology\2019\greater_genetic_and_regulatory_plasticity_of_retained_duplicates_in_epichloë_endophytic_fungi_2019.pdf,"ino, hao, kimura, kuo, anaero, mika, initio, tamura, maere, nome, inoue, pare, pone, keane"
1004,identification_of_african_specific_admixture_between_modern_and_archaic_humans_2019.pdf,SNS,Biology,2019,C:/Users/vwan118/Documents/MaoriStudy/CoS-Merged\SNS\Biology\2019\identification_of_african_specific_admixture_between_modern_and_archaic_humans_2019.pdf,"iwo, netea, raineri, onge, hui, ea"
1005,investigation_of_the_validity_of_two_bayesian_ancestral_state_reconstruction_models_for_estimating_salmonella_transmission_during_outbreaks_2019.pdf,SNS,Biology,2019,C:/Users/vwan118/Documents/MaoriStudy/CoS-Merged\SNS\Biology\2019\investigation_of_the_validity_of_two_bayesian_ancestral_state_reconstruction_models_for_estimating_salmonella_transmission_during_outbreaks_2019.pdf,"ono, uo, uo, kii"
1006,isolation_of_emerging_campylobacter_species_in_working_farm_dogs_and_their_frozen_home_killed_raw_meat_diets_2019.pdf,SNS,Biology,2019,C:/Users/vwan118/Documents/MaoriStudy/CoS-Merged\SNS\Biology\2019\isolation_of_emerging_campylobacter_species_in_working_farm_dogs_and_their_frozen_home_killed_raw_meat_diets_2019.pdf,"pore, taukau, manawatu, pora, kato, koene, anou"
1007,metagenomics_and_transcriptomics_data_from_human_colorectal_cancer_2019.pdf,SNS,Biology,2019,C:/Users/vwan118/Documents/MaoriStudy/CoS-Merged\SNS\Biology\2019\metagenomics_and_transcriptomics_data_from_human_colorectal_cancer_2019.pdf,"otu, ea"
1008,multiple_deeply_divergent_denisovan_ancestries_in_papuans_2019.pdf,SNS,Biology,2019,C:/Users/vwan118/Documents/MaoriStudy/CoS-Merged\SNS\Biology\2019\multiple_deeply_divergent_denisovan_ancestries_in_papuans_2019.pdf,"howie, ooa, netea, arerare, ahi, weare, uterine, mau, hie, notime, romero, herawati, epo, wewere, hui, kiaa, amano, kei, koki, auwera, kawamura"
1009,novel_5_nitrofuran_activating_reductase_in_escherichia_coli_2019.pdf,SNS,Biology,2019,C:/Users/vwan118/Documents/MaoriStudy/CoS-Merged\SNS\Biology\2019\novel_5_nitrofuran_activating_reductase_in_escherichia_coli_2019.pdf,"naamati, hio, puri, werepuri, ara, okumura, tanokura, takai, ona, mori, puri, takara, mateu, tomita, tapanari, pati, koike, keio, inamoto"
1010,phylogeographic_analysis_reveals_multiple_international_transmission_events_have_driven_the_global_emergence_of_escherichia_coli_o157_2019.pdf,SNS,Biology,2019,C:/Users/vwan118/Documents/MaoriStudy/CoS-Merged\SNS\Biology\2019\phylogeographic_analysis_reveals_multiple_international_transmission_events_have_driven_the_global_emergence_of_escherichia_coli_o157_2019.pdf,"nono, rotariu, pangenome, kari, tamura, inei, noma, hange"
1011,phylogeography_of_the_endemic_new_zealand_tree_entelea_arborescens_2019.pdf,SNS,Biology,2019,C:/Users/vwan118/Documents/MaoriStudy/CoS-Merged\SNS\Biology\2019\phylogeography_of_the_endemic_new_zealand_tree_entelea_arborescens_2019.pdf,"tongarewa, wai, ārauru, kauri, tepapa, otari, karaka, towhau, āi, rengarenga, patuharakeke, whauama, houama, maori, hapu, kawhia, mau, taranaki, āori, taiao, ika, wairarapa, waikato, rotorua, porou, heine, kuri, aupouri, aotearoa, kauri, paraparaumu, kopi, āpuhi, kapiti, māori, akaike, whau, puri, mahia, ōkihi, kahuroa, moa, hauama, areawhere, ōauau, rohe, tiakina, rarawa, moanaroa, iwi, whau, tahu, kaitaia, āti"
1012,reduced_virulence_of_an_introduced_forest_pathogen_over_50_years_2019.pdf,SNS,Biology,2019,C:/Users/vwan118/Documents/MaoriStudy/CoS-Merged\SNS\Biology\2019\reduced_virulence_of_an_introduced_forest_pathogen_over_50_years_2019.pdf,"piou, taupo, pepori, pini, waikato, rotorua"
1013,sex_linked_genetic_diversity_originates_from_persistent_sociocultural_processes_at_microgeographic_scales_2019.pdf,SNS,Biology,2019,C:/Users/vwan118/Documents/MaoriStudy/CoS-Merged\SNS\Biology\2019\sex_linked_genetic_diversity_originates_from_persistent_sociocultural_processes_at_microgeographic_scales_2019.pdf,"pūnaha, matatini, herawati, pone, mau, nuraini"
1014,the_effect_of_carbohydrate_sources_2019.pdf,SNS,Biology,2019,C:/Users/vwan118/Documents/MaoriStudy/CoS-Merged\SNS\Biology\2019\the_effect_of_carbohydrate_sources_2019.pdf,"ono, uo, owo, otuo, oowo"
1015,the_genomeasia_100k_project_enables_genetic_discoveries_across_asia_2019.pdf,SNS,Biology,2019,C:/Users/vwan118/Documents/MaoriStudy/CoS-Merged\SNS\Biology\2019\the_genomeasia_100k_project_enables_genetic_discoveries_across_asia_2019.pdf,"aeta, nia, nomura, itui, maa, popu, hie, koki, erature, riate, onge, herawati, parani, auwera, nea, tatiana, iru"
1016,use_of_genomics_to_investigate_historical_importation_of_shiga_toxin_2019.pdf,SNS,Biology,2019,C:/Users/vwan118/Documents/MaoriStudy/CoS-Merged\SNS\Biology\2019\use_of_genomics_to_investigate_historical_importation_of_shiga_toxin_2019.pdf,"nono, pange, peruana, pangenome, ao, pangenome, mangino, ure, ture, nome, pare, iai, kuwahara, keane"
1017,warfare_induces_post_marital_residence_change_2019.pdf,SNS,Biology,2019,C:/Users/vwan118/Documents/MaoriStudy/CoS-Merged\SNS\Biology\2019\warfare_induces_post_marital_residence_change_2019.pdf,"opie, monotone, parame, popu, unaha, umi, matatini, waorani, tatara, ani, mau"
1018,a_critical_rebuttal_of_the_proposed_division_of_the_genus_arcobacter_into_six_genera_using_comparative_genomic_phylogenetic_and_phenotypic_criteria_2020.pdf,SNS,Biology,2020,C:/Users/vwan118/Documents/MaoriStudy/CoS-Merged\SNS\Biology\2020\a_critical_rebuttal_of_the_proposed_division_of_the_genus_arcobacter_into_six_genera_using_comparative_genomic_phylogenetic_and_phenotypic_criteria_2020.pdf,"ani, takai, pii, waite, ona, aai, teu, aurati, kato, ureo, ani, ramana, pati"
1019,a_large_scale_waterborne_campylobacteriosis_outbreak_havelock_north_new_zealand_2020.pdf,SNS,Biology,2020,C:/Users/vwan118/Documents/MaoriStudy/CoS-Merged\SNS\Biology\2020\a_large_scale_waterborne_campylobacteriosis_outbreak_havelock_north_new_zealand_2020.pdf,"aine, tine, moreira, arangi, noti, ini, epi, aori, nauta, enumerate, rou, noti, paine, epi, ture, porirua"
1020,camellia_plant_resistance_and_susceptibility_to_petal_blight_disease_are_defined_by_the_timing_of_defense_responses_2020.pdf,SNS,Biology,2020,C:/Users/vwan118/Documents/MaoriStudy/CoS-Merged\SNS\Biology\2020\camellia_plant_resistance_and_susceptibility_to_petal_blight_disease_are_defined_by_the_timing_of_defense_responses_2020.pdf,"hao, humana, wairere, kaiho, maere, hara, ito, raina"
1021,campylobacter_novaezeelandiae_sp_nov_isolated_from_birds_and_water_in_new_zealand_2020.pdf,SNS,Biology,2020,C:/Users/vwan118/Documents/MaoriStudy/CoS-Merged\SNS\Biology\2020\campylobacter_novaezeelandiae_sp_nov_isolated_from_birds_and_water_in_new_zealand_2020.pdf,"ene, pareora, ani, manawatu, pita, enokimoto, tamura, amano, oroua, homini, mau"
1022,carriage_of_extended_spectrum_beta_lactamase_and_ampc_beta_lactamase_producing_escherichia_coli_strains_from_humans_and_pets_in_the_same_households_2020.pdf,SNS,Biology,2020,C:/Users/vwan118/Documents/MaoriStudy/CoS-Merged\SNS\Biology\2020\carriage_of_extended_spectrum_beta_lactamase_and_ampc_beta_lactamase_producing_escherichia_coli_strains_from_humans_and_pets_in_the_same_households_2020.pdf,"iee, oti, uti, amu, amo, utiwere, karanika, maiuro, iia, ata, teta, pone, iuta"
1023,characterising_the_methylome_of_legionella_longbeachae_serogroup_1_clinical_isolates_and_assessing_geo-temporal_genetic_diversity_2020.pdf,SNS,Biology,2020,C:/Users/vwan118/Documents/MaoriStudy/CoS-Merged\SNS\Biology\2020\characterising_the_methylome_of_legionella_longbeachae_serogroup_1_clinical_isolates_and_assessing_geo-temporal_genetic_diversity_2020.pdf,"pangenome, manawatu, porirua, waikato, rotorua, amaro, pone, keane"
1024,chromosome_level_reference_genome_of_venturia_effusa_causative_agent_of_pecan_scab_2020.pdf,SNS,Biology,2020,C:/Users/vwan118/Documents/MaoriStudy/CoS-Merged\SNS\Biology\2020\chromosome_level_reference_genome_of_venturia_effusa_causative_agent_of_pecan_scab_2020.pdf,"taha, pirina, nanopore, tini, kimura, takano, nuka, kema, nanopore, puri, hane"
1025,comparative_genetic_diversity_of_cryptosporidium_species_causing_human_infections_2020.pdf,SNS,Biology,2020,C:/Users/vwan118/Documents/MaoriStudy/CoS-Merged\SNS\Biology\2020\comparative_genetic_diversity_of_cryptosporidium_species_causing_human_infections_2020.pdf,"pūnaha, kono, nataro, moineau, kimura, kanungo, matatini, omore, ono, ika, matute, inoue, apārangi, houte, pita, iia, mau"
1026,comparison_of_the_pathogenic_potential_of_campylobacter_jejuni_c_upsaliensis_and_c_helveticus_and_limitations_of_using_larvae_of_galleria_mellonella_2020.pdf,SNS,Biology,2020,C:/Users/vwan118/Documents/MaoriStudy/CoS-Merged\SNS\Biology\2020\comparison_of_the_pathogenic_potential_of_campylobacter_jejuni_c_upsaliensis_and_c_helveticus_and_limitations_of_using_larvae_of_galleria_mellonella_2020.pdf,"manawatu, kata, pirie"
1027,complete_genome_sequence_of_a_legionella_longbeachae_serogroup_2_isolate_derived_from_a_patient_with_legionnaires_disease_2020.pdf,SNS,Biology,2020,C:/Users/vwan118/Documents/MaoriStudy/CoS-Merged\SNS\Biology\2020\complete_genome_sequence_of_a_legionella_longbeachae_serogroup_2_isolate_derived_from_a_patient_with_legionnaires_disease_2020.pdf,"mau, muni, noti, nanopore, puri"
1028,conservation_and_expansion_of_a_necrosis_inducing_small_secreted_protein_family_from_host_variable_phytopathogens_of_the_sclerotiniaceae_2020.pdf,SNS,Biology,2020,C:/Users/vwan118/Documents/MaoriStudy/CoS-Merged\SNS\Biology\2020\conservation_and_expansion_of_a_necrosis_inducing_small_secreted_protein_family_from_host_variable_phytopathogens_of_the_sclerotiniaceae_2020.pdf,"ine, meme, nerea, teine, kema, ture, mea, karimi, hane, tanaka, oome"
1029,dense_sampling_of_bird_diversity_increases_power_of_comparative_genomics_2020.pdf,SNS,Biology,2020,C:/Users/vwan118/Documents/MaoriStudy/CoS-Merged\SNS\Biology\2020\dense_sampling_of_bird_diversity_increases_power_of_comparative_genomics_2020.pdf,"okarito, rute, upupa, mito, mohoua, rowi, kira, puri, hoopoe, puretone, kiwi, muraria"
1030,does_land_use_affect_pathogen_presence_in_new_zealand_drinking_water_supplies_2020.pdf,SNS,Biology,2020,C:/Users/vwan118/Documents/MaoriStudy/CoS-Merged\SNS\Biology\2020\does_land_use_affect_pathogen_presence_in_new_zealand_drinking_water_supplies_2020.pdf,"moni, niwa, waiorohi, wainuiomata, ria, aotearoa, manawatu, pita, enu, wairarapa, waikato, hui, orongorongo, ani, teria, huia, tuakau, aramini, aotearoa, turitea, karapiro, mea, waingawa, oroua, enumera, aparangi, niwa, pareora, rumi, paine, tauranga, waitakere, tautau"
1031,draft_genome_sequences_of_eight_strains_of_campylobacter_helveticus_isolated_from_cats_and_a_dog_in_new_zealand_2020.pdf,SNS,Biology,2020,C:/Users/vwan118/Documents/MaoriStudy/CoS-Merged\SNS\Biology\2020\draft_genome_sequences_of_eight_strains_of_campylobacter_helveticus_isolated_from_cats_and_a_dog_in_new_zealand_2020.pdf,"pangenome, manawatu"
1032,genome_wide_dna_methylation_and_gene_expression_patterns_reflect_genetic_ancestry_and_environmental_differences_across_the_indonesian_archipelago_2020.pdf,SNS,Biology,2020,C:/Users/vwan118/Documents/MaoriStudy/CoS-Merged\SNS\Biology\2020\genome_wide_dna_methylation_and_gene_expression_patterns_reflect_genetic_ancestry_and_environmental_differences_across_the_indonesian_archipelago_2020.pdf,"ono, uo, noo, onu, toi, uo, omo"
1033,genomic_epidemiology_and_carbon_metabolism_of_escherichia_coli_serogroup_o145_reflect_contrasting_phylogenies_2020.pdf,SNS,Biology,2020,C:/Users/vwan118/Documents/MaoriStudy/CoS-Merged\SNS\Biology\2020\genomic_epidemiology_and_carbon_metabolism_of_escherichia_coli_serogroup_o145_reflect_contrasting_phylogenies_2020.pdf,"ono, uo, owo, iwo, oko, towo, woeae, onei, uo, eae, tuo, wono, ooeae"
1034,mitochondrial_evolution_in_the_entomopathogenic_fungal_genus_beauveria_2020.pdf,SNS,Biology,2020,C:/Users/vwan118/Documents/MaoriStudy/CoS-Merged\SNS\Biology\2020\mitochondrial_evolution_in_the_entomopathogenic_fungal_genus_beauveria_2020.pdf,"maniania, ree, koike, kipukae, mori, weta, ima, mau, taa, aimee, mutate, ara, ani, imi, aime"
1035,mycelial_biomass_and_concentration_of_loline_alkaloids_driven_by_complex_population_structure_in_epichloë_uncinata_and_meadow_fescue_2020.pdf,SNS,Biology,2020,C:/Users/vwan118/Documents/MaoriStudy/CoS-Merged\SNS\Biology\2020\mycelial_biomass_and_concentration_of_loline_alkaloids_driven_by_complex_population_structure_in_epichloë_uncinata_and_meadow_fescue_2020.pdf,"tou, poa, peramine, hume, noi, tamura, ture, kawamoto, pone, ea, tanaka"
1036,novel_mechanisms_of_tolc_independent_decreased_bile_salt_susceptibility_in_escherichia_coli_2020.pdf,SNS,Biology,2020,C:/Users/vwan118/Documents/MaoriStudy/CoS-Merged\SNS\Biology\2020\novel_mechanisms_of_tolc_independent_decreased_bile_salt_susceptibility_in_escherichia_coli_2020.pdf,"ine, keio, ine, ara"
1037,opportunities_for_modern_genetic_technologies_to_maintain_and_enhance_aotearoa_new_zealands_bioheritage_2020.pdf,SNS,Biology,2020,C:/Users/vwan118/Documents/MaoriStudy/CoS-Merged\SNS\Biology\2020\opportunities_for_modern_genetic_technologies_to_maintain_and_enhance_aotearoa_new_zealands_bioheritage_2020.pdf,"hookeri, whenua, kauri, kura, taketake, whakamātaki, kawamoto, kiwi, mata, manaaki, toki, taiao, rotorua, kōwaro, ea, tangata, kākāpō, whenua, aotearoa, tuku, kaupapa, uerata, hapū, koiora, māori, taonga, waitangi, moa, ruru, rupene, kiwi, iwi, tira, hautū, wai, tipu, kakī, kākāpō"
1038,papuan_mitochondrial_genomes_and_the_settlement_of_sahul_2020.pdf,SNS,Biology,2020,C:/Users/vwan118/Documents/MaoriStudy/CoS-Merged\SNS\Biology\2020\papuan_mitochondrial_genomes_and_the_settlement_of_sahul_2020.pdf,"humaine, aeta, kaneko, anu, kinipi, koki, tuke, maranao, herawati, ture, rito, muke, uinea, tonga"
1039,phylogenetic_determinants_of_toxin_gene_distribution_in_genomes_of_brevibacillus_laterosporus_2020.pdf,SNS,Biology,2020,C:/Users/vwan118/Documents/MaoriStudy/CoS-Merged\SNS\Biology\2020\phylogenetic_determinants_of_toxin_gene_distribution_in_genomes_of_brevibacillus_laterosporus_2020.pdf,"pore, ani, niu, ruiu, keene, mura, hao, anani, mora, oei, rie, mau, tamura, aau, ani, repa"
1040,reply_to_baba_and_kanamori_2020.pdf,SNS,Biology,2020,C:/Users/vwan118/Documents/MaoriStudy/CoS-Merged\SNS\Biology\2020\reply_to_baba_and_kanamori_2020.pdf,"nono, tohoku, nono, rotariu, hiroaki, kanamori, tohoku, noma"
1041,sismonr_2020.pdf,SNS,Biology,2020,C:/Users/vwan118/Documents/MaoriStudy/CoS-Merged\SNS\Biology\2020\sismonr_2020.pdf,
1042,the_importance_and_prevalence_of_allopolyploidy_in_aotearoa_new_zealand_2020.pdf,SNS,Biology,2020,C:/Users/vwan118/Documents/MaoriStudy/CoS-Merged\SNS\Biology\2020\the_importance_and_prevalence_of_allopolyploidy_in_aotearoa_new_zealand_2020.pdf,"poa, whenua, tongarewa, hume, taro, teara, hue, pore, ine, mauri, tīpore, tuna, neima, manaaki, karaka, uwhi, aotearoa, māori, ipomoea, pānakenake, kūmara, tī, aute, kawaura"
1043,aliarcobacter_halarcobacter_malaciobacter_pseudarcobacter_and_poseidonibacter_are_later_synonyms_of_arcobacter_2021.pdf,SNS,Biology,2021,C:/Users/vwan118/Documents/MaoriStudy/CoS-Merged\SNS\Biology\2021\aliarcobacter_halarcobacter_malaciobacter_pseudarcobacter_and_poseidonibacter_are_later_synonyms_of_arcobacter_2021.pdf,"ani, aai, waite"
1044,an_informatics_consult_approach_for_generating_clinical_evidence_for_treatment_decisions_2021.pdf,SNS,Biology,2021,C:/Users/vwan118/Documents/MaoriStudy/CoS-Merged\SNS\Biology\2021\an_informatics_consult_approach_for_generating_clinical_evidence_for_treatment_decisions_2021.pdf,"hingorani, aha, wai, tino, epi, kuo, hemani, ture, amia, ema, teria, tanaka"
1045,a_molecular_survey_of_canine_respiratory_viruses_in_new_zealand_2021.pdf,SNS,Biology,2021,C:/Users/vwan118/Documents/MaoriStudy/CoS-Merged\SNS\Biology\2021\a_molecular_survey_of_canine_respiratory_viruses_in_new_zealand_2021.pdf,"iwahana, maree, mari, maki, morikawa, morea, tamura, puri, aoki, topo"
1046,bacterial_influence_on_the_formation_of_hematite_2021.pdf,SNS,Biology,2021,C:/Users/vwan118/Documents/MaoriStudy/CoS-Merged\SNS\Biology\2021\bacterial_influence_on_the_formation_of_hematite_2021.pdf,"rohana, pore, eua, kota, niu, hematite, ea, hematite, tio, onanguema, ruwini"
1047,characterisation_of_ampc_and_extended_spectrum_beta_lactamase_producing_e_coli_from_new_zealand_dairy_farms_2021.pdf,SNS,Biology,2021,C:/Users/vwan118/Documents/MaoriStudy/CoS-Merged\SNS\Biology\2021\characterisation_of_ampc_and_extended_spectrum_beta_lactamase_producing_e_coli_from_new_zealand_dairy_farms_2021.pdf,"nanopore, hea, ohu, okatani, neamati, puri, nanopore, hera, ine, mora, rangahau, mamani, kanamori, tamura, puri, toro, tiwari, moreira, moniri"
1048,characterization_of_bicistronic_transcription_in_budding_yeast_2021.pdf,SNS,Biology,2021,C:/Users/vwan118/Documents/MaoriStudy/CoS-Merged\SNS\Biology\2021\characterization_of_bicistronic_transcription_in_budding_yeast_2021.pdf,"kurihara, niu, miki, hao, kimura, romao, tamura, mari, mou"
1049,"chromosome_level_genomes_provide_insights_into_genome_evolution,_organization_and_size_in_epichloe_fungi_2021.pdf",SNS,Biology,2021,"C:/Users/vwan118/Documents/MaoriStudy/CoS-Merged\SNS\Biology\2021\chromosome_level_genomes_provide_insights_into_genome_evolution,_organization_and_size_in_epichloe_fungi_2021.pdf","tini, ao, nuka, pangenome, kema, hane, pone, tanaka, mau"
1050,comparative_genomics_of_mycobacterium_avium_subspecies_paratuberculosis_sheep_strains_2021.pdf,SNS,Biology,2021,C:/Users/vwan118/Documents/MaoriStudy/CoS-Merged\SNS\Biology\2021\comparative_genomics_of_mycobacterium_avium_subspecies_paratuberculosis_sheep_strains_2021.pdf,"kao, ino, nationa, pangenome, nanopore, ome, minakawa, kuma, romero, iai, heroni, ea, peiii, pangenome, mori, ere, eria, puri, pone, mutati, mau, pote"
1051,comparative_genomics_reveals_a_core_gene_toolbox_for_lifestyle_transitions_in_hypocreales_fungi_2021.pdf,SNS,Biology,2021,C:/Users/vwan118/Documents/MaoriStudy/CoS-Merged\SNS\Biology\2021\comparative_genomics_reveals_a_core_gene_toolbox_for_lifestyle_transitions_in_hypocreales_fungi_2021.pdf,"kirui, hao, kuo, monika, ingenome, aoki, imani"
1052,complete_genome_sequences_of_three_clostridiales_r_7_group_strains_isolated_from_the_bovine_rumen_in_new_zealand_2021.pdf,SNS,Biology,2021,C:/Users/vwan118/Documents/MaoriStudy/CoS-Merged\SNS\Biology\2021\complete_genome_sequences_of_three_clostridiales_r_7_group_strains_isolated_from_the_bovine_rumen_in_new_zealand_2021.pdf,"waite, hungate, moona, waikato, nanopore, iki, pone, ea"
1053,draft_genome_sequences_of_seven_extended_spectrum_β_lactamase_producing_escherichia_coli_strains_isolated_from_new_zealand_waterways_2021.pdf,SNS,Biology,2021,C:/Users/vwan118/Documents/MaoriStudy/CoS-Merged\SNS\Biology\2021\draft_genome_sequences_of_seven_extended_spectrum_β_lactamase_producing_escherichia_coli_strains_isolated_from_new_zealand_waterways_2021.pdf,"momutu, puri"
1054,evolution_of_virulence_in_a_novel_family_of_transmissible_mega_plasmids_2021.pdf,SNS,Biology,2021,C:/Users/vwan118/Documents/MaoriStudy/CoS-Merged\SNS\Biology\2021\evolution_of_virulence_in_a_novel_family_of_transmissible_mega_plasmids_2021.pdf,"taheri, aotearoa, tukino, puna, tūtae, mau, māori, taa, repa, iamiami, repa, moreno, manuka, ruru, keane"
1055,first_report_of_novel_assemblages_and_mixed_infections_of_giardia_duodenalis_in_human_isolates_from_new_zealand_2021.pdf,SNS,Biology,2021,C:/Users/vwan118/Documents/MaoriStudy/CoS-Merged\SNS\Biology\2021\first_report_of_novel_assemblages_and_mixed_infections_of_giardia_duodenalis_in_human_isolates_from_new_zealand_2021.pdf,"takemura, aiii, paine, akaike, paparini, aii, pita, mau"
1056,genetic_characterisation_of_campylobacter_concisus_2021.pdf,SNS,Biology,2021,C:/Users/vwan118/Documents/MaoriStudy/CoS-Merged\SNS\Biology\2021\genetic_characterisation_of_campylobacter_concisus_2021.pdf,"ani, pangenome, kuma, pangenome, tamura, takahe, heme, ratioa, tanaka, keane"
1057,genome_sequences_for_extended_spectrum_beta_lactamase_producing_escherichia_coli_strains_isolated_from_different_water_sources_2021.pdf,SNS,Biology,2021,C:/Users/vwan118/Documents/MaoriStudy/CoS-Merged\SNS\Biology\2021\genome_sequences_for_extended_spectrum_beta_lactamase_producing_escherichia_coli_strains_isolated_from_different_water_sources_2021.pdf,"maio, aotearoa, peto, nanopore, amaro, ea"
1058,genomic_adaptations_of_campylobacter_jejuni_to_long_term_human_colonization_2021.pdf,SNS,Biology,2021,C:/Users/vwan118/Documents/MaoriStudy/CoS-Merged\SNS\Biology\2021\genomic_adaptations_of_campylobacter_jejuni_to_long_term_human_colonization_2021.pdf,"pūnaha, kenepuru, ure, ramiro, tui, popu, porirua, mane, apārangi, keane, pangenome, patino, matatini, muraoka, peake, kuroiwa, pora, muta"
1059,genomic_and_phenotypic_comparison_of_two_salmonella_typhimurium_strains_responsible_for_consecutive_salmonellosis_outbreaks_in_new_zealand_2021.pdf,SNS,Biology,2021,C:/Users/vwan118/Documents/MaoriStudy/CoS-Merged\SNS\Biology\2021\genomic_and_phenotypic_comparison_of_two_salmonella_typhimurium_strains_responsible_for_consecutive_salmonellosis_outbreaks_in_new_zealand_2021.pdf,"kenepuru, irino, okoro, ao, pangenome, repo, nanopore, makumi, mau, porirua, iai, murine, kariuki, keane, tapia, pangenome, mora, matatini, aparangi, pone, hoa, paine, ena"
1060,genomic_profiling_of_mycobacterium_tuberculosis_strains_myanmar_2021.pdf,SNS,Biology,2021,C:/Users/vwan118/Documents/MaoriStudy/CoS-Merged\SNS\Biology\2021\genomic_profiling_of_mycobacterium_tuberculosis_strains_myanmar_2021.pdf,kapatai
1061,microbial_contamination_in_drinking_water_at_public_outdoor_recreation_facilities_in_new_zealand_2021.pdf,SNS,Biology,2021,C:/Users/vwan118/Documents/MaoriStudy/CoS-Merged\SNS\Biology\2021\microbial_contamination_in_drinking_water_at_public_outdoor_recreation_facilities_in_new_zealand_2021.pdf,"anaura, momorangi, pukeko, totaranui, kohaihai, ure, mauro, enome, waikawau, weka, waikaremoana, otaki, takahe, whatamango"
1062,microbial_diversity_in_water_and_animal_faeces_2021.pdf,SNS,Biology,2021,C:/Users/vwan118/Documents/MaoriStudy/CoS-Merged\SNS\Biology\2021\microbial_diversity_in_water_and_animal_faeces_2021.pdf,"whangaiterenga, tiwari, anaura, momorangi, totaranui, kohaihai, whatamango, pukeko, enome, waikaremoana, otaki, waikawau, paine, paparini, runo"
1063,one_dogs_waste_is_another_dogs_wealth_2021.pdf,SNS,Biology,2021,C:/Users/vwan118/Documents/MaoriStudy/CoS-Merged\SNS\Biology\2021\one_dogs_waste_is_another_dogs_wealth_2021.pdf,"ono, noo, uo, owo, ooro, uo, omono"
1064,papua_new_guinean_genomes_reveal_the_complex_settlement_of_north_sahul_2021.pdf,SNS,Biology,2021,C:/Users/vwan118/Documents/MaoriStudy/CoS-Merged\SNS\Biology\2021\papua_new_guinean_genomes_reveal_the_complex_settlement_of_north_sahul_2021.pdf,"howie, monika, ea, heri, romero, pua, herawati, kaipu, humaine, haro, kinipi, nome, arauna, humana, muke, ea, kei, titute, anu, nuraini, koki, ture, auwera, ramu"
1065,regulation_of_host_infection_ability_in_the_grass_symbiotic_fungus_epichloë_festucae_by_histone_h3k9_and_h3k36_methyltransferases_2021.pdf,SNS,Biology,2021,C:/Users/vwan118/Documents/MaoriStudy/CoS-Merged\SNS\Biology\2021\regulation_of_host_infection_ability_in_the_grass_symbiotic_fungus_epichloë_festucae_by_histone_h3k9_and_h3k36_methyltransferases_2021.pdf,"ata, ine, tamaru, manawatu, takemoto, tini, kimura, kameoka, kamakura, inoue, hane, tanaka, paka"
1066,resilience_of_faecal_microbiota_in_stabled_thoroughbred_horses_following_abrupt_dietary_transition_between_freshly_cut_pasture_and_three_forage-based_diets_2021.pdf,SNS,Biology,2021,C:/Users/vwan118/Documents/MaoriStudy/CoS-Merged\SNS\Biology\2021\resilience_of_faecal_microbiota_in_stabled_thoroughbred_horses_following_abrupt_dietary_transition_between_freshly_cut_pasture_and_three_forage-based_diets_2021.pdf,"reporoa, moreau, uio, tamura, urano, otu, puri, ani"
1067,seasonal_variation_in_the_faecal_microbiota_of_mature_adult_horses_maintained_on_pasture_in_new_zealand_2021.pdf,SNS,Biology,2021,C:/Users/vwan118/Documents/MaoriStudy/CoS-Merged\SNS\Biology\2021\seasonal_variation_in_the_faecal_microbiota_of_mature_adult_horses_maintained_on_pasture_in_new_zealand_2021.pdf,"nera, hata, koike, reporoa, manawatu, moreau, uio, enumerate, mauro, kapa, tamura, otu, puri, ota, ani, tanaka"
1068,transmission_dynamics_of_shiga_toxin_producing_escherichia_coli_in_new_zealand_cattle_from_farm_to_slaughter_2021.pdf,SNS,Biology,2021,C:/Users/vwan118/Documents/MaoriStudy/CoS-Merged\SNS\Biology\2021\transmission_dynamics_of_shiga_toxin_producing_escherichia_coli_in_new_zealand_cattle_from_farm_to_slaughter_2021.pdf,"nono, kuiti, keane, noti, kaneene, eae, waikato, noti, puri, pone, nou"
1069,uncovering_the_genetic_diversity_of_giardia_isolates_from_outbreaks_in_new_zealand_2021.pdf,SNS,Biology,2021,C:/Users/vwan118/Documents/MaoriStudy/CoS-Merged\SNS\Biology\2021\uncovering_the_genetic_diversity_of_giardia_isolates_from_outbreaks_in_new_zealand_2021.pdf,"aiii, noti, puri, aii, aparangi, pone, pita"
1070,whole_genome_sequencing_and_ad_hoc_shared_genome_analysis_of_staphylococcus_aureus_isolates_from_a_new_zealand_primary_school_2021.pdf,SNS,Biology,2021,C:/Users/vwan118/Documents/MaoriStudy/CoS-Merged\SNS\Biology\2021\whole_genome_sequencing_and_ad_hoc_shared_genome_analysis_of_staphylococcus_aureus_isolates_from_a_new_zealand_primary_school_2021.pdf,pone
1071,widespread_denisovan_ancestry_in_island_southeast_asia_but_no_evidence_of_substantial_super_archaic_hominin_admixture_2021.pdf,SNS,Biology,2021,C:/Users/vwan118/Documents/MaoriStudy/CoS-Merged\SNS\Biology\2021\widespread_denisovan_ancestry_in_island_southeast_asia_but_no_evidence_of_substantial_super_archaic_hominin_admixture_2021.pdf,"nea, puta, ue, natu, ure, herawati, nome, hetero, tuke, homini, ario"
1072,admixture_has_obscured_signals_of_historical_hard_sweeps_in_humans_2022.pdf,SNS,Biology,2022,C:/Users/vwan118/Documents/MaoriStudy/CoS-Merged\SNS\Biology\2022\admixture_has_obscured_signals_of_historical_hard_sweeps_in_humans_2022.pdf,"pute, popu, reiterate, ture, arauna, wiehe, humana, ea, ongo, ane"
1073,an_insight_into_tropical_milk_microbiome_bacterial_community_composition_of_cattle_milk_produced_in_sri_lanka_2022.pdf,SNS,Biology,2022,C:/Users/vwan118/Documents/MaoriStudy/CoS-Merged\SNS\Biology\2022\an_insight_into_tropical_milk_microbiome_bacterial_community_composition_of_cattle_milk_produced_in_sri_lanka_2022.pdf,"iti, meteo, moroni, hiiti, upeka, kao, nuwara, kuma, ao, upeka, kumaratunga, hana, omeome, otu, puri, oikonomou, huo, tewari"
1074,a_large_chromosomal_inversion_affects_antimicrobial_sensitivity_of_escherichia_coli_to_sodium_deoxycholate_2022.pdf,SNS,Biology,2022,C:/Users/vwan118/Documents/MaoriStudy/CoS-Merged\SNS\Biology\2022\a_large_chromosomal_inversion_affects_antimicrobial_sensitivity_of_escherichia_coli_to_sodium_deoxycholate_2022.pdf,"okumura, nanopore, iwamoto, takai, manawatu, keio, mau, iki, nanopore, ara, tomita, pere, morooka, kono, arakawa"
1075,a_single_fungal_strain_was_the_unexpected_cause_of_a_mass_aspergillosis_outbreak_in_the_worlds_largest_and_only_flightless_parrot_2022.pdf,SNS,Biology,2022,C:/Users/vwan118/Documents/MaoriStudy/CoS-Merged\SNS\Biology\2022\a_single_fungal_strain_was_the_unexpected_cause_of_a_mass_aspergillosis_outbreak_in_the_worlds_largest_and_only_flightless_parrot_2022.pdf,"whenua, niwa, whenu, nanopore, ea, kiwi, manaaki, kokako, murine, hihi, aotearoa, kakapo, hou, puri, atawhai, ata, rimu"
1076,chromosome_level_assembly_of_the_phytophthora_agathidicida_genome_reveals_adaptation_in_effector_gene_families_2022.pdf,SNS,Biology,2022,C:/Users/vwan118/Documents/MaoriStudy/CoS-Merged\SNS\Biology\2022\chromosome_level_assembly_of_the_phytophthora_agathidicida_genome_reveals_adaptation_in_effector_gene_families_2022.pdf,"kauri, ua, taketake, iwi, keri, nari, maori, mei, waipara, herewini, waipoua, ohe, porirua, rotorua, amaro, ngāti, whenua, mana, aotearoa, rehua, kauri, kuo, māori, roroa, humana, patuawa, pone, huitema, koike, aotea, rākau, taoho, auwera, ngātiwai, hane"
1077,chronology_of_natural_selection_in_oceanian_genomes_2022.pdf,SNS,Biology,2022,C:/Users/vwan118/Documents/MaoriStudy/CoS-Merged\SNS\Biology\2022\chronology_of_natural_selection_in_oceanian_genomes_2022.pdf,"howie, horikawa, aao, ea, romero, rana, hui, ree, mora, eaao, arauna, tapanari, muke, iwata, pone, ute, koki, takenaka, ture, pepe, auwera"
1078,cross_kingdom_transcriptomic_trends_in_the_evolution_of_hybrid_gene_expression_2022.pdf,SNS,Biology,2022,C:/Users/vwan118/Documents/MaoriStudy/CoS-Merged\SNS\Biology\2022\cross_kingdom_transcriptomic_trends_in_the_evolution_of_hybrid_gene_expression_2022.pdf,"ote, niu, takamure, hao, kuo, paa, ota, rapa, homeo, moreno, kawaura, ueno"
1079,deep_ancestry_of_collapsing_networks_of_nomadic_hunter_gatherers_in_borneo_2022.pdf,SNS,Biology,2022,C:/Users/vwan118/Documents/MaoriStudy/CoS-Merged\SNS\Biology\2022\deep_ancestry_of_collapsing_networks_of_nomadic_hunter_gatherers_in_borneo_2022.pdf,"oroo, oroo, toa, umi, matatini, hawai, herawati, mita, korowai, etuu, oota, ūnaha, utami, taro"
1080,denisovan_introgression_has_shaped_the_immune_system_of_present_day_papuans_2022.pdf,SNS,Biology,2022,C:/Users/vwan118/Documents/MaoriStudy/CoS-Merged\SNS\Biology\2022\denisovan_introgression_has_shaped_the_immune_system_of_present_day_papuans_2022.pdf,"ono, uo, owo, uoo, oni, uo, nowo, omo"
1081,epichloë_scottii_sp_nov_a_new_endophyte_isolated_from_melica_uniflora_is_the_missing_ancestor_of_epichloë_disjuncta_2022.pdf,SNS,Biology,2022,C:/Users/vwan118/Documents/MaoriStudy/CoS-Merged\SNS\Biology\2022\epichloë_scottii_sp_nov_a_new_endophyte_isolated_from_melica_uniflora_is_the_missing_ancestor_of_epichloë_disjuncta_2022.pdf,"poa, nia, nanopore, poae, hume, ini, kimura, riae, nanopore, kuraku, meio, europaea, nii, materi, peramine, omere, peramine, ima, taa, akaike, pera, pone, tanaka, aotearoae, mata, tii, nea"
1082,episodes_of_diversification_and_isolation_in_island_southeast_asian_and_near_oceanian_male_lineages_2022.pdf,SNS,Biology,2022,C:/Users/vwan118/Documents/MaoriStudy/CoS-Merged\SNS\Biology\2022\episodes_of_diversification_and_isolation_in_island_southeast_asian_and_near_oceanian_male_lineages_2022.pdf,"opo, mungo, koki, ao, monika, herawati, monika, hui, auwera, kaipu, muke, ea, moiapu"
1083,extensive_epigenetic_modification_with_large_scale_chromosomal_and_plasmid_recombination_characterise_the_legionella_longbeachae_serogroup_1_genome_2022.pdf,SNS,Biology,2022,C:/Users/vwan118/Documents/MaoriStudy/CoS-Merged\SNS\Biology\2022\extensive_epigenetic_modification_with_large_scale_chromosomal_and_plasmid_recombination_characterise_the_legionella_longbeachae_serogroup_1_genome_2022.pdf,"pangenome, manawatu, tute, porirua, waikato, rotorua, ea"
1084,genetic_architecture_of_gene_regulation_in_indonesian_populations_identifies_qtls_associated_with_global_and_local_ancestries_2022.pdf,SNS,Biology,2022,C:/Users/vwan118/Documents/MaoriStudy/CoS-Merged\SNS\Biology\2022\genetic_architecture_of_gene_regulation_in_indonesian_populations_identifies_qtls_associated_with_global_and_local_ancestries_2022.pdf,"piipari, tuke, hirota, mau, hie, romero, herawati, hui, kuku, hingorani, kamatani, kinipi, kuo, ito, korowai, kei, auwera, heini, makino"
1085,genetic_characterization_of_hypervirulent_klebsiella_pneumoniae_responsible_for_acute_death_in_captive_marmosets_2022.pdf,SNS,Biology,2022,C:/Users/vwan118/Documents/MaoriStudy/CoS-Merged\SNS\Biology\2022\genetic_characterization_of_hypervirulent_klebsiella_pneumoniae_responsible_for_acute_death_in_captive_marmosets_2022.pdf,"pangenome, riae, hookeri"
1086,genomic_discrimination_in_new_zealand_health_and_life_insurance_agenda_2022.pdf,SNS,Biology,2022,C:/Users/vwan118/Documents/MaoriStudy/CoS-Merged\SNS\Biology\2022\genomic_discrimination_in_new_zealand_health_and_life_insurance_agenda_2022.pdf,"ara, aotearoa, kenepuru, aika, tika, waitemata, neuro, hapori, porirua, māori, hauora, tiriti, aoteoroa, waitangi"
1087,identification_of_a_novel_polyomavirus_from_a_marsupial_host_2022.pdf,SNS,Biology,2022,C:/Users/vwan118/Documents/MaoriStudy/CoS-Merged\SNS\Biology\2022\identification_of_a_novel_polyomavirus_from_a_marsupial_host_2022.pdf,"keio, wuki, ori, muhire, tamura, ikura"
1088,influence_of_management_practice_on_the_microbiota_of_a_critically_endangered_species_2022.pdf,SNS,Biology,2022,C:/Users/vwan118/Documents/MaoriStudy/CoS-Merged\SNS\Biology\2022\influence_of_management_practice_on_the_microbiota_of_a_critically_endangered_species_2022.pdf,"whenua, iae, waite, rātā, taumata, kiwi, waipapa, manaaki, pukenui, ani, moreo, takahē, kākāpō, aotearoa, kakapo, ngaio, rau, hou, manu, kapa, taa, hetero, pone, atawhai, amato, ponia, rimu, kākāpō"
1089,lost_in_the_forest_2022.pdf,SNS,Biology,2022,C:/Users/vwan118/Documents/MaoriStudy/CoS-Merged\SNS\Biology\2022\lost_in_the_forest_2022.pdf,"howie, rotariu, kuma, romano, ere, pirikahu"
1090,mass_spectrometry_based_lipidomics_of_brown_adipose_tissue_and_plasma_of_new_born_lambs_subjected_to_short_term_cold_exposure_2022.pdf,SNS,Biology,2022,C:/Users/vwan118/Documents/MaoriStudy/CoS-Merged\SNS\Biology\2022\mass_spectrometry_based_lipidomics_of_brown_adipose_tissue_and_plasma_of_new_born_lambs_subjected_to_short_term_cold_exposure_2022.pdf,"miao, kawai, nirengi, arita, rumore, ure, tota, ewe, hoene, ika, aita, ani, murine, ature, reporoa, kime, tomita, tanaka, kuroiwa, hatano, apu, hepe, peroni"
1091,microbial_diversity_and_ecology_of_geothermal_springs_in_the_high_grade_metamorphic_terrain_of_sri_lanka_2022.pdf,SNS,Biology,2022,C:/Users/vwan118/Documents/MaoriStudy/CoS-Merged\SNS\Biology\2022\microbial_diversity_and_ecology_of_geothermal_springs_in_the_high_grade_metamorphic_terrain_of_sri_lanka_2022.pdf,"anami, hamamura, otu, ruwini, amarae, merino, maha, popu, kuma, romano, rotorua, teria, peketi, rohana, takai, hou, haemato, pone, tanaka, paturi, mehari, maki, otaki, wewa, wahawa, haruta"
1092,positive_selection_in_the_genomes_of_two_papua_new_guinean_populations_at_distinct_altitude_levels_2022.pdf,SNS,Biology,2022,C:/Users/vwan118/Documents/MaoriStudy/CoS-Merged\SNS\Biology\2022\positive_selection_in_the_genomes_of_two_papua_new_guinean_populations_at_distinct_altitude_levels_2022.pdf,"humaine, inoue, apua, inone, taniwaki, whi, natu, auwera, muke, riia, papu"
1093,prevalence_and_distribution_of_extended_spectrum_β_lactamase_and_ampc_producing_escherichia_coli_in_two_new_zealand_dairy_farm_environments_2022.pdf,SNS,Biology,2022,C:/Users/vwan118/Documents/MaoriStudy/CoS-Merged\SNS\Biology\2022\prevalence_and_distribution_of_extended_spectrum_β_lactamase_and_ampc_producing_escherichia_coli_in_two_new_zealand_dairy_farm_environments_2022.pdf,"tiwari, amu, moreira, amoore, romero, okatani, kapa, puri, nanopore, puri, meini, hui, eri, ea, pone, iuta, pomerania"
1094,reconstruction_of_gene_innovation_associated_with_major_evolutionary_transitions_in_the_kingdom_fungi_2022.pdf,SNS,Biology,2022,C:/Users/vwan118/Documents/MaoriStudy/CoS-Merged\SNS\Biology\2022\reconstruction_of_gene_innovation_associated_with_major_evolutionary_transitions_in_the_kingdom_fungi_2022.pdf,"nameko, ume, aotearoa, hao, terai, mito, kuo, orotate, tomii, nakamura, mei, homeo, ura, kono, ria, teome, wiehe, aimi"
1095,rnaseq_analysis_of_brown_adipose_tissue_and_thyroid_of_newborn_lambs_subjected_to_short_term_cold_exposure_reveals_signs_of_early_whitening_of_adipose_tissue_2022.pdf,SNS,Biology,2022,C:/Users/vwan118/Documents/MaoriStudy/CoS-Merged\SNS\Biology\2022\rnaseq_analysis_of_brown_adipose_tissue_and_thyroid_of_newborn_lambs_subjected_to_short_term_cold_exposure_reveals_signs_of_early_whitening_of_adipose_tissue_2022.pdf,"apu, murano, reporoa, reue, hou, pani, wani, rana, huwe, puri, murine, uterine, ewe, ara"
1096,species_wide_genomics_of_kākāpō_provides_transformational_tools_to_accelerate_recovery_2022.pdf,SNS,Biology,2022,C:/Users/vwan118/Documents/MaoriStudy/CoS-Merged\SNS\Biology\2022\species_wide_genomics_of_kākāpō_provides_transformational_tools_to_accelerate_recovery_2022.pdf,"whenua, hauturuotoi, rimu, ngāi, rakiura, waipounamu, kuke, kakapo, tāne, manawatū, pukenui, kākāpō, hihi, aotearoa, kakapo, ata, hou, kakahu, taonga, repo, morehu, kākahuotamatea, tahu, tītī, auwera, rapa, rimu, kākāpō"
1097,telomere_to_telomere_genome_sequences_across_a_single_genus_reveal_highly_variable_chromosome_rearrangement_rates_but_absolute_stasis_of_chromosome_number_2022.pdf,SNS,Biology,2022,C:/Users/vwan118/Documents/MaoriStudy/CoS-Merged\SNS\Biology\2022\telomere_to_telomere_genome_sequences_across_a_single_genus_reveal_highly_variable_chromosome_rearrangement_rates_but_absolute_stasis_of_chromosome_number_2022.pdf,"poa, aotearoa, nanopore, poae, takemoto, piao, ima, kema, nanopore, hane, kiwi, mau"
1098,the_prevalence_of_salmonella_spp_in_working_farm_dogs_and_their_home_kill_raw_meat_diets_in_manawatū_new_zealand_2022.pdf,SNS,Biology,2022,C:/Users/vwan118/Documents/MaoriStudy/CoS-Merged\SNS\Biology\2022\the_prevalence_of_salmonella_spp_in_working_farm_dogs_and_their_home_kill_raw_meat_diets_in_manawatū_new_zealand_2022.pdf,"manawatū, popa, aotearoa, aramini"
1099,the_secreted_proteome_of_necrotrophic_ciborinia_camelliae_causes_nonhost_specific_virulence_2022.pdf,SNS,Biology,2022,C:/Users/vwan118/Documents/MaoriStudy/CoS-Merged\SNS\Biology\2022\the_secreted_proteome_of_necrotrophic_ciborinia_camelliae_causes_nonhost_specific_virulence_2022.pdf,"urea, tato, wairere, nome"
1100,uncovering_the_genetic_diversity_of_giardia_intestinalis_in_isolates_from_outbreaks_in_new_zealand_2022.pdf,SNS,Biology,2022,C:/Users/vwan118/Documents/MaoriStudy/CoS-Merged\SNS\Biology\2022\uncovering_the_genetic_diversity_of_giardia_intestinalis_in_isolates_from_outbreaks_in_new_zealand_2022.pdf,"tamate, mito, aiii, ea, ure, porirua, ture, epi, aii, aparangi, pita"
1101,whole_genome_sequencing_and_virulome_analysis_of_escherichia_coli_isolated_from_new_zealand_environments_of_contrasting_observed_land_use_2022.pdf,SNS,Biology,2022,C:/Users/vwan118/Documents/MaoriStudy/CoS-Merged\SNS\Biology\2022\whole_genome_sequencing_and_virulome_analysis_of_escherichia_coli_isolated_from_new_zealand_environments_of_contrasting_observed_land_use_2022.pdf,"reae, akirikiri, iha, tauwhare, ūkeko, auru, toenepi, waikato, iai, ea, iha, hamua, tamura, puri, tararua, tanaka, niwa, ūkaha, iota, pūkaha, eae, hamua, eketahuna, eaewere, akahi"
1102,atomic_force_microscope_cantilever_calibration_using_a_focused_ion_beam_2012.pdf,SNS,Chemistry,2012,C:/Users/vwan118/Documents/MaoriStudy/CoS-Merged\SNS\Chemistry\2012\atomic_force_microscope_cantilever_calibration_using_a_focused_ion_beam_2012.pdf,"torii, okuma, kehua, naoki, hane"
1103,calibration_of_atomic_force_microscope_cantilevers_using_standard_and_inverted_static_methods_assisted_by_fib_milled_spatial_markers_2012.pdf,SNS,Chemistry,2012,C:/Users/vwan118/Documents/MaoriStudy/CoS-Merged\SNS\Chemistry\2012\calibration_of_atomic_force_microscope_cantilevers_using_standard_and_inverted_static_methods_assisted_by_fib_milled_spatial_markers_2012.pdf,"uwe, torii, tomitori, okuma, hane"
1104,comparison_of_carbon_nanotube_modified_electrodes_for_photovoltaic_devices_2012.pdf,SNS,Chemistry,2012,C:/Users/vwan118/Documents/MaoriStudy/CoS-Merged\SNS\Chemistry\2012\comparison_of_carbon_nanotube_modified_electrodes_for_photovoltaic_devices_2012.pdf,"hata, uorine, matano, namai, puri, amama, kanai, ea"
1105,dispersant_effects_in_the_selective_reaction_of_aryl_diazonium_salts_with_single_walled_carbon_nanotubes_in_aqueous_solution_2012.pdf,SNS,Chemistry,2012,C:/Users/vwan118/Documents/MaoriStudy/CoS-Merged\SNS\Chemistry\2012\dispersant_effects_in_the_selective_reaction_of_aryl_diazonium_salts_with_single_walled_carbon_nanotubes_in_aqueous_solution_2012.pdf,
1106,evaluation_of_relative_comparator_and_k0_naa_for_characterization_of_aboriginal_australian_ochre_2012.pdf,SNS,Chemistry,2012,C:/Users/vwan118/Documents/MaoriStudy/CoS-Merged\SNS\Chemistry\2012\evaluation_of_relative_comparator_and_k0_naa_for_characterization_of_aboriginal_australian_ochre_2012.pdf,"ree, inaa, moana, miai, naa"
1107,raman_characterisation_of_carbon_nanotubes_grown_by_plasma_enhanced_chemical_vapour_deposition_2012.pdf,SNS,Chemistry,2012,C:/Users/vwan118/Documents/MaoriStudy/CoS-Merged\SNS\Chemistry\2012\raman_characterisation_of_carbon_nanotubes_grown_by_plasma_enhanced_chemical_vapour_deposition_2012.pdf,"amama, namai, hata"
1108,accurate_measurement_of_atomic_force_microscope_cantilever_deflection_excluding_tip_surface_contact_with_application_to_force_calibration_2013.pdf,SNS,Chemistry,2013,C:/Users/vwan118/Documents/MaoriStudy/CoS-Merged\SNS\Chemistry\2013\accurate_measurement_of_atomic_force_microscope_cantilever_deflection_excluding_tip_surface_contact_with_application_to_force_calibration_2013.pdf,"ene, torii, tomitori, okuma, hane, ea"
1109,application_of_ion_beam_processes_to_scanning_probe_microscopy_2013.pdf,SNS,Chemistry,2013,C:/Users/vwan118/Documents/MaoriStudy/CoS-Merged\SNS\Chemistry\2013\application_of_ion_beam_processes_to_scanning_probe_microscopy_2013.pdf,
1110,cloud_computing_2013.pdf,SNS,Chemistry,2013,C:/Users/vwan118/Documents/MaoriStudy/CoS-Merged\SNS\Chemistry\2013\cloud_computing_2013.pdf,"uture, ona"
1111,communication_2013.pdf,SNS,Chemistry,2013,C:/Users/vwan118/Documents/MaoriStudy/CoS-Merged\SNS\Chemistry\2013\communication_2013.pdf,"huo, muri, aro"
1112,determination_of_the_f_parameter_for_k0_neutron_activation_analysis_at_the_australian_20_mw_opal_research_reactor_2013.pdf,SNS,Chemistry,2013,C:/Users/vwan118/Documents/MaoriStudy/CoS-Merged\SNS\Chemistry\2013\determination_of_the_f_parameter_for_k0_neutron_activation_analysis_at_the_australian_20_mw_opal_research_reactor_2013.pdf,"ene, tio, paunoiu, ea, akaho, naa, miai, inaa"
1113,efficient_attachment_of_carbon_nanotubes_to_conventional_and_high_frequency_afm_probes_enhanced_by_electron_beam_processes_2013.pdf,SNS,Chemistry,2013,C:/Users/vwan118/Documents/MaoriStudy/CoS-Merged\SNS\Chemistry\2013\efficient_attachment_of_carbon_nanotubes_to_conventional_and_high_frequency_afm_probes_enhanced_by_electron_beam_processes_2013.pdf,"akita, okawa, puri, kamo, takei"
1114,highly_conductive_interwoven_carbon_nanotube_and_silver_nanowire_transparent_electrodes_2013.pdf,SNS,Chemistry,2013,C:/Users/vwan118/Documents/MaoriStudy/CoS-Merged\SNS\Chemistry\2013\highly_conductive_interwoven_carbon_nanotube_and_silver_nanowire_transparent_electrodes_2013.pdf,"pore, nanowire, niu, akita, karakawa, ipa, tokuno, nge, mane, ito"
1115,identification_of_non_classical_ch_center_dot_center_dot_center_dot_m_interactions_in_early_and_late_transition_metal_complexes_containing_the_ch_ligand_2013.pdf,SNS,Chemistry,2013,C:/Users/vwan118/Documents/MaoriStudy/CoS-Merged\SNS\Chemistry\2013\identification_of_non_classical_ch_center_dot_center_dot_center_dot_m_interactions_in_early_and_late_transition_metal_complexes_containing_the_ch_ligand_2013.pdf,"ehara, kitaura, komaromi, nakai, kitao, morokuma, aro"
1116,identification_of_non_classical_c_h_m_interactions_in_early_and_late_transition_metal_complexes_containing_the_ch_3_ligand_2013.pdf,SNS,Chemistry,2013,C:/Users/vwan118/Documents/MaoriStudy/CoS-Merged\SNS\Chemistry\2013\identification_of_non_classical_c_h_m_interactions_in_early_and_late_transition_metal_complexes_containing_the_ch_3_ligand_2013.pdf,"ehara, kitaura, komaromi, nakai, kitao, morokuma, aro"
1117,ligand_assembly_and_chirality_transfer_guided_by_dna_modified_with_enantiomerically_pure_paracyclophanes_2013.pdf,SNS,Chemistry,2013,C:/Users/vwan118/Documents/MaoriStudy/CoS-Merged\SNS\Chemistry\2013\ligand_assembly_and_chirality_transfer_guided_by_dna_modified_with_enantiomerically_pure_paracyclophanes_2013.pdf,"ihara, teo, kitamura"
1118,molecular_engineering_of_guanine_rich_sequences_2013.pdf,SNS,Chemistry,2013,C:/Users/vwan118/Documents/MaoriStudy/CoS-Merged\SNS\Chemistry\2013\molecular_engineering_of_guanine_rich_sequences_2013.pdf,"kawahata, nai, pome, aminopurine, momota, umea, kimura, taira, kawai, kato, mangoni, takano, otina, maiti, ina, ea, houte, hari, kanatani, homopurine, niu, morihiro, nakamura, takahi, oka, koumoto, initio, aimi, menge, purine, tito, omeu, totowa, okamoto, morio, puri, urata, ito, tomita, karimata, otake, mikuma, amato, uorene, takenaka, pepe, oota, heme, kaneko, kuwahara, perone"
1119,seagrass_restoration_using_hessian_2013.pdf,SNS,Chemistry,2013,C:/Users/vwan118/Documents/MaoriStudy/CoS-Merged\SNS\Chemistry\2013\seagrass_restoration_using_hessian_2013.pdf,
1120,single_walled_carbon_nanotube_polyaniline_n_silicon_solar_cells_2013.pdf,SNS,Chemistry,2013,C:/Users/vwan118/Documents/MaoriStudy/CoS-Merged\SNS\Chemistry\2013\single_walled_carbon_nanotube_polyaniline_n_silicon_solar_cells_2013.pdf,"imahori, pani, matano, hirao, pepe, ito, ruini"
1121,the_role_of_sodium_dodecyl_sulfate_concentration_in_the_separation_of_carbon_nanotubes_using_gel_chromatography_2013.pdf,SNS,Chemistry,2013,C:/Users/vwan118/Documents/MaoriStudy/CoS-Merged\SNS\Chemistry\2013\the_role_of_sodium_dodecyl_sulfate_concentration_in_the_separation_of_carbon_nanotubes_using_gel_chromatography_2013.pdf,"akita, inori, kawai, kataura, arie, puri, hirano, kono, tanaka, maniwa"
1122,assembly_dependent_fluorescence_enhancing_nucleic_acids_in_sequence_specific_detection_of_double_stranded_dna_2014.pdf,SNS,Chemistry,2014,C:/Users/vwan118/Documents/MaoriStudy/CoS-Merged\SNS\Chemistry\2014\assembly_dependent_fluorescence_enhancing_nucleic_acids_in_sequence_specific_detection_of_double_stranded_dna_2014.pdf,mau
1123,determining_the_origins_of_particulates_on_arkaroo_rock_art_2014.pdf,SNS,Chemistry,2014,C:/Users/vwan118/Documents/MaoriStudy/CoS-Merged\SNS\Chemistry\2014\determining_the_origins_of_particulates_on_arkaroo_rock_art_2014.pdf,"hematite, haematite, meteora"
1124,dna_duplex_as_a_scaffold_for_a_ground_state_complex_formation_between_a_zinc_cationic_porphyrin_and_phenylethynylpyren_1_yl_2014.pdf,SNS,Chemistry,2014,C:/Users/vwan118/Documents/MaoriStudy/CoS-Merged\SNS\Chemistry\2014\dna_duplex_as_a_scaffold_for_a_ground_state_complex_formation_between_a_zinc_cationic_porphyrin_and_phenylethynylpyren_1_yl_2014.pdf,"teo, tuma, nakano, nakamura, wingate, iwai"
1125,examining_the_role_of_ultra_thin_atomic_layer_deposited_metal_oxide_2014.pdf,SNS,Chemistry,2014,C:/Users/vwan118/Documents/MaoriStudy/CoS-Merged\SNS\Chemistry\2014\examining_the_role_of_ultra_thin_atomic_layer_deposited_metal_oxide_2014.pdf,"tiwari, titania, tio, ito"
1126,helicases_g4_dnas_and_drug_design_2014.pdf,SNS,Chemistry,2014,C:/Users/vwan118/Documents/MaoriStudy/CoS-Merged\SNS\Chemistry\2014\helicases_g4_dnas_and_drug_design_2014.pdf,"riou, amato, tera, tito, imino, pinato, mingo"
1127,spring_constant_calibration_techniques_for_next_generation_fast_scanning_atomic_force_microscope_cantilevers_2014.pdf,SNS,Chemistry,2014,C:/Users/vwan118/Documents/MaoriStudy/CoS-Merged\SNS\Chemistry\2014\spring_constant_calibration_techniques_for_next_generation_fast_scanning_atomic_force_microscope_cantilevers_2014.pdf,"kawai, kikukawa, kooi"
1128,dna_based_assemblies_for_photochemical_upconversion_2015.pdf,SNS,Chemistry,2015,C:/Users/vwan118/Documents/MaoriStudy/CoS-Merged\SNS\Chemistry\2015\dna_based_assemblies_for_photochemical_upconversion_2015.pdf,"rure, teo, purine, koike, peko, inoue, okahata, tanaka, atina"
1129,dna_visualization_in_single_molecule_studies_carried_out_with_optical_tweezers_2015.pdf,SNS,Chemistry,2015,C:/Users/vwan118/Documents/MaoriStudy/CoS-Merged\SNS\Chemistry\2015\dna_visualization_in_single_molecule_studies_carried_out_with_optical_tweezers_2015.pdf,"amitani, wuite, amine, tuma, keena, epi, puri, teaa"
1130,interdependence_of_pyrene_interactions_and_tetramolecular_g4_dna_assembly_2015.pdf,SNS,Chemistry,2015,C:/Users/vwan118/Documents/MaoriStudy/CoS-Merged\SNS\Chemistry\2015\interdependence_of_pyrene_interactions_and_tetramolecular_g4_dna_assembly_2015.pdf,"teo, amato, momota, tito, kimura, perone, imino, maiti, nonguanine, pepe, tinatina, kaneko, mau"
1131,pathway_to_high_throughput_low_cost_indium_free_transparent_electrodes_2015.pdf,SNS,Chemistry,2015,C:/Users/vwan118/Documents/MaoriStudy/CoS-Merged\SNS\Chemistry\2015\pathway_to_high_throughput_low_cost_indium_free_transparent_electrodes_2015.pdf,"pore, nanowire, niu, ipa, tuna, amore, puri, murata, ina, ito"
1132,planar_silver_nanowire_carbon_nanotube_and_pedot_2015.pdf,SNS,Chemistry,2015,C:/Users/vwan118/Documents/MaoriStudy/CoS-Merged\SNS\Chemistry\2015\planar_silver_nanowire_carbon_nanotube_and_pedot_2015.pdf,"pore, nanowire, niu, akita, hau, karakawa, ipa, tokuno, tuna, nge, murata, ea, ito"
1133,synthesis_of_twisted_intercalating_nucleic_acids_possesing_acridine_derivatives_2015.pdf,SNS,Chemistry,2015,C:/Users/vwan118/Documents/MaoriStudy/CoS-Merged\SNS\Chemistry\2015\synthesis_of_twisted_intercalating_nucleic_acids_possesing_acridine_derivatives_2015.pdf,"amine, amato"
1134,application_of_cu_catalyzed_azide_alkyne_cycloaddition_for_the_design_and_synthesis_of_sequence_specific_probes_targeting_double_stranded_dna_2016.pdf,SNS,Chemistry,2016,C:/Users/vwan118/Documents/MaoriStudy/CoS-Merged\SNS\Chemistry\2016\application_of_cu_catalyzed_azide_alkyne_cycloaddition_for_the_design_and_synthesis_of_sequence_specific_probes_targeting_double_stranded_dna_2016.pdf,"amine, anie, humana, totowa, ueki, murine, kawamoto"
1135,dna_g_quadruplexes_show_strong_interaction_with_dna_methyltransferases_in_vitro_2016.pdf,SNS,Chemistry,2016,C:/Users/vwan118/Documents/MaoriStudy/CoS-Merged\SNS\Chemistry\2016\dna_g_quadruplexes_show_strong_interaction_with_dna_methyltransferases_in_vitro_2016.pdf,"kumaki, hata, hore, kohara, pii, arange, humangenome, kuo, hou, otani, kato, arita, inamoto, imai, puri, puri, humana, okano"
1136,g_quadruplex_supramolecular_assemblies_in_photochemical_upconversion_2016.pdf,SNS,Chemistry,2016,C:/Users/vwan118/Documents/MaoriStudy/CoS-Merged\SNS\Chemistry\2016\g_quadruplex_supramolecular_assemblies_in_photochemical_upconversion_2016.pdf,"hine, toa, moietie, tinamonome, hite, tinatina, teo, ine, moieti, topo, rino, eratu, nanai, rature, totina, ange, amato, parame, inguanine"
1137,multiple_weak_c_h_intramolecular_hydrogen_bonding_as_an_aid_to_minimizing_bond_rotation_flexibility_2016.pdf,SNS,Chemistry,2016,C:/Users/vwan118/Documents/MaoriStudy/CoS-Merged\SNS\Chemistry\2016\multiple_weak_c_h_intramolecular_hydrogen_bonding_as_an_aid_to_minimizing_bond_rotation_flexibility_2016.pdf,"ehara, aimaii, nakai, kitao, pakiari, maketo, morokuma, initio"
1138,nanoscale_heterogeniety_and_workfunction_variations_in_zno_thin_films_2016.pdf,SNS,Chemistry,2016,C:/Users/vwan118/Documents/MaoriStudy/CoS-Merged\SNS\Chemistry\2016\nanoscale_heterogeniety_and_workfunction_variations_in_zno_thin_films_2016.pdf,"ene, kitamura, teke, nomura, akihiro, ute, hau, kao, tae, kuo, ingo, hao, hirano, ito, ito"
1139,plasma_enhanced_vortex_fluidic_device_manipulation_of_graphene_oxide_2016.pdf,SNS,Chemistry,2016,C:/Users/vwan118/Documents/MaoriStudy/CoS-Merged\SNS\Chemistry\2016\plasma_enhanced_vortex_fluidic_device_manipulation_of_graphene_oxide_2016.pdf,"terui, hori, takamura, herea, ruo, kumari, kohara, ueno"
1140,steric_and_electronic_manipulation_of_the_anagostic_interaction_in_1_tetralone_oxime_and_imine_complexes_of_rhodium_2016.pdf,SNS,Chemistry,2016,C:/Users/vwan118/Documents/MaoriStudy/CoS-Merged\SNS\Chemistry\2016\steric_and_electronic_manipulation_of_the_anagostic_interaction_in_1_tetralone_oxime_and_imine_complexes_of_rhodium_2016.pdf,"itami, morokuma, ehara, aii, imine, nakai, ome, waikato, imine, kumari, kitao, omae, towa, parato"
1141,surface_and_near_surface_area_density_of_states_for_magnetron_sputtered_zno_and_al_zno_2016.pdf,SNS,Chemistry,2016,C:/Users/vwan118/Documents/MaoriStudy/CoS-Merged\SNS\Chemistry\2016\surface_and_near_surface_area_density_of_states_for_magnetron_sputtered_zno_and_al_zno_2016.pdf,
1142,surface_modification_of_an_organic_hessian_substrate_leads_to_shifts_in_bacterial_biofilm_community_composition_and_abundance_2016.pdf,SNS,Chemistry,2016,C:/Users/vwan118/Documents/MaoriStudy/CoS-Merged\SNS\Chemistry\2016\surface_modification_of_an_organic_hessian_substrate_leads_to_shifts_in_bacterial_biofilm_community_composition_and_abundance_2016.pdf,"hoare, romani, enumerate, otu"
1143,adsorption_and_desorption_of_single_stranded_dna_from_single_walled_carbon_nanotubes_2017.pdf,SNS,Chemistry,2017,C:/Users/vwan118/Documents/MaoriStudy/CoS-Merged\SNS\Chemistry\2017\adsorption_and_desorption_of_single_stranded_dna_from_single_walled_carbon_nanotubes_2017.pdf,"wuite, heati, purine, taki, kataura, pitate, ao, murata, repo, tanaka"
1144,chasing_the_agostic_interaction_in_ligand_assisted_cyclometallation_reactions_of_palladium_2017.pdf,SNS,Chemistry,2017,C:/Users/vwan118/Documents/MaoriStudy/CoS-Merged\SNS\Chemistry\2017\chasing_the_agostic_interaction_in_ligand_assisted_cyclometallation_reactions_of_palladium_2017.pdf,"arene, ketone, kitao, ome, mei, morokuma, poi, ehara, meo, imine, nakai, ome, pakiari, huo, itami, ature, rota, eature, rature, awa, amou, keepi, hoho, ture, omae"
1145,efficient_and_fast_synthesis_of_few_layer_black_phosphorus_via_microwave_assisted_liquid_phase_exfoliation_2017.pdf,SNS,Chemistry,2017,C:/Users/vwan118/Documents/MaoriStudy/CoS-Merged\SNS\Chemistry\2017\efficient_and_fast_synthesis_of_few_layer_black_phosphorus_via_microwave_assisted_liquid_phase_exfoliation_2017.pdf,"niu, miao, hauke, ue, hou, pumera, horene, neto"
1146,electronic_and_steric_manipulation_of_the_preagostic_interaction_in_isoquinoline_complexes_of_rh_2017.pdf,SNS,Chemistry,2017,C:/Users/vwan118/Documents/MaoriStudy/CoS-Merged\SNS\Chemistry\2017\electronic_and_steric_manipulation_of_the_preagostic_interaction_in_isoquinoline_complexes_of_rh_2017.pdf,"itami, ehara, imine, nakai, minima, pakiari, kitao, omae, morokuma, aare, mei"
1147,interplay_of_steric_and_electronic_effects_on_the_bonding_components_in_aromatic_ring_agostic_interactions_2017.pdf,SNS,Chemistry,2017,C:/Users/vwan118/Documents/MaoriStudy/CoS-Merged\SNS\Chemistry\2017\interplay_of_steric_and_electronic_effects_on_the_bonding_components_in_aromatic_ring_agostic_interactions_2017.pdf,"ehara, imine, nakai, kitao, mei, morokuma"
1148,laying_waste_to_mercury_2017.pdf,SNS,Chemistry,2017,C:/Users/vwan118/Documents/MaoriStudy/CoS-Merged\SNS\Chemistry\2017\laying_waste_to_mercury_2017.pdf,"natio, rena, arerenewa, ane, pape, repea, imate, nao, ome, hemi, ina, tonote, materia, aporou, orou, inea, tomake, toa, ireme, reme, materi, ona, ene, porou, natura, kuo, mina, ito, rature, wou, erati, oke, amou, ange, heate, ama, erature, mata, pioneere, taneou"
1149,new_complexity_for_aromatic_ring_agostic_interactions_2017.pdf,SNS,Chemistry,2017,C:/Users/vwan118/Documents/MaoriStudy/CoS-Merged\SNS\Chemistry\2017\new_complexity_for_aromatic_ring_agostic_interactions_2017.pdf,"itami, omae, mei"
1150,nmr_based_method_of_small_changes_reveals_how_dna_mutator_apobec3a_interacts_with_its_single_stranded_dna_substrate_2017.pdf,SNS,Chemistry,2017,C:/Users/vwan118/Documents/MaoriStudy/CoS-Merged\SNS\Chemistry\2017\nmr_based_method_of_small_changes_reveals_how_dna_mutator_apobec3a_interacts_with_its_single_stranded_dna_substrate_2017.pdf,"ene, herate, remoteto, pineau, toa, kitamura, humana, kimura, totowa, takaku, imine, ina, kouno, hara, amaro, tanaka"
1151,silencing_of_bcr_abl_chimeric_gene_in_human_chronic_myelogenous_leukemia_cell_line_k562_by_sirna_nuclear_export_signal_peptide_conjugates_2017.pdf,SNS,Chemistry,2017,C:/Users/vwan118/Documents/MaoriStudy/CoS-Merged\SNS\Chemistry\2017\silencing_of_bcr_abl_chimeric_gene_in_human_chronic_myelogenous_leukemia_cell_line_k562_by_sirna_nuclear_export_signal_peptide_conjugates_2017.pdf,"kotake, oopo, koo, naemura, morikawa, ono, ea, teaa, pore, wako, amine, iiia, iwakuma, iwaki, murao, morita, ueki, puri, rumiana, ute, eamino"
1152,solution_based_methods_for_the_fabrication_of_carbon_nanotube_modified_atomic_force_microscopy_probes_2017.pdf,SNS,Chemistry,2017,C:/Users/vwan118/Documents/MaoriStudy/CoS-Merged\SNS\Chemistry\2017\solution_based_methods_for_the_fabrication_of_carbon_nanotube_modified_atomic_force_microscopy_probes_2017.pdf,"akita, aime"
1153,transparent_electrode_materials_and_methods_for_forming_same_2017.pdf,SNS,Chemistry,2017,C:/Users/vwan118/Documents/MaoriStudy/CoS-Merged\SNS\Chemistry\2017\transparent_electrode_materials_and_methods_for_forming_same_2017.pdf,"pore, nanowire, anama, ipa, materi, ito"
1154,dipole_formation_at_the_moo3_conjugated_polymer_interface_2018.pdf,SNS,Chemistry,2018,C:/Users/vwan118/Documents/MaoriStudy/CoS-Merged\SNS\Chemistry\2018\dipole_formation_at_the_moo3_conjugated_polymer_interface_2018.pdf,
1155,electronic_manipulation_of_the_agostic_and_syndetic_components_in_1_tetralone_oxime_and_imine_complexes_of_palladium_2018.pdf,SNS,Chemistry,2018,C:/Users/vwan118/Documents/MaoriStudy/CoS-Merged\SNS\Chemistry\2018\electronic_manipulation_of_the_agostic_and_syndetic_components_in_1_tetralone_oxime_and_imine_complexes_of_palladium_2018.pdf,"itami, ehara, arene, anie, imine, nakai, ome, kitao, omae, morokuma, aome"
1156,improved_application_of_carbon_nanotube_atomic_force_microscopy_probes_using_peakforce_tapping_mode_2018.pdf,SNS,Chemistry,2018,C:/Users/vwan118/Documents/MaoriStudy/CoS-Merged\SNS\Chemistry\2018\improved_application_of_carbon_nanotube_atomic_force_microscopy_probes_using_peakforce_tapping_mode_2018.pdf,"naimo, akita, enga, nomina, nanaimo"
1157,inhibiting_apobec3_activity_with_single_stranded_dna_containing_2_deoxyzebularine_analogues_2018.pdf,SNS,Chemistry,2018,C:/Users/vwan118/Documents/MaoriStudy/CoS-Merged\SNS\Chemistry\2018\inhibiting_apobec3_activity_with_single_stranded_dna_containing_2_deoxyzebularine_analogues_2018.pdf,"ata, aihara, kao, kimura, hou, takaku, katahira, kouno, puri, monio, amaro, puri, kanu, ito, ea, tanaka"
1158,investigation_into_the_behaviour_of_aluminium_and_steel_under_melt_freeze_cyclic_conditions_2018.pdf,SNS,Chemistry,2018,C:/Users/vwan118/Documents/MaoriStudy/CoS-Merged\SNS\Chemistry\2018\investigation_into_the_behaviour_of_aluminium_and_steel_under_melt_freeze_cyclic_conditions_2018.pdf,"mina, weka"
1159,nonresonant_photons_catalyze_photodissociation_of_phenol_2018.pdf,SNS,Chemistry,2018,C:/Users/vwan118/Documents/MaoriStudy/CoS-Merged\SNS\Chemistry\2018\nonresonant_photons_catalyze_photodissociation_of_phenol_2018.pdf,"ehara, nakai, kitao, morokuma, initio, mahima"
1160,on_the_growth_of_evaporated_lif_on_p3ht_and_pcbm_2018.pdf,SNS,Chemistry,2018,C:/Users/vwan118/Documents/MaoriStudy/CoS-Merged\SNS\Chemistry\2018\on_the_growth_of_evaporated_lif_on_p3ht_and_pcbm_2018.pdf,
1161,surface_chemical_characterisation_of_pyrite_exposed_to_acidithiobacillus_ferrooxidans_and_associated_extracellular_polymeric_substances_2018.pdf,SNS,Chemistry,2018,C:/Users/vwan118/Documents/MaoriStudy/CoS-Merged\SNS\Chemistry\2018\surface_chemical_characterisation_of_pyrite_exposed_to_acidithiobacillus_ferrooxidans_and_associated_extracellular_polymeric_substances_2018.pdf,"retiree, epu, kitamura, moreau, hematite, toa, iiii, ono, morarua, araki, makita"
1162,the_oscillatory_adsorption_of_self_assembled_organosilane_films_on_aluminium_oxide_surfaces_2018.pdf,SNS,Chemistry,2018,C:/Users/vwan118/Documents/MaoriStudy/CoS-Merged\SNS\Chemistry\2018\the_oscillatory_adsorption_of_self_assembled_organosilane_films_on_aluminium_oxide_surfaces_2018.pdf,"tio, amine"
1163,characterisation_of_the_material_and_mechanical_properties_of_atomic_force_microscope_cantilevers_with_a_plan_view_trapezoidal_geometry_2019.pdf,SNS,Chemistry,2019,C:/Users/vwan118/Documents/MaoriStudy/CoS-Merged\SNS\Chemistry\2019\characterisation_of_the_material_and_mechanical_properties_of_atomic_force_microscope_cantilevers_with_a_plan_view_trapezoidal_geometry_2019.pdf,"matei, raiteri, akamine"
1164,effects_of_pressure_and_ph_on_the_physical_stability_of_an_i_motif_dna_structure_2019.pdf,SNS,Chemistry,2019,C:/Users/vwan118/Documents/MaoriStudy/CoS-Merged\SNS\Chemistry\2019\effects_of_pressure_and_ph_on_the_physical_stability_of_an_i_motif_dna_structure_2019.pdf,"tamaki, kitamura, reineke, wani, mau, kaino"
1165,evaluation_of_the_agostic_and_syndetic_donations_in_aromatic_ring_agostic_interactions_involved_in_heteroatom_ligand_directed_c_h_bond_activation_2019.pdf,SNS,Chemistry,2019,C:/Users/vwan118/Documents/MaoriStudy/CoS-Merged\SNS\Chemistry\2019\evaluation_of_the_agostic_and_syndetic_donations_in_aromatic_ring_agostic_interactions_involved_in_heteroatom_ligand_directed_c_h_bond_activation_2019.pdf,"ato, ketone, hao, kitao, mei, ea, morokuma, keto, aketo, ehara, nomura, imine, nakai, horino, initio, itami, murai, kamatani, amine, miura, inoue, tanaka, arene, ketone, imine, imi"
1166,impact_of_puberty_and_age_on_adolescent_inhibition_over_time_2019.pdf,SNS,Chemistry,2019,C:/Users/vwan118/Documents/MaoriStudy/CoS-Merged\SNS\Chemistry\2019\impact_of_puberty_and_age_on_adolescent_inhibition_over_time_2019.pdf,
1167,laser_metal_deposition_and_wire_arc_additive_manufacturing_of_materials_2019.pdf,SNS,Chemistry,2019,C:/Users/vwan118/Documents/MaoriStudy/CoS-Merged\SNS\Chemistry\2019\laser_metal_deposition_and_wire_arc_additive_manufacturing_of_materials_2019.pdf,"pore, ima"
1168,neutral_and_negatively_charged_phosphate_modifications_altering_thermal_stability_kinetics_of_formation_and_monovalent_ion_dependence_of_dna_g_quadruplexes_2019.pdf,SNS,Chemistry,2019,C:/Users/vwan118/Documents/MaoriStudy/CoS-Merged\SNS\Chemistry\2019\neutral_and_negatively_charged_phosphate_modifications_altering_thermal_stability_kinetics_of_formation_and_monovalent_ion_dependence_of_dna_g_quadruplexes_2019.pdf,"ine, ata, amato, heate, ite, eratu, imino, murina, ere, remee, ingenomi, honate, neuma, imino, mari"
1169,scanning_auger_microscopy_studies_of_silane_films_grown_on_plasma_2019.pdf,SNS,Chemistry,2019,C:/Users/vwan118/Documents/MaoriStudy/CoS-Merged\SNS\Chemistry\2019\scanning_auger_microscopy_studies_of_silane_films_grown_on_plasma_2019.pdf,"ahangari, hou, ea"
1170,selective_inhibition_of_apobec3_enzymes_by_single_stranded_dnas_containing_2_deoxyzebularine_2019.pdf,SNS,Chemistry,2019,C:/Users/vwan118/Documents/MaoriStudy/CoS-Merged\SNS\Chemistry\2019\selective_inhibition_of_apobec3_enzymes_by_single_stranded_dnas_containing_2_deoxyzebularine_2019.pdf,"uuu, pineau, purine, tokuriki, aihara, kao, hou, takaku, katahira, iwatani, amaro, mutate, kanu, ito"
1171,spectroscopic_investigation_of_praseodymium_and_cerium_co_doped_20al_3_80lif_glass_for_potential_scintillator_applications_2019.pdf,SNS,Chemistry,2019,C:/Users/vwan118/Documents/MaoriStudy/CoS-Merged\SNS\Chemistry\2019\spectroscopic_investigation_of_praseodymium_and_cerium_co_doped_20al_3_80lif_glass_for_potential_scintillator_applications_2019.pdf,"mati, akira, kawano, kimura, katahira, arita, ono, hironaka, tohoku, iwano, takatori, tono, minami, takata, takahiro, nakai, nakamura, murata, minamia, kamata, euta, eueu, kenarangui, kumamoto, kano, inoue, kono, noritake, kurokami, minami, arikawa, takaoku, kohei, kouno, ioka, kitano, watari"
1172,the_oscillatory_adsorption_of_organosilane_films_on_aluminium_oxide_2019.pdf,SNS,Chemistry,2019,C:/Users/vwan118/Documents/MaoriStudy/CoS-Merged\SNS\Chemistry\2019\the_oscillatory_adsorption_of_organosilane_films_on_aluminium_oxide_2019.pdf,"takeo, tapio"
1173,the_role_of_physisorption_and_chemisorption_in_the_oscillatory_adsorption_of_organosilanes_on_aluminium_oxide_2019.pdf,SNS,Chemistry,2019,C:/Users/vwan118/Documents/MaoriStudy/CoS-Merged\SNS\Chemistry\2019\the_role_of_physisorption_and_chemisorption_in_the_oscillatory_adsorption_of_organosilanes_on_aluminium_oxide_2019.pdf,nihei
1174,understanding_the_potential_of_microwave_sintering_on_wc_co_2019.pdf,SNS,Chemistry,2019,C:/Users/vwan118/Documents/MaoriStudy/CoS-Merged\SNS\Chemistry\2019\understanding_the_potential_of_microwave_sintering_on_wc_co_2019.pdf,mei
1175,a_search_by_nbo_analysis_for_syndetic_donation_in_known_x_ray_structures_of_transition_metal_complexes_with_close_aromatic_ring_c_h_metal_approaches_2020.pdf,SNS,Chemistry,2020,C:/Users/vwan118/Documents/MaoriStudy/CoS-Merged\SNS\Chemistry\2020\a_search_by_nbo_analysis_for_syndetic_donation_in_known_x_ray_structures_of_transition_metal_complexes_with_close_aromatic_ring_c_h_metal_approaches_2020.pdf,"itami, ehara, arene, imino, imine, nakai, kitao, omae, morokuma, ina, mei"
1176,differential_inhibition_of_apobec3_dna_mutator_isozymes_by_fluoro_and_non_fluoro_substituted_2_deoxyzebularine_embedded_in_single_stranded_dna_2020.pdf,SNS,Chemistry,2020,C:/Users/vwan118/Documents/MaoriStudy/CoS-Merged\SNS\Chemistry\2020\differential_inhibition_of_apobec3_dna_mutator_isozymes_by_fluoro_and_non_fluoro_substituted_2_deoxyzebularine_embedded_in_single_stranded_dna_2020.pdf,"tiu, aihara, pana, kao, kotera, takaku, katahira, amaro, mutate, kanu, ito"
1177,electronic_and_steric_manipulation_of_the_agostic_interaction_in_benzo_quinoline_complexes_of_pd_and_implications_for_the_formation_of_η1_pd_c_bonds_2020.pdf,SNS,Chemistry,2020,C:/Users/vwan118/Documents/MaoriStudy/CoS-Merged\SNS\Chemistry\2020\electronic_and_steric_manipulation_of_the_agostic_interaction_in_benzo_quinoline_complexes_of_pd_and_implications_for_the_formation_of_η1_pd_c_bonds_2020.pdf,"itami, morokuma, ine, ringa, ehara, mei, eature, ere, nakai, ture, kitao, aromati, omae, ationa, parato"
1178,heterochromatin_protein_1α_interacts_with_parallel_rna_and_dna_g_quadruplexes_2020.pdf,SNS,Chemistry,2020,C:/Users/vwan118/Documents/MaoriStudy/CoS-Merged\SNS\Chemistry\2020\heterochromatin_protein_1α_interacts_with_parallel_rna_and_dna_g_quadruplexes_2020.pdf,"teo, kurokawa, kao, kimura, takahama, narita, ito"
1179,mechanical_properties_and_microstructural_behaviour_of_microwave_sintered_wc_co_2020.pdf,SNS,Chemistry,2020,C:/Users/vwan118/Documents/MaoriStudy/CoS-Merged\SNS\Chemistry\2020\mechanical_properties_and_microstructural_behaviour_of_microwave_sintered_wc_co_2020.pdf,"mei, ature"
1180,new_interpretation_and_approach_to_curve_fitting_synchrotron_x_ray_photoelectron_spectra_of_9s8_fracture_surfaces_2020.pdf,SNS,Chemistry,2020,C:/Users/vwan118/Documents/MaoriStudy/CoS-Merged\SNS\Chemistry\2020\new_interpretation_and_approach_to_curve_fitting_synchrotron_x_ray_photoelectron_spectra_of_9s8_fracture_surfaces_2020.pdf,"tokonami, tanuma, morimoto, initio, ngoepe"
1181,panic_learning_off_the_covid_campus_2020.pdf,SNS,Chemistry,2020,C:/Users/vwan118/Documents/MaoriStudy/CoS-Merged\SNS\Chemistry\2020\panic_learning_off_the_covid_campus_2020.pdf,"ara, aotearoa, ue, ero, unge, mea, oke"
1182,strong_nonresonant_radiation_enhances_cis_trans_photoisomerization_of_stilbene_in_solution_2020.pdf,SNS,Chemistry,2020,C:/Users/vwan118/Documents/MaoriStudy/CoS-Merged\SNS\Chemistry\2020\strong_nonresonant_radiation_enhances_cis_trans_photoisomerization_of_stilbene_in_solution_2020.pdf,
1183,the_importance_of_phosphates_for_dna_g_quadruplex_formation_2020.pdf,SNS,Chemistry,2020,C:/Users/vwan118/Documents/MaoriStudy/CoS-Merged\SNS\Chemistry\2020\the_importance_of_phosphates_for_dna_g_quadruplex_formation_2020.pdf,"amine, nai, ata, toamore, ena, amato, momota, kimura, imino, inarange, murina, nakamura, pepe, kumari, kaneko, ina, perone, ona"
1184,degradation_of_fusion_reactor_plasma_facing_materials_through_surface_plasma_etching_2021.pdf,SNS,Chemistry,2021,C:/Users/vwan118/Documents/MaoriStudy/CoS-Merged\SNS\Chemistry\2021\degradation_of_fusion_reactor_plasma_facing_materials_through_surface_plasma_etching_2021.pdf,
1185,dna_with_zwitterionic_and_negatively_charged_phosphate_modifications_2021.pdf,SNS,Chemistry,2021,C:/Users/vwan118/Documents/MaoriStudy/CoS-Merged\SNS\Chemistry\2021\dna_with_zwitterionic_and_negatively_charged_phosphate_modifications_2021.pdf,"hamamori, monia, pome, manawatu, ueno, kuo, morio, nakamura, puri, pone, hari, urea, aone"
1186,microbial_induced_corrosion_of_3d_printed_stainless_steels_2021.pdf,SNS,Chemistry,2021,C:/Users/vwan118/Documents/MaoriStudy/CoS-Merged\SNS\Chemistry\2021\microbial_induced_corrosion_of_3d_printed_stainless_steels_2021.pdf,
1187,probing_molecular_mechanisms_during_the_oscillatory_adsorption_of_propyl_chain_functionalized_organosilane_films_with_sum_frequency_generation_spectroscopy_2021.pdf,SNS,Chemistry,2021,C:/Users/vwan118/Documents/MaoriStudy/CoS-Merged\SNS\Chemistry\2021\probing_molecular_mechanisms_during_the_oscillatory_adsorption_of_propyl_chain_functionalized_organosilane_films_with_sum_frequency_generation_spectroscopy_2021.pdf,"kohei, kohei, takeo, ito, mei, atime"
1188,small_angle_x_ray_scattering_models_of_apobec3b_catalytic_domain_in_a_complex_with_a_single-stranded_dna_inhibitor_2021.pdf,SNS,Chemistry,2021,C:/Users/vwan118/Documents/MaoriStudy/CoS-Merged\SNS\Chemistry\2021\small_angle_x_ray_scattering_models_of_apobec3b_catalytic_domain_in_a_complex_with_a_single-stranded_dna_inhibitor_2021.pdf,"urea, katahira, puri, maiti, maio, aihara, takaku, hura, raina, initio, kitamura, puri, ito, hakata, uoro, emore, kouno, kanai, weerapana"
1189,steric_and_electronic_manipulation_of_the_agostic_and_π_syndetic_donations_in_a_known_iminophosphane_ni_complex_containing_a_rotatable_in_plane_aromatic_ring_2021.pdf,SNS,Chemistry,2021,C:/Users/vwan118/Documents/MaoriStudy/CoS-Merged\SNS\Chemistry\2021\steric_and_electronic_manipulation_of_the_agostic_and_π_syndetic_donations_in_a_known_iminophosphane_ni_complex_containing_a_rotatable_in_plane_aromatic_ring_2021.pdf,"itami, ehara, ue, wherea, nakai, kitao, omae, morokuma, mei"
1190,sub_micron_moulding_topological_mass_transport_regimes_in_angled_vortex_fluidic_flow_2021.pdf,SNS,Chemistry,2021,C:/Users/vwan118/Documents/MaoriStudy/CoS-Merged\SNS\Chemistry\2021\sub_micron_moulding_topological_mass_transport_regimes_in_angled_vortex_fluidic_flow_2021.pdf,"mura, ine, ipa, awei, uto, uwhere"
1191,surface_characterisation_of_pyrite_exposed_to_a_brierleyi_2021.pdf,SNS,Chemistry,2021,C:/Users/vwan118/Documents/MaoriStudy/CoS-Merged\SNS\Chemistry\2021\surface_characterisation_of_pyrite_exposed_to_a_brierleyi_2021.pdf,"hematite, amiri, kitamura, hetero"
1192,synthesis_photophysical_and_assembly_studies_of_novel_luminescent_lanthanide_complexes_of_1_2_3_triazolyl_pyridine_2_6_dicarboxamide_based_ligands_2021.pdf,SNS,Chemistry,2021,C:/Users/vwan118/Documents/MaoriStudy/CoS-Merged\SNS\Chemistry\2021\synthesis_photophysical_and_assembly_studies_of_novel_luminescent_lanthanide_complexes_of_1_2_3_triazolyl_pyridine_2_6_dicarboxamide_based_ligands_2021.pdf,"amine, keene, popu, mea, apārangi, materi, ono"
1193,the_corrosion_and_degradation_behaviour_of_wire_arc_additively_manufactured_316_ss_and_aluminium_bronze_alloys_2021.pdf,SNS,Chemistry,2021,C:/Users/vwan118/Documents/MaoriStudy/CoS-Merged\SNS\Chemistry\2021\the_corrosion_and_degradation_behaviour_of_wire_arc_additively_manufactured_316_ss_and_aluminium_bronze_alloys_2021.pdf,
1194,the_impact_of_post_processing_heat_treatments_on_elemental_distribution_and_corrosion_properties_of_cold_spray_printed_ai_alloys_2021.pdf,SNS,Chemistry,2021,C:/Users/vwan118/Documents/MaoriStudy/CoS-Merged\SNS\Chemistry\2021\the_impact_of_post_processing_heat_treatments_on_elemental_distribution_and_corrosion_properties_of_cold_spray_printed_ai_alloys_2021.pdf,uwa
1195,ultra_thin_films_of_amphiphilic_lanthanide_complexes_2021.pdf,SNS,Chemistry,2021,C:/Users/vwan118/Documents/MaoriStudy/CoS-Merged\SNS\Chemistry\2021\ultra_thin_films_of_amphiphilic_lanthanide_complexes_2021.pdf,"ito, ine, wewere"
1196,beyond_the_stem_comfort_zone_2022.pdf,SNS,Chemistry,2022,C:/Users/vwan118/Documents/MaoriStudy/CoS-Merged\SNS\Chemistry\2022\beyond_the_stem_comfort_zone_2022.pdf,"hora, rote, natu, enge"
1197,bis_anagostic_structures_in_n_n_chelate_ligand_complexes_of_palladium_2022.pdf,SNS,Chemistry,2022,C:/Users/vwan118/Documents/MaoriStudy/CoS-Merged\SNS\Chemistry\2022\bis_anagostic_structures_in_n_n_chelate_ligand_complexes_of_palladium_2022.pdf,"niu, ehara, amine, ue, arange, mei, moro, toa, orone, imine, mauro, nakai, kitao, omae, morokuma, ina, ona"
1198,coiling_of_single_walled_carbon_nanotubes_via_selective_topological_fluid_flow_2022.pdf,SNS,Chemistry,2022,C:/Users/vwan118/Documents/MaoriStudy/CoS-Merged\SNS\Chemistry\2022\coiling_of_single_walled_carbon_nanotubes_via_selective_topological_fluid_flow_2022.pdf,
1199,design_synthesis_and_evaluation_of_a_cross_linked_oligonucleotide_as_the_first_nanomolar_inhibitor_of_apobec3a_2022.pdf,SNS,Chemistry,2022,C:/Users/vwan118/Documents/MaoriStudy/CoS-Merged\SNS\Chemistry\2022\design_synthesis_and_evaluation_of_a_cross_linked_oligonucleotide_as_the_first_nanomolar_inhibitor_of_apobec3a_2022.pdf,"hio, raine, ue, aihara, kawahara, hou, naturae, kouno, maiti, amaro, kanu, ito, patutina, kanai, ina, ona, ona"
1200,influence_of_co_fe_ni_ratio_on_cobalt_pentlandites_electronic_structure_and_surface_speciation_2022.pdf,SNS,Chemistry,2022,C:/Users/vwan118/Documents/MaoriStudy/CoS-Merged\SNS\Chemistry\2022\influence_of_co_fe_ni_ratio_on_cobalt_pentlandites_electronic_structure_and_surface_speciation_2022.pdf,"ikeno, tanaka, initio, ngoepe, kotani"
1201,phosphorothioate_modification_improves_exon_skipping_of_antisense_oligonucleotides_based_on_sulfonyl_phosphoramidates_in_mdx_mouse_myotubes_2022.pdf,SNS,Chemistry,2022,C:/Users/vwan118/Documents/MaoriStudy/CoS-Merged\SNS\Chemistry\2022\phosphorothioate_modification_improves_exon_skipping_of_antisense_oligonucleotides_based_on_sulfonyl_phosphoramidates_in_mdx_mouse_myotubes_2022.pdf,"kimura, ao, morikawa, iwai, nakamura, ome, inoue, patutina, heo"
1202,reconstruction_of_pyrrhotite_fracture_surfaces_2022.pdf,SNS,Chemistry,2022,C:/Users/vwan118/Documents/MaoriStudy/CoS-Merged\SNS\Chemistry\2022\reconstruction_of_pyrrhotite_fracture_surfaces_2022.pdf,"tokonami, tanuma, iio, ono, morimoto, kamimura"
1203,small_angle_x_ray_scattering_measurements_of_apobec3g_provide_structural_basis_for_binding_of_single_stranded_dna_and_processivity_2022.pdf,SNS,Chemistry,2022,C:/Users/vwan118/Documents/MaoriStudy/CoS-Merged\SNS\Chemistry\2022\small_angle_x_ray_scattering_measurements_of_apobec3g_provide_structural_basis_for_binding_of_single_stranded_dna_and_processivity_2022.pdf,"kao, iwatani, katahira, ure, puri, akari, maiti, ara, ea, aihara, takaku, kanu, huo, raina, initio, hou, puri, ito, makena, uoro, hakata, kouno, apoa, hara, kanai"
1204,the_scientist_tthe_artefact_and_the_exegesis_2022.pdf,SNS,Chemistry,2022,C:/Users/vwan118/Documents/MaoriStudy/CoS-Merged\SNS\Chemistry\2022\the_scientist_tthe_artefact_and_the_exegesis_2022.pdf,"anu, ine, aotearoa, engineeri, kata, ini, uta, reiterate, rote, hei, tiu"
1205,the_vice_chancellor_in_australian_universities_2022.pdf,SNS,Chemistry,2022,C:/Users/vwan118/Documents/MaoriStudy/CoS-Merged\SNS\Chemistry\2022\the_vice_chancellor_in_australian_universities_2022.pdf,"engi, mora, eme, kome, ea, uwa"
1206,ultraviolet_c_photoresponsivity_using_fabricated_tio2_thin_films_and_transimpedance_amplifier_based_test_setup_2022.pdf,SNS,Chemistry,2022,C:/Users/vwan118/Documents/MaoriStudy/CoS-Merged\SNS\Chemistry\2022\ultraviolet_c_photoresponsivity_using_fabricated_tio2_thin_films_and_transimpedance_amplifier_based_test_setup_2022.pdf,"nio, nanowire, ito, kao, arangi, kuo, ea, kato, ono, huo, tio, areti"
1207,uncoupling_molecular_testing_for_sars_cov_2_from_international_supply_chains_2022.pdf,SNS,Chemistry,2022,C:/Users/vwan118/Documents/MaoriStudy/CoS-Merged\SNS\Chemistry\2022\uncoupling_molecular_testing_for_sars_cov_2_from_international_supply_chains_2022.pdf,"pii, mau, anie, rete, puri, horeta, aotearoa, pore, hore, manatuahumatua, materi, aie, wou, puri, repo, urea, pone, kore, hore, whe, nee, ime, ngene, rotato, timaru, taruna, ngene, tonga"
1208,vortex_fluidic_induced_mass_transfer_across_immiscible_phases_2022.pdf,SNS,Chemistry,2022,C:/Users/vwan118/Documents/MaoriStudy/CoS-Merged\SNS\Chemistry\2022\vortex_fluidic_induced_mass_transfer_across_immiscible_phases_2022.pdf,"pore, mura, hatanaka, paria, pore, ea, hou, anikita, maruoka, puri, ito, aewei, neri"
1209,diverse_lifestyles_and_strategies_of_plant_pathogenesis_encoded_in_the_genomes_of_eighteen_dothideomycetes_fungi_2012.pdf,SNS,Genetics,2012,C:/Users/vwan118/Documents/MaoriStudy/CoS-Merged\SNS\Genetics\2012\diverse_lifestyles_and_strategies_of_plant_pathogenesis_encoded_in_the_genomes_of_eighteen_dothideomycetes_fungi_2012.pdf,"aremore, poae, pini, ure, amore, hemi, ea, erika, kuma, kema, ingenome, ewa, hemi, initio, ea, aikake, okuno, kuo, ingene, aihu, ito, tanaka, inito, hane"
1210,diverse_life_styles_encoded_in_the_genomes_of_eighteen_dothideomycetes_2012.pdf,SNS,Genetics,2012,C:/Users/vwan118/Documents/MaoriStudy/CoS-Merged\SNS\Genetics\2012\diverse_life_styles_encoded_in_the_genomes_of_eighteen_dothideomycetes_2012.pdf,"aremore, poae, pini, ure, amore, hemi, ea, erika, kuma, kema, ingenome, ewa, hemi, initio, ea, aikake, okuno, kuo, ingene, aihu, ito, tanaka, inito, hane"
1211,protecting_forest_crops_from_disease_2012.pdf,SNS,Genetics,2012,C:/Users/vwan118/Documents/MaoriStudy/CoS-Merged\SNS\Genetics\2012\protecting_forest_crops_from_disease_2012.pdf,"hemi, nome"
1212,quantification_of_dothistroma_septosporum_spores_by_real_time_polymerase_chain_reaction_2012.pdf,SNS,Genetics,2012,C:/Users/vwan118/Documents/MaoriStudy/CoS-Merged\SNS\Genetics\2012\quantification_of_dothistroma_septosporum_spores_by_real_time_polymerase_chain_reaction_2012.pdf,pini
1213,the_genome_of_the_biotrophic_fungus_cladosporium_fulvum_suggests_that_it_evolved_from_a_necrotrophic_pathogen_2012.pdf,SNS,Genetics,2012,C:/Users/vwan118/Documents/MaoriStudy/CoS-Merged\SNS\Genetics\2012\the_genome_of_the_biotrophic_fungus_cladosporium_fulvum_suggests_that_it_evolved_from_a_necrotrophic_pathogen_2012.pdf,hemi
1214,the_genome_of_the_fungus_cladosporium_fulvum_suggests_an_ancestral_host_jump_to_tomato_2012.pdf,SNS,Genetics,2012,C:/Users/vwan118/Documents/MaoriStudy/CoS-Merged\SNS\Genetics\2012\the_genome_of_the_fungus_cladosporium_fulvum_suggests_an_ancestral_host_jump_to_tomato_2012.pdf,hemi
1215,the_vea_gene_of_the_pine_needle_pathogen_dothistroma_septosporum_regulates_sporulation_and_secondary_metabolism_2012.pdf,SNS,Genetics,2012,C:/Users/vwan118/Documents/MaoriStudy/CoS-Merged\SNS\Genetics\2012\the_vea_gene_of_the_pine_needle_pathogen_dothistroma_septosporum_regulates_sporulation_and_secondary_metabolism_2012.pdf,"apai, pini, kato, ao, noti, rotorua, ome, ina, puri"
1216,transcriptome_analysis_during_incompatible_and_compatible_interactions_of_ciborinia_camelliae_and_camellia_2012.pdf,SNS,Genetics,2012,C:/Users/vwan118/Documents/MaoriStudy/CoS-Merged\SNS\Genetics\2012\transcriptome_analysis_during_incompatible_and_compatible_interactions_of_ciborinia_camelliae_and_camellia_2012.pdf,
1217,transformation_of_cyclaneusma_minus_with_green_fluorescent_protein_to_enable_screening_of_fungi_for_biocontrol_activity_2012.pdf,SNS,Genetics,2012,C:/Users/vwan118/Documents/MaoriStudy/CoS-Merged\SNS\Genetics\2012\transformation_of_cyclaneusma_minus_with_green_fluorescent_protein_to_enable_screening_of_fungi_for_biocontrol_activity_2012.pdf,"ree, ato, kaingaroa, pini, rotoru, tuori, ere, rotorua, pinea, rapi"
1218,an_improved_artificial_pathogenicity_assay_for_dothistroma_needle_blight_on_pinus_radiata_2013.pdf,SNS,Genetics,2013,C:/Users/vwan118/Documents/MaoriStudy/CoS-Merged\SNS\Genetics\2013\an_improved_artificial_pathogenicity_assay_for_dothistroma_needle_blight_on_pinus_radiata_2013.pdf,"mahuku, pui, pini, kema, rotorua, munga"
1219,ciborinia_camelliae_induces_variable_plant_resistance_responses_in_selected_species_of_camellia_2013.pdf,SNS,Genetics,2013,C:/Users/vwan118/Documents/MaoriStudy/CoS-Merged\SNS\Genetics\2013\ciborinia_camelliae_induces_variable_plant_resistance_responses_in_selected_species_of_camellia_2013.pdf,"manawatu, eti, hao, mairei, rani, takano, takahara, hara"
1220,diverse_lifestyles_and_strategies_of_plant_pathogenesis_encoded_in_the_genomes_of_eighteen_dothideomycetes_2013.pdf,SNS,Genetics,2013,C:/Users/vwan118/Documents/MaoriStudy/CoS-Merged\SNS\Genetics\2013\diverse_lifestyles_and_strategies_of_plant_pathogenesis_encoded_in_the_genomes_of_eighteen_dothideomycetes_2013.pdf,"hemi, erika, kema, hemi, hane, titute"
1221,dothistroma_needle_blight_2013.pdf,SNS,Genetics,2013,C:/Users/vwan118/Documents/MaoriStudy/CoS-Merged\SNS\Genetics\2013\dothistroma_needle_blight_2013.pdf,"pore, kaingaroa, pini, munga, ure, rotorua, ito, pinea, maire"
1222,dothistromin_genes_at_multiple_separate_loci_are_regulated_by_aflr_2013.pdf,SNS,Genetics,2013,C:/Users/vwan118/Documents/MaoriStudy/CoS-Merged\SNS\Genetics\2013\dothistromin_genes_at_multiple_separate_loci_are_regulated_by_aflr_2013.pdf,"kimiko, apa, pini, puri, epoa, ina"
1223,fragmentation_of_an_aflatoxin‐like_gene_cluster_in_a_forest_pathogen_2013.pdf,SNS,Genetics,2013,C:/Users/vwan118/Documents/MaoriStudy/CoS-Merged\SNS\Genetics\2013\fragmentation_of_an_aflatoxin‐like_gene_cluster_in_a_forest_pathogen_2013.pdf,"arai, hao, takemoto, pini, kuma, kema, puri, ingenome, aoki, puri, maiti, ito, hane, epoa, tanaka"
1224,genomics_of_fungal_plant_pathogens_and_adaptation_to_their_host_plants_2013.pdf,SNS,Genetics,2013,C:/Users/vwan118/Documents/MaoriStudy/CoS-Merged\SNS\Genetics\2013\genomics_of_fungal_plant_pathogens_and_adaptation_to_their_host_plants_2013.pdf,tomatine
1225,mechanical_stress_sensing_in_epichloë_fungal_symbionts_during_colonization_of_grasses_2013.pdf,SNS,Genetics,2013,C:/Users/vwan118/Documents/MaoriStudy/CoS-Merged\SNS\Genetics\2013\mechanical_stress_sensing_in_epichloë_fungal_symbionts_during_colonization_of_grasses_2013.pdf,
1226,the_fragmented_dothistromin_gene_cluster_and_its_regulation_by_aflr_2013.pdf,SNS,Genetics,2013,C:/Users/vwan118/Documents/MaoriStudy/CoS-Merged\SNS\Genetics\2013\the_fragmented_dothistromin_gene_cluster_and_its_regulation_by_aflr_2013.pdf,
1227,transforming_tertiary_science_education_2013.pdf,SNS,Genetics,2013,C:/Users/vwan118/Documents/MaoriStudy/CoS-Merged\SNS\Genetics\2013\transforming_tertiary_science_education_2013.pdf,"hora, aotearoa, ako, aotearoa, oneminute, akoaotearoa, hake, ako"
1228,detection_and_quantification_of_three_distinct_neotyphodium_lolii_endophytes_in_lolium_perenne_by_real_time_pcr_of_secondary_metabolite_genes_2014.pdf,SNS,Genetics,2014,C:/Users/vwan118/Documents/MaoriStudy/CoS-Merged\SNS\Genetics\2014\detection_and_quantification_of_three_distinct_neotyphodium_lolii_endophytes_in_lolium_perenne_by_real_time_pcr_of_secondary_metabolite_genes_2014.pdf,"nui, peramine, peramine, hume, porina, moate, waikato, pera, ea, tanaka"
1229,development_of_microsatellite_and_mating_type_markers_for_the_pine_needle_pathogen_lecanosticta_acicola_2014.pdf,SNS,Genetics,2014,C:/Users/vwan118/Documents/MaoriStudy/CoS-Merged\SNS\Genetics\2014\development_of_microsatellite_and_mating_type_markers_for_the_pine_needle_pathogen_lecanosticta_acicola_2014.pdf,"pini, arie"
1230,dothideomycete_plant_pathogens_require_specific_virulence_factors_for_colonization_and_host_plants_have_developed_specific_r_genes_for_defence_2014.pdf,SNS,Genetics,2014,C:/Users/vwan118/Documents/MaoriStudy/CoS-Merged\SNS\Genetics\2014\dothideomycete_plant_pathogens_require_specific_virulence_factors_for_colonization_and_host_plants_have_developed_specific_r_genes_for_defence_2014.pdf,"hemi, tomatine"
1231,evolutionary_mechanisms_involved_in_development_of_fungal_secondary_metabolite_gene_clusters_2014.pdf,SNS,Genetics,2014,C:/Users/vwan118/Documents/MaoriStudy/CoS-Merged\SNS\Genetics\2014\evolutionary_mechanisms_involved_in_development_of_fungal_secondary_metabolite_gene_clusters_2014.pdf,
1232,the_role_of_effectors_pamps_and_secondary_metabolites_in_adaptation_of_cladosporium_fulvum_to_tomato_2014.pdf,SNS,Genetics,2014,C:/Users/vwan118/Documents/MaoriStudy/CoS-Merged\SNS\Genetics\2014\the_role_of_effectors_pamps_and_secondary_metabolites_in_adaptation_of_cladosporium_fulvum_to_tomato_2014.pdf,"hemi, tomatine"
1233,dothistromin_toxin_is_a_virulence_factor_in_dothistroma_needle_blight_of_pines_2015.pdf,SNS,Genetics,2015,C:/Users/vwan118/Documents/MaoriStudy/CoS-Merged\SNS\Genetics\2015\dothistromin_toxin_is_a_virulence_factor_in_dothistroma_needle_blight_of_pines_2015.pdf,"manawatu, tomature, pini, rotorua, puri"
1234,mechanical_stress_initiates_intercalary_growth_in_epichloë_fungal_symbionts_of_grasses_2015.pdf,SNS,Genetics,2015,C:/Users/vwan118/Documents/MaoriStudy/CoS-Merged\SNS\Genetics\2015\mechanical_stress_initiates_intercalary_growth_in_epichloë_fungal_symbionts_of_grasses_2015.pdf,
1235,regulation_of_the_aflatoxin-like_toxin_dothistromin_by_aflj_2015.pdf,SNS,Genetics,2015,C:/Users/vwan118/Documents/MaoriStudy/CoS-Merged\SNS\Genetics\2015\regulation_of_the_aflatoxin-like_toxin_dothistromin_by_aflj_2015.pdf,"apai, manawatu, apa, ina, hane"
1236,the_hemibiotrophic_lifestyle_of_the_fungal_pine_pathogen_dothistroma_septosporum_2015.pdf,SNS,Genetics,2015,C:/Users/vwan118/Documents/MaoriStudy/CoS-Merged\SNS\Genetics\2015\the_hemibiotrophic_lifestyle_of_the_fungal_pine_pathogen_dothistroma_septosporum_2015.pdf,"pore, manawatu, pini, kema, rotorua"
1237,a_conserved_proline_residue_in_dothideomycete_avr4_effector_proteins_is_required_to_trigger_a_cf_4_dependent_hypersensitive_response_2016.pdf,SNS,Genetics,2016,C:/Users/vwan118/Documents/MaoriStudy/CoS-Merged\SNS\Genetics\2016\a_conserved_proline_residue_in_dothideomycete_avr4_effector_proteins_is_required_to_trigger_a_cf_4_dependent_hypersensitive_response_2016.pdf,"karimi, eme, noti, apii, puri, kema, pena, puri, kee, karimi"
1238,a_review_of_pinaceae_resistance_mechanisms_against_needle_and_shoot_pathogens_with_a_focus_on_the_dothistroma–pinus_interaction_2016.pdf,SNS,Genetics,2016,C:/Users/vwan118/Documents/MaoriStudy/CoS-Merged\SNS\Genetics\2016\a_review_of_pinaceae_resistance_mechanisms_against_needle_and_shoot_pathogens_with_a_focus_on_the_dothistroma–pinus_interaction_2016.pdf,"inia, rua, pini, maritima, hite, mutate, munga, puiu, pore, pinene, ine, ue, kema, rotorua, ene, maire, pinu, ata, piou, poore, roke, eae, epi, pinea, hetero"
1239,a_worldwide_perspective_on_the_management_and_control_of_dothistroma_needle_blight_2016.pdf,SNS,Genetics,2016,C:/Users/vwan118/Documents/MaoriStudy/CoS-Merged\SNS\Genetics\2016\a_worldwide_perspective_on_the_management_and_control_of_dothistroma_needle_blight_2016.pdf,"piou, moreau, pini, popu, rotorua, munga, ria"
1240,effector_identification_in_the_pine_pathogen_dothistroma_septosporum_2016.pdf,SNS,Genetics,2016,C:/Users/vwan118/Documents/MaoriStudy/CoS-Merged\SNS\Genetics\2016\effector_identification_in_the_pine_pathogen_dothistroma_septosporum_2016.pdf,"ea, epi, rotorua"
1241,genome_scale_investigation_of_phenotypically_distinct_but_nearly_clonal_trichoderma_strains_2016.pdf,SNS,Genetics,2016,C:/Users/vwan118/Documents/MaoriStudy/CoS-Merged\SNS\Genetics\2016\genome_scale_investigation_of_phenotypically_distinct_but_nearly_clonal_trichoderma_strains_2016.pdf,"toro, hamari, ea, tae, mea, rotorua, minima, ito, imi, pone, eha, naeimi"
1242,genome_wide_gene_expression_dynamics_of_the_fungal_pathogen_dothistroma_septosporum_throughout_its_infection_cycle_of_the_gymnosperm_host_pinus_radiata_2016.pdf,SNS,Genetics,2016,C:/Users/vwan118/Documents/MaoriStudy/CoS-Merged\SNS\Genetics\2016\genome_wide_gene_expression_dynamics_of_the_fungal_pathogen_dothistroma_septosporum_throughout_its_infection_cycle_of_the_gymnosperm_host_pinus_radiata_2016.pdf,"pini, takano, takahara, kema, rotorua, hane, puiu"
1243,global_geographic_distribution_and_host_range_of_dothistroma_species_2016.PDF,SNS,Genetics,2016,C:/Users/vwan118/Documents/MaoriStudy/CoS-Merged\SNS\Genetics\2016\global_geographic_distribution_and_host_range_of_dothistroma_species_2016.PDF,"omorika, nai, pini, puri, imi, munga, ria, okareka, iūnai, imi, kaingaroa, maunganui, rimaa, rotorua, hui, ature, kaharoa, namekata, tongariro, ito, toria, ope, piou, konguta, ura, tita, hokonui, roke, eae, karioi, ture, omia, pinea"
1244,growth_and_fruition_of_a_pathology_research_community_2016.pdf,SNS,Genetics,2016,C:/Users/vwan118/Documents/MaoriStudy/CoS-Merged\SNS\Genetics\2016\growth_and_fruition_of_a_pathology_research_community_2016.pdf,"kema, pini"
1245,laea_negatively_regulates_dothistromin_production_in_the_pine_needle_pathogen_dothistroma_septosporum_2016.pdf,SNS,Genetics,2016,C:/Users/vwan118/Documents/MaoriStudy/CoS-Merged\SNS\Genetics\2016\laea_negatively_regulates_dothistromin_production_in_the_pine_needle_pathogen_dothistroma_septosporum_2016.pdf,"pii, takao, pini, amaike, ina, tamura, puri, namiki, apa, amare"
1246,molecular_markers_for_quantification_of_bioactive_fungal_strains_associated_with_pinus_radiata_2016.pdf,SNS,Genetics,2016,C:/Users/vwan118/Documents/MaoriStudy/CoS-Merged\SNS\Genetics\2016\molecular_markers_for_quantification_of_bioactive_fungal_strains_associated_with_pinus_radiata_2016.pdf,"imi, pini, nome, rotorua, pinea"
1247,evolution_of_polyketide_synthesis_in_a_dothideomycete_forest_pathogen_2017.pdf,SNS,Genetics,2017,C:/Users/vwan118/Documents/MaoriStudy/CoS-Merged\SNS\Genetics\2017\evolution_of_polyketide_synthesis_in_a_dothideomycete_forest_pathogen_2017.pdf,"pini, puri, apimo, rotorua, puri, ete"
1248,sensing_and_signalling_intercalary_growth_in_epichloëendophytes_2017.pdf,SNS,Genetics,2017,C:/Users/vwan118/Documents/MaoriStudy/CoS-Merged\SNS\Genetics\2017\sensing_and_signalling_intercalary_growth_in_epichloëendophytes_2017.pdf,
1249,specific_hypersensitive_response_associated_recognition_of_new_apoplastic_effectors_from_cladosporium_fulvumin_wild_tomato_2017.pdf,SNS,Genetics,2017,C:/Users/vwan118/Documents/MaoriStudy/CoS-Merged\SNS\Genetics\2017\specific_hypersensitive_response_associated_recognition_of_new_apoplastic_effectors_from_cladosporium_fulvumin_wild_tomato_2017.pdf,"pore, pirina, epitope, meme, kuo, nieuwe, humana, totowa, keri, atomatine, apii, kema, manao, karimi, mei, ea"
1250,can_a_single_genomic_difference_result_in_a_better_biocontrol_agent_2018.pdf,SNS,Genetics,2018,C:/Users/vwan118/Documents/MaoriStudy/CoS-Merged\SNS\Genetics\2018\can_a_single_genomic_difference_result_in_a_better_biocontrol_agent_2018.pdf,
1251,chromatin_level_regulation_of_the_fragmented_dothistromin_gene_cluster_in_the_forest_pathogen_dothistroma_septosporum_2018.pdf,SNS,Genetics,2018,C:/Users/vwan118/Documents/MaoriStudy/CoS-Merged\SNS\Genetics\2018\chromatin_level_regulation_of_the_fragmented_dothistromin_gene_cluster_in_the_forest_pathogen_dothistroma_septosporum_2018.pdf,"tamura, weake, pini, eaa"
1252,genetic_diversity_of_phytophthora_pluvialis_a_pathogen_of_conifers_in_new_zealand_and_the_west_coast_of_the_united_states_of_america_2018.pdf,SNS,Genetics,2018,C:/Users/vwan118/Documents/MaoriStudy/CoS-Merged\SNS\Genetics\2018\genetic_diversity_of_phytophthora_pluvialis_a_pathogen_of_conifers_in_new_zealand_and_the_west_coast_of_the_united_states_of_america_2018.pdf,"europaea, koike, puri, amore, rotorua, initio"
1253,in_vitro_assays_of_phytophthora_agathidicida_on_kauri_leaves_suggest_variability_in_pathogen_virulence_and_host_response_2018.pdf,SNS,Genetics,2018,C:/Users/vwan118/Documents/MaoriStudy/CoS-Merged\SNS\Genetics\2018\in_vitro_assays_of_phytophthora_agathidicida_on_kauri_leaves_suggest_variability_in_pathogen_virulence_and_host_response_2018.pdf,"keiko, waipara, kauri, herewini, kauri, waipoua, hou, tunupopo, tahi, rotorua, nari, taro, waitākere, apia, taro"
1254,specific_hypersensitive_response_associated_recognition_of_new_apoplastic_effectors_from_cladosporium_fulvum_in_wild_tomato_2018.pdf,SNS,Genetics,2018,C:/Users/vwan118/Documents/MaoriStudy/CoS-Merged\SNS\Genetics\2018\specific_hypersensitive_response_associated_recognition_of_new_apoplastic_effectors_from_cladosporium_fulvum_in_wild_tomato_2018.pdf,"pore, pirina, epitope, meme, kuo, nieuwe, humana, totowa, keri, atomatine, apii, kema, manao, karimi, mei, ea"
1255,a_systems_approach_to_understanding_phytophthora_infection_in_forest_systems_2019.pdf,SNS,Genetics,2019,C:/Users/vwan118/Documents/MaoriStudy/CoS-Merged\SNS\Genetics\2019\a_systems_approach_to_understanding_phytophthora_infection_in_forest_systems_2019.pdf,kauri
1256,a_transcriptomics_approach_to_understanding_mechano_transduction_by_epichloësymbionts_of_grasses_2019.pdf,SNS,Genetics,2019,C:/Users/vwan118/Documents/MaoriStudy/CoS-Merged\SNS\Genetics\2019\a_transcriptomics_approach_to_understanding_mechano_transduction_by_epichloësymbionts_of_grasses_2019.pdf,ere
1257,evolutionary_relics_dominate_the_small_number_of_secondary_metabolism_genes_in_the_hemibiotrophic_fungus_dothistroma_septosporum_2019.pdf,SNS,Genetics,2019,C:/Users/vwan118/Documents/MaoriStudy/CoS-Merged\SNS\Genetics\2019\evolutionary_relics_dominate_the_small_number_of_secondary_metabolism_genes_in_the_hemibiotrophic_fungus_dothistroma_septosporum_2019.pdf,"tokuoka, pomati, pini, ao, takano, aime, maekawa, ohura, manawatu, kitamoto, hera, ina, kema, rotorua, peramine, rau, mori, nuka, pera, puri, koti, tanaka, hata, uka, takahara"
1258,global_population_genomics_of_the_forest_pathogen_dothistroma_septosporum_reveal_chromosome_duplications_in_high_dothistromin_producing_strains_2019.pdf,SNS,Genetics,2019,C:/Users/vwan118/Documents/MaoriStudy/CoS-Merged\SNS\Genetics\2019\global_population_genomics_of_the_forest_pathogen_dothistroma_septosporum_reveal_chromosome_duplications_in_high_dothistromin_producing_strains_2019.pdf,"pini, kame, kuma, maunganui, tongariro, kema, ima, ito, rotorua, hane, tanaka"
1259,reduced_virulence_of_an_introduced_forest_pathogen_over_50_years_2019.pdf,SNS,Genetics,2019,C:/Users/vwan118/Documents/MaoriStudy/CoS-Merged\SNS\Genetics\2019\reduced_virulence_of_an_introduced_forest_pathogen_over_50_years_2019.pdf,"piou, taupo, pepori, pini, waikato, rotorua"
1260,camellia_plant_resistance_and_susceptibility_to_petal_blight_disease_are_defined_by_the_timing_of_defense_responses_2020.pdf,SNS,Genetics,2020,C:/Users/vwan118/Documents/MaoriStudy/CoS-Merged\SNS\Genetics\2020\camellia_plant_resistance_and_susceptibility_to_petal_blight_disease_are_defined_by_the_timing_of_defense_responses_2020.pdf,"hao, humana, wairere, kaiho, maere, hara, ito, raina"
1261,conservation_and_expansion_of_a_necrosis_inducing_small_secreted_protein_family_from_host_variable_phytopathogens_of_the_sclerotiniaceae_2020.pdf,SNS,Genetics,2020,C:/Users/vwan118/Documents/MaoriStudy/CoS-Merged\SNS\Genetics\2020\conservation_and_expansion_of_a_necrosis_inducing_small_secreted_protein_family_from_host_variable_phytopathogens_of_the_sclerotiniaceae_2020.pdf,"ine, meme, nerea, teine, kema, ture, mea, karimi, hane, tanaka, oome"
1262,dsecp2_1_is_a_polymorphic_effector_that_restricts_growth_of_dothistroma_septosporum_in_pine_2020.pdf,SNS,Genetics,2020,C:/Users/vwan118/Documents/MaoriStudy/CoS-Merged\SNS\Genetics\2020\dsecp2_1_is_a_polymorphic_effector_that_restricts_growth_of_dothistroma_septosporum_in_pine_2020.pdf,"pini, kema, puri, puke, rotorua, puri, kee, pone, tanaka"
1263,functional_analysis_of_rxlr_effectors_from_the_new_zealand_kauri_dieback_pathogen_phytophthora_agathidicida_2020.pdf,SNS,Genetics,2020,C:/Users/vwan118/Documents/MaoriStudy/CoS-Merged\SNS\Genetics\2020\functional_analysis_of_rxlr_effectors_from_the_new_zealand_kauri_dieback_pathogen_phytophthora_agathidicida_2020.pdf,"angio, kauri, aha, keri, iwi, toru, mutate, nari, waipara, meme, mune, ruawai, waipoua, herewini, whenuanui, rotorua, raetea, huia, aotearoa, amiana, kauri, arapahoe, māori, eti, roroa, patuawa, marano, huitema, taoho, ture, maungaroa, teome"
1264,phytophthora_agathidicida_2020.pdf,SNS,Genetics,2020,C:/Users/vwan118/Documents/MaoriStudy/CoS-Merged\SNS\Genetics\2020\phytophthora_agathidicida_2020.pdf,"whenua, tane, atahi, ane, mahuta, akere, kauri, aori, iwi, repo, anuka, kawerauamaki, ngakuru, mahi, waipara, manaakiwhenua, mingimingi, manaaki, herewini, waipoua, totara, tiriwa, ruakura, toa, ame, pairama, rotorua, puke, tane, kawerua, puno, ahui, whenua, wao, mana, aotearoa, tuku, kauri, hikuroa, atauranga, mori, ikauri, koiora, rewarewa, roroa, tekawerau, wakawhenua, tomita, taonga, tanekaha, tawa, kaitiaki, nui, waitakere, aotea, iwi, uneo, tarairi, notomi"
1265,apoplastic_effector_candidates_of_a_foliar_forest_pathogen_trigger_cell_death_in_host_and_non-host_plants_2021.pdf,SNS,Genetics,2021,C:/Users/vwan118/Documents/MaoriStudy/CoS-Merged\SNS\Genetics\2021\apoplastic_effector_candidates_of_a_foliar_forest_pathogen_trigger_cell_death_in_host_and_non-host_plants_2021.pdf,"eua, epitope, kauri, pini, rotorua, kee, keiko"
1266,signatures_of_post_glacial_genetic_isolation_and_human_driven_migration_in_the_dothistroma_needle_blight_pathogen_in_western_canada_2021.pdf,SNS,Genetics,2021,C:/Users/vwan118/Documents/MaoriStudy/CoS-Merged\SNS\Genetics\2021\signatures_of_post_glacial_genetic_isolation_and_human_driven_migration_in_the_dothistroma_needle_blight_pathogen_in_western_canada_2021.pdf,"kope, nota, renate, pini, munga, romano, keri, kema, akaike, kawamoto, maire"
1267,characterization_of_two_conserved_cell_death_elicitor_families_from_the_dothideomycete_fungal_pathogens_dothistroma_septosporum_and_fulvia_fulva_2022.pdf,SNS,Genetics,2022,C:/Users/vwan118/Documents/MaoriStudy/CoS-Merged\SNS\Genetics\2022\characterization_of_two_conserved_cell_death_elicitor_families_from_the_dothideomycete_fungal_pathogens_dothistroma_septosporum_and_fulvia_fulva_2022.pdf,"pirina, pini, takara, kema, rotorua, keiko, initio, heo, titokorangi, aotearoa, totowa, moriwaki, ito, karimi, humana, pone, tanaka, epitope, moa"
1268,Chromosome_level_assembly_of_the_phytophthora_agathidicida_genome_reveals_adaptation_in_effector_gene_families_2022.pdf,SNS,Genetics,2022,C:/Users/vwan118/Documents/MaoriStudy/CoS-Merged\SNS\Genetics\2022\Chromosome_level_assembly_of_the_phytophthora_agathidicida_genome_reveals_adaptation_in_effector_gene_families_2022.pdf,"kauri, ua, taketake, iwi, keri, nari, maori, mei, waipara, herewini, waipoua, ohe, porirua, rotorua, amaro, ngāti, whenua, mana, aotearoa, rehua, kauri, kuo, māori, roroa, humana, patuawa, pone, huitema, koike, aotea, rākau, taoho, auwera, ngātiwai, hane"
1269,crispr_cas9_gene_editing_and_rapid_detection_of_gene_edited_mutants_using_high_resolution_melting_in_the_apple_scab_fungus_venturia_inaequalis_2022.pdf,SNS,Genetics,2022,C:/Users/vwan118/Documents/MaoriStudy/CoS-Merged\SNS\Genetics\2022\crispr_cas9_gene_editing_and_rapid_detection_of_gene_edited_mutants_using_high_resolution_melting_in_the_apple_scab_fungus_venturia_inaequalis_2022.pdf,"pirina, ama, arangi, humu, noti, tae, puri, kee, okumoto, pone, tanaka, mau"
1270,secreted_glycoside_hydrolase_proteins_as_effectors_and_invasion_patterns_of_plant-associated_fungi_and_oomycetes_2022.pdf,SNS,Genetics,2022,C:/Users/vwan118/Documents/MaoriStudy/CoS-Merged\SNS\Genetics\2022\secreted_glycoside_hydrolase_proteins_as_effectors_and_invasion_patterns_of_plant-associated_fungi_and_oomycetes_2022.pdf,"miao, tomatine, ori, nakano, eraa, minami, aai, hanania, rui, romero, aotearoa, hou, aoki, pone, tanaka, roreri, ruhe, raho, rapa, epitope, hane, nineamino, ano"
1271,targeted_gene_mutations_in_the_forest_pathogen_dothistroma_septosporum_using_crispr_cas9_2022.pdf,SNS,Genetics,2022,C:/Users/vwan118/Documents/MaoriStudy/CoS-Merged\SNS\Genetics\2022\targeted_gene_mutations_in_the_forest_pathogen_dothistroma_septosporum_using_crispr_cas9_2022.pdf,"inoue, aotearoa, pii, okamura, ama, pini, moineau, romero, nakamura, rotorua, mutate, iwai, puri"
1272,the_secreted_proteome_of_necrotrophic_ciborinia_camelliae_causes_nonhost‐specific_virulence_2022.pdf,SNS,Genetics,2022,C:/Users/vwan118/Documents/MaoriStudy/CoS-Merged\SNS\Genetics\2022\the_secreted_proteome_of_necrotrophic_ciborinia_camelliae_causes_nonhost‐specific_virulence_2022.pdf,"urea, tato, wairere, nome"
1273,construction_of_black_and_red_raspberry_linkage_maps_and_their_comparison_to_the_genomes_of_strawberry_apple_and_peach_2012.pdf,SNS,Plant_Science,2012,C:/Users/vwan118/Documents/MaoriStudy/CoS-Merged\SNS\Plant_Science\2012\construction_of_black_and_red_raspberry_linkage_maps_and_their_comparison_to_the_genomes_of_strawberry_apple_and_peach_2012.pdf,"motueka, ea, aru, mane, aharoni, eha"
1274,extensive_chromosomal_variation_in_a_recently_formed_natural_allopolyploid_species_tragopogon_miscellus_2012.pdf,SNS,Plant_Science,2012,C:/Users/vwan118/Documents/MaoriStudy/CoS-Merged\SNS\Plant_Science\2012\extensive_chromosomal_variation_in_a_recently_formed_natural_allopolyploid_species_tragopogon_miscellus_2012.pdf,"winge, okamoto, taketa, maere"
1275,microsatellite_markers_for_the_endangered_root_holoparasite_dactylanthus_taylorii_from_454_pyrosequencing_2012.pdf,SNS,Plant_Science,2012,C:/Users/vwan118/Documents/MaoriStudy/CoS-Merged\SNS\Plant_Science\2012\microsatellite_markers_for_the_endangered_root_holoparasite_dactylanthus_taylorii_from_454_pyrosequencing_2012.pdf,"taahau, pureora, pua, mangaweka, reinga, mahia"
1276,natural_variation_in_gl1_and_its_effects_on_trichome_density_in_arabidopsis_thaliana_2012.pdf,SNS,Plant_Science,2012,C:/Users/vwan118/Documents/MaoriStudy/CoS-Merged\SNS\Plant_Science\2012\natural_variation_in_gl1_and_its_effects_on_trichome_density_in_arabidopsis_thaliana_2012.pdf,"europaea, hereto, kakutani, topota, initiationgene, araki, huo, ea, ina, mau, omo"
1277,proportions_of_anthocyanins_are_consistent_between_years_in_the_fruit_of_a_segregating_purple_raspberry_mapping_population_2012.pdf,SNS,Plant_Science,2012,C:/Users/vwan118/Documents/MaoriStudy/CoS-Merged\SNS\Plant_Science\2012\proportions_of_anthocyanins_are_consistent_between_years_in_the_fruit_of_a_segregating_purple_raspberry_mapping_population_2012.pdf,"ure, waikato, ainge, muta, motueka, tanaka, urae"
1278,rapid_repeated_and_clustered_loss_of_duplicate_genes_in_allopolyploid_plant_populations_of_independent_origin_2012.pdf,SNS,Plant_Science,2012,C:/Users/vwan118/Documents/MaoriStudy/CoS-Merged\SNS\Plant_Science\2012\rapid_repeated_and_clustered_loss_of_duplicate_genes_in_allopolyploid_plant_populations_of_independent_origin_2012.pdf,"huteau, huneau, honore"
1279,rosaceae_conserved_orthologous_set_markers_as_a_tool_to_assess_genome_synteny_between_malus_and_fragaria_2012.pdf,SNS,Plant_Science,2012,C:/Users/vwan118/Documents/MaoriStudy/CoS-Merged\SNS\Plant_Science\2012\rosaceae_conserved_orthologous_set_markers_as_a_tool_to_assess_genome_synteny_between_malus_and_fragaria_2012.pdf,"ranatunga, unimi, kimura, romero, terakami, mane, aharoni, rami, eha"
1280,microsatellite_markers_for_the_new_zealand_endemic_tree_fuchsia_excorticata_2013.pdf,SNS,Plant_Science,2013,C:/Users/vwan118/Documents/MaoriStudy/CoS-Merged\SNS\Plant_Science\2013\microsatellite_markers_for_the_new_zealand_endemic_tree_fuchsia_excorticata_2013.pdf,"karori, rotoroa, totowa, hinewai, taa, rotokura, humana"
1281,qtl_involved_in_the_modification_of_cyanidin_compounds_in_black_and_red_raspberry_fruit_2013.pdf,SNS,Plant_Science,2013,C:/Users/vwan118/Documents/MaoriStudy/CoS-Merged\SNS\Plant_Science\2013\qtl_involved_in_the_modification_of_cyanidin_compounds_in_black_and_red_raspberry_fruit_2013.pdf,"mea, inoue, petunia, toma, hou, ruakura, rieure, ea, aru, mane, ainge, aharoni, hirai, motueka, tanaka"
1282,gene_silencing_via_dna_methylation_in_naturally_occurring_tragopogon_miscellus_allopolyploids_2014.pdf,SNS,Plant_Science,2014,C:/Users/vwan118/Documents/MaoriStudy/CoS-Merged\SNS\Plant_Science\2014\gene_silencing_via_dna_methylation_in_naturally_occurring_tragopogon_miscellus_allopolyploids_2014.pdf,"topo, takara"
1283,sophora_microphylla_microsatellite_markers_and_their_utility_across_the_genus_2014.pdf,SNS,Plant_Science,2014,C:/Users/vwan118/Documents/MaoriStudy/CoS-Merged\SNS\Plant_Science\2014\sophora_microphylla_microsatellite_markers_and_their_utility_across_the_genus_2014.pdf,"puhoi, waimakariri, mata, puna, waiwera, ahuriri, totowa, āori, kowhai, kaukapakapa, waitakaruru, tawairoa, whangape, humana, kowhai, tui, waitangi"
1284,the_genetic_architecture_of_constitutive_and_induced_trichome_density_in_two_new_recombinant_inbred_line_populations_of_arabidopsis_thaliana_2014.pdf,SNS,Plant_Science,2014,C:/Users/vwan118/Documents/MaoriStudy/CoS-Merged\SNS\Plant_Science\2014\the_genetic_architecture_of_constitutive_and_induced_trichome_density_in_two_new_recombinant_inbred_line_populations_of_arabidopsis_thaliana_2014.pdf,"kumimoto, tarone, uwatoko, kakutani, maruoka, ome, ea, ina, mau"
1285,cytonuclear_coordination_is_not_immediate_upon_allopolyploid_formation_in_tragopogon_miscellus_allopolyploids_2015.pdf,SNS,Plant_Science,2015,C:/Users/vwan118/Documents/MaoriStudy/CoS-Merged\SNS\Plant_Science\2015\cytonuclear_coordination_is_not_immediate_upon_allopolyploid_formation_in_tragopogon_miscellus_allopolyploids_2015.pdf,"ene, tamaki, hao, ea, nue, petunia, panero, totowa, takara, topo, pone, makino"
1286,macro_and_micro_morphological_characters_of_hibiscus_diversifolius_jacq_2015.pdf,SNS,Plant_Science,2015,C:/Users/vwan118/Documents/MaoriStudy/CoS-Merged\SNS\Plant_Science\2015\macro_and_micro_morphological_characters_of_hibiscus_diversifolius_jacq_2015.pdf,"itate, terete, wate, manawatu, riate, eae, ruminate, rota, hinate, peti, towa, matu"
1287,microsatellite_markers_for_the_new_zealand_endemic_myosotis_pygmaea_species_group_amplify_across_species_2015.pdf,SNS,Plant_Science,2015,C:/Users/vwan118/Documents/MaoriStudy/CoS-Merged\SNS\Plant_Science\2015\microsatellite_markers_for_the_new_zealand_endemic_myosotis_pygmaea_species_group_amplify_across_species_2015.pdf,"maungamahue, tongarewa, waka, waioeka, anawhata, pararaha, kaweka, karori, europaea, taranaki, ngarupupu, waikato, waikokopu, ruahine, raukumara, puketapu, moke, paraninihi, tapuaeouenuku, kahurangi, opunake, uahine, ata, ohutu"
1288,the_compounding_effects_of_high_pollen_limitation_selfing_rates_and_inbreeding_depression_leave_a_new_zealand_tree_with_few_viable_offspring_2015.pdf,SNS,Plant_Science,2015,C:/Users/vwan118/Documents/MaoriStudy/CoS-Merged\SNS\Plant_Science\2015\the_compounding_effects_of_high_pollen_limitation_selfing_rates_and_inbreeding_depression_leave_a_new_zealand_tree_with_few_viable_offspring_2015.pdf,"waikare, rotoroa, waimakariri, ahuriri, taihape, pohangina, mohoua, maki, pohutukawa, kaka, tui, tui, paengaroa, kowhai, rakaia, puriri"
1289,isolation_and_characterization_of_polymorphic_microsatellite_loci_in_selliera_radicans_2016.pdf,SNS,Plant_Science,2016,C:/Users/vwan118/Documents/MaoriStudy/CoS-Merged\SNS\Plant_Science\2016\isolation_and_characterization_of_polymorphic_microsatellite_loci_in_selliera_radicans_2016.pdf,"himatangi, ohiwa, manawatu, humana, totowa, roa, moana, tauranga"
1290,tyrosine_hydroxylation_in_betalain_pigment_biosynthesis_is_performed_by_cytochrome_p450_enzymes_in_beets_2016.pdf,SNS,Plant_Science,2016,C:/Users/vwan118/Documents/MaoriStudy/CoS-Merged\SNS\Plant_Science\2016\tyrosine_hydroxylation_in_betalain_pigment_biosynthesis_is_performed_by_cytochrome_p450_enzymes_in_beets_2016.pdf,"amine, imamura, teramoto, komamine, karimi, pone"
1291,cytonuclear_responses_to_genome_doubling_2017.pdf,SNS,Plant_Science,2017,C:/Users/vwan118/Documents/MaoriStudy/CoS-Merged\SNS\Plant_Science\2017\cytonuclear_responses_to_genome_doubling_2017.pdf,"winge, ere, maere, hirai"
1292,distributions_of_mutational_effects_and_the_estimation_of_directional_selection_in_divergent_lineages_of_arabidopsis_thaliana_2017.pdf,SNS,Plant_Science,2017,C:/Users/vwan118/Documents/MaoriStudy/CoS-Merged\SNS\Plant_Science\2017\distributions_of_mutational_effects_and_the_estimation_of_directional_selection_in_divergent_lineages_of_arabidopsis_thaliana_2017.pdf,"mani, kimura, akaike"
1293,hibiscus_diversifolius_subsp_2017.pdf,SNS,Plant_Science,2017,C:/Users/vwan118/Documents/MaoriStudy/CoS-Merged\SNS\Plant_Science\2017\hibiscus_diversifolius_subsp_2017.pdf,"anu, manawatu, terete, ruminate, euramoo"
1294,bolstering_species_delimitation_in_difficult_species_complexes_by_analyzing_herbarium_and_common_garden_morphological_data_2018.pdf,SNS,Plant_Science,2018,C:/Users/vwan118/Documents/MaoriStudy/CoS-Merged\SNS\Plant_Science\2018\bolstering_species_delimitation_in_difficult_species_complexes_by_analyzing_herbarium_and_common_garden_morphological_data_2018.pdf,"atiwai, whenua, maungamahue, tongarewa, waipuna, matamata, moawhango, taieri, waka, paturau, kawakawa, wipaki, ea, wanaka, taranaki, oraka, manaaki, ngawi, arawhata, kaikoura, wairarapa, matamau, aorangi, waituna, ngaruroro, awarua, ohau, ruahine, waimakariri, tahakopa, tama, reporoa, makirikiri, taupo, maungaharuru, kakanui, tongariro, hekenga, puketapu, tihia, ikaamaru, tapuaeouenuku, kahurangi, wakatipu, iwi, waipakihi, opunake, kaimanawa, ota, taranga, patutu, rakeakua, manihi, hikurangi"
1295,host_range_host_specificity_regional_host_preferences_and_genetic_variability_of_korthalsella_tiegh_2018.pdf,SNS,Plant_Science,2018,C:/Users/vwan118/Documents/MaoriStudy/CoS-Merged\SNS\Plant_Science\2018\host_range_host_specificity_regional_host_preferences_and_genetic_variability_of_korthalsella_tiegh_2018.pdf,"pureora, moawhango, mahinepua, taranaki, totara, manawatu, makarewa, hawai, pakihi, okataina, aotearoa, ōkārito, raukumara, wae, horowhenua, hokio, tutaenui, otapiri, ota, turakirae, oporua, maungaraho, whakamaru, totaratitokimatai, mataroa, panero, pounui, mangaweka, rotoiti, wainuiomata, ranatunga, motu, kaikoura, kahikatea, karetiana, rongotea, whakatane, aramoana, ahipara, paringa, wainono, puia, wairoa, wakatipu, opuapaihia, tekapo, manukau, okia, motuoapa, waiau, hautapu, waitakere, ātipu, ahi, maruia, waikanae, wairarapa, marata, ānuka, taupo, taihape, whataroa, kawerau, puketeraki, rangitikei, otaki, waipori, paengaroa, paki, piripai, motutere, otatara, haumi, kaiteriteri, kerikeri, kaumingi, waikato, ruamahanga, kaipara, pahaoa, kopia, tupeia, motuariki, hokianga, manapouri, kohi, kapiti, māori, mangahuia, tararua, otanerito, pareora, rangitata, kaimanawa, mānuka, toumatou, wairau, paku, waikura, kowhai"
1296,microsatellite_markers_for_corybas_species_in_new_zealand_2018.pdf,SNS,Plant_Science,2018,C:/Users/vwan118/Documents/MaoriStudy/CoS-Merged\SNS\Plant_Science\2018\microsatellite_markers_for_corybas_species_in_new_zealand_2018.pdf,"ruahine, tongarewa, rimutaka, kahurangi, ohakune, urewera, totowa, rimutaka, whanganui, tongariro, turakina, humana, aone"
1297,molecular_phylogenetics_and_character_evolution_of_gaya_and_related_genera_2018.pdf,SNS,Plant_Science,2018,C:/Users/vwan118/Documents/MaoriStudy/CoS-Merged\SNS\Plant_Science\2018\molecular_phylogenetics_and_character_evolution_of_gaya_and_related_genera_2018.pdf,"atia, aurea, nee, ao, mutue, tae, tamura, kano, meio, moorei, enero, itatiaie, mato, apia"
1298,pollinator_service_affects_quantity_but_not_quality_of_offspring_in_a_widespread_new_zealand_endemic_tree_species_2018.pdf,SNS,Plant_Science,2018,C:/Users/vwan118/Documents/MaoriStudy/CoS-Merged\SNS\Plant_Science\2018\pollinator_service_affects_quantity_but_not_quality_of_offspring_in_a_widespread_new_zealand_endemic_tree_species_2018.pdf,"karori, ene, rotoroa, maungatautari, rangiwahia, tari, ea, hinewai, ure, ngati, ania, tui, rangi, tui, maungatau, kereru"
1299,a_malvaceae_mystery_2019.pdf,SNS,Plant_Science,2019,C:/Users/vwan118/Documents/MaoriStudy/CoS-Merged\SNS\Plant_Science\2019\a_malvaceae_mystery_2019.pdf,"kiu, wai, heritiera, koo, ao, maini, oma, ea, hou, orare, irikura, akaike, puri, karimi, heritieria, maere, neupane"
1300,can_morphology_and_chromosome_number_contribute_to_species_delimitation_2019.pdf,SNS,Plant_Science,2019,C:/Users/vwan118/Documents/MaoriStudy/CoS-Merged\SNS\Plant_Science\2019\can_morphology_and_chromosome_number_contribute_to_species_delimitation_2019.pdf,"hauni, tane, taha, namoi, terete, eae, enumeratio"
1301,comparing_and_co_analysing_microsatellite_and_morphological_data_for_species_delimitation_in_the_new_zealand_native_myosotis_pygmaea_species_group_2019.pdf,SNS,Plant_Science,2019,C:/Users/vwan118/Documents/MaoriStudy/CoS-Merged\SNS\Plant_Science\2019\comparing_and_co_analysing_microsatellite_and_morphological_data_for_species_delimitation_in_the_new_zealand_native_myosotis_pygmaea_species_group_2019.pdf,"atiwai, whenua, maungamahue, tongarewa, waipuna, paturau, kawakawa, wipaki, nanehohe, tuhinga, toetoe, wanaka, taranaki, manaaki, ngawi, arawhata, anehohe, owhai, wairarapa, hukanui, waituna, aorangi, awarua, tamatea, ohau, ruahine, tahakopa, tama, tongariro, tomike, puketapu, pone, mataau, ikaamaru, tapuaeouenuku, pirie, kahurangi, punake, kiwi, waipakihi, iwi, opunake, ota, manihi"
1302,one_thousand_plant_transcriptomes_and_the_phylogenomics_of_green_plants_2019.pdf,SNS,Plant_Science,2019,C:/Users/vwan118/Documents/MaoriStudy/CoS-Merged\SNS\Plant_Science\2019\one_thousand_plant_transcriptomes_and_the_phylogenomics_of_green_plants_2019.pdf,"nute, heike, rie, iiii, kuma, orono, toire, maere, moira, ume, uwa, noumea, minuta, manoa, ramona"
1303,widespread_morphological_parallelism_in_korthalsella_2019.pdf,SNS,Plant_Science,2019,C:/Users/vwan118/Documents/MaoriStudy/CoS-Merged\SNS\Plant_Science\2019\widespread_morphological_parallelism_in_korthalsella_2019.pdf,"aneura, whakamaru, tuamotu, ino, eka, panero, papuana, aorai, papenoo, nou, ea, papeete, mau, moorea, paoroa, pore, pautou, niu, kaiteriteri, kerikeri, terete, manawatu, mangakowhiriwhiri, awa, pihea, hawai, waianae, moramanga, rongotea, ea, rapanea, kooau, aramoana, tuauru, pouteria, noire, tahiti, anoa, tohiea, renata, waininiua, anaorii"
1304,polysaccharide_structures_in_the_outer_mucilage_of_arabidopsis_seeds_visualized_by_afm_2020.pdf,SNS,Plant_Science,2020,C:/Users/vwan118/Documents/MaoriStudy/CoS-Merged\SNS\Plant_Science\2020\polysaccharide_structures_in_the_outer_mucilage_of_arabidopsis_seeds_visualized_by_afm_2020.pdf,"ehara, rami, petone, matiamerino, irani, nakai, ara, aiii, kitao, morokuma"
1305,an_open_community_toolkit_for_collaborative_phylogenomic_research_on_flowering_plants_2021.pdf,SNS,Plant_Science,2021,C:/Users/vwan118/Documents/MaoriStudy/CoS-Merged\SNS\Plant_Science\2021\an_open_community_toolkit_for_collaborative_phylogenomic_research_on_flowering_plants_2021.pdf,"nute, inga, inia, tiu, awie"
1306,exploring_angiosperms353_2021.pdf,SNS,Plant_Science,2021,C:/Users/vwan118/Documents/MaoriStudy/CoS-Merged\SNS\Plant_Science\2021\exploring_angiosperms353_2021.pdf,inia
1307,new_targets_acquired_2021.pdf,SNS,Plant_Science,2021,C:/Users/vwan118/Documents/MaoriStudy/CoS-Merged\SNS\Plant_Science\2021\new_targets_acquired_2021.pdf,"inga, pirie, awie, eri, angio"
1308,polyploidy_on_islands_2021.pdf,SNS,Plant_Science,2021,C:/Users/vwan118/Documents/MaoriStudy/CoS-Merged\SNS\Plant_Science\2021\polyploidy_on_islands_2021.pdf,"whenua, tongarewa, parietarieae, moura, manaaki, tepapa, kuo, topiaria, ārangi, ono, mena, neame, pone, otero"
1309,estimation_of_quantitative_genetic_parameters_for_dry_matter_yield_and_vegetative_persistence_related_traits_in_a_white_clover_training_population_2022.pdf,SNS,Plant_Science,2022,C:/Users/vwan118/Documents/MaoriStudy/CoS-Merged\SNS\Plant_Science\2022\estimation_of_quantitative_genetic_parameters_for_dry_matter_yield_and_vegetative_persistence_related_traits_in_a_white_clover_training_population_2022.pdf,"autao, winao, tapia, manawatu, whatawhata, ruakura, angi, kairanga, ea, pino, ieno, waikato, ao, aorangi, ea, huia, weikai, kopu"
1310,inferring_the_biogeography_of_new_zealands_only_endemic_holoparasitic_plant_the_threatened_dactylanthus_taylorii_2022.pdf,SNS,Plant_Science,2022,C:/Users/vwan118/Documents/MaoriStudy/CoS-Merged\SNS\Plant_Science\2022\inferring_the_biogeography_of_new_zealands_only_endemic_holoparasitic_plant_the_threatened_dactylanthus_taylorii_2022.pdf,"taupō, mau, ēinga, waipapa, taranaki, puke, pua, waikato, ea, nga, tatea, aotearoa, taupo, oruanui, tongariro, taa, waio, wha, ikaamāui, hauraki"
1311,inferring_the_biogeography_of_new_zealands_only_endemic_holoparasitic_plant__the_threatened_dactylanthus_taylorii__mystropetalaceae_2022.pdf,SNS,Plant_Science,2022,C:/Users/vwan118/Documents/MaoriStudy/CoS-Merged\SNS\Plant_Science\2022\inferring_the_biogeography_of_new_zealands_only_endemic_holoparasitic_plant__the_threatened_dactylanthus_taylorii__mystropetalaceae_2022.pdf,"taupō, mau, ēinga, waipapa, taranaki, puke, pua, waikato, ea, nga, tatea, aotearoa, taupo, oruanui, tongariro, taa, waio, wha, ikaamāui, hauraki"
1312,taxonomic_revision_of_the_southern_hemisphere_pygmy_forget_me_not_group_based_on_morphological_population_genetic_and_climate_edaphic_niche_modelling_data_2022.pdf,SNS,Plant_Science,2022,C:/Users/vwan118/Documents/MaoriStudy/CoS-Merged\SNS\Plant_Science\2022\taxonomic_revision_of_the_southern_hemisphere_pygmy_forget_me_not_group_based_on_morphological_population_genetic_and_climate_edaphic_niche_modelling_data_2022.pdf,"hookeri, poa, eoo, tongarewa, waipuna, aoo, moawhango, tepapa, taieri, waka, paturau, kawakawa, rakiura, wipaki, tuhinga, wanaka, taranaki, oraka, manaaki, ngawi, whanahuia, arawhata, popu, matiri, waipawa, manawatū, nakamura, wairarapa, matamau, omaui, hukanui, teau, aorangi, tatea, awarua, ohau, ruahine, anu, ratite, makirikiri, taupo, tama, powo, tongariro, manuka, hekenga, puketapu, moa, tihia, tiwai, pone, mataau, ikaamaru, tapuaeouenuku, ute, maungamahoe, waipakihi, iwi, wharariki, opunake, kaimanawa, whie, ota, ngātiwai, manihi, hikurangi"
1313,does_genetic_diversity_reduce_sibling_competition_2012.pdf,SNS,Zoology_and_Ecology,2012,C:/Users/vwan118/Documents/MaoriStudy/CoS-Merged\SNS\Zoology_and_Ecology\2012\does_genetic_diversity_reduce_sibling_competition_2012.pdf,"arawa, aikio, imitate, ngati, whakawe, kotahitanga, toro"
1314,evolutionary_optimum_for_male_sexual_traits_characterized_using_the_multivariate_robertson–price_Identity_2012.pdf,SNS,Zoology_and_Ecology,2012,C:/Users/vwan118/Documents/MaoriStudy/CoS-Merged\SNS\Zoology_and_Ecology\2012\evolutionary_optimum_for_male_sexual_traits_characterized_using_the_multivariate_robertson–price_Identity_2012.pdf,"hine, kotiaho"
1315,genetic_diversity_increases_population_productivity_in_a_sessile_marine_invertebrate_2012.pdf,SNS,Zoology_and_Ecology,2012,C:/Users/vwan118/Documents/MaoriStudy/CoS-Merged\SNS\Zoology_and_Ecology\2012\genetic_diversity_increases_population_productivity_in_a_sessile_marine_invertebrate_2012.pdf,"iterature, okamura, arawa, aikio, ngati, maturo, tekotahitanga, neritina, moire"
1316,ontogenetic_variability_in_the_habitat_associations_of_haliotis_iris_in_central_new_zealand_2012.pdf,SNS,Zoology_and_Ecology,2012,C:/Users/vwan118/Documents/MaoriStudy/CoS-Merged\SNS\Zoology_and_Ecology\2012\ontogenetic_variability_in_the_habitat_associations_of_haliotis_iris_in_central_new_zealand_2012.pdf,"roei, poore, taputeranga, takami, tarekena, paua, raekaihau, kawamura, noro"
1317,a_novel_widespread_cryptic_species_and_phylogeographic_patterns_within_several_giant_clam_species_from_the_indo_pacific_ocean_2013.pdf,SNS,Zoology_and_Ecology,2013,C:/Users/vwan118/Documents/MaoriStudy/CoS-Merged\SNS\Zoology_and_Ecology\2013\a_novel_widespread_cryptic_species_and_phylogeographic_patterns_within_several_giant_clam_species_from_the_indo_pacific_ocean_2013.pdf,"ea, aru, renema, kanai, pone, tonga"
1318,habitat_complexity_mediates_predation_of_juvenile_abalone_by_starfish_2013.pdf,SNS,Zoology_and_Ecology,2013,C:/Users/vwan118/Documents/MaoriStudy/CoS-Merged\SNS\Zoology_and_Ecology\2013\habitat_complexity_mediates_predation_of_juvenile_abalone_by_starfish_2013.pdf,"ino, weremore, taputeranga, takami, ema, tarekena, paua, paine, notake, tare, raekaihau, kawamura, ina, kena"
1319,regional_patterns_of_mtdna_diversit_ in_styela_plicata_an_invasive_ascidian_from_australian_and_new_zealand_marinas_2013.pdf,SNS,Zoology_and_Ecology,2013,C:/Users/vwan118/Documents/MaoriStudy/CoS-Merged\SNS\Zoology_and_Ecology\2013\regional_patterns_of_mtdna_diversit_ in_styela_plicata_an_invasive_ascidian_from_australian_and_new_zealand_marinas_2013.pdf,"miura, whangarei, pone"
1320,relatedness_affects_the_density_distribution_and_phenotype_of_colonisers_in_four_sessile_marine_2013.pdf,SNS,Zoology_and_Ecology,2013,C:/Users/vwan118/Documents/MaoriStudy/CoS-Merged\SNS\Zoology_and_Ecology\2013\relatedness_affects_the_density_distribution_and_phenotype_of_colonisers_in_four_sessile_marine_2013.pdf,"arawa, ngati, whakawe, oka, kotahitanga, iona, neritina"
1321,seascape_genetics_2013.pdf,SNS,Zoology_and_Ecology,2013,C:/Users/vwan118/Documents/MaoriStudy/CoS-Merged\SNS\Zoology_and_Ecology\2013\seascape_genetics_2013.pdf,"pani, patiria, ea, ona"
1322,taking_the_plunge_2013.pdf,SNS,Zoology_and_Ecology,2013,C:/Users/vwan118/Documents/MaoriStudy/CoS-Merged\SNS\Zoology_and_Ecology\2013\taking_the_plunge_2013.pdf,"mora, mitarai, orare"
1323,comparing_g_multivariate_analysis_of_genetic_variation_in_multiple_populations_2014.pdf,SNS,Zoology_and_Ecology,2014,C:/Users/vwan118/Documents/MaoriStudy/CoS-Merged\SNS\Zoology_and_Ecology\2014\comparing_g_multivariate_analysis_of_genetic_variation_in_multiple_populations_2014.pdf,"rana, popu, hine, rii"
1324,"evaluating_edge_of_range_genetic_patterns_for_tropical_echinoderms,_acanthaster_planci_and_tripneustes_gratilla_of_the_kermadec_islands_southwest_pacific_2014.pdf",SNS,Zoology_and_Ecology,2014,"C:/Users/vwan118/Documents/MaoriStudy/CoS-Merged\SNS\Zoology_and_Ecology\2014\evaluating_edge_of_range_genetic_patterns_for_tropical_echinoderms,_acanthaster_planci_and_tripneustes_gratilla_of_the_kermadec_islands_southwest_pacific_2014.pdf","ange, nerita, okinawa, paenga, ome, aini, ea, tiki, moorea, nario, oia, onga, ea, tamuranei, amuranei, motupore, mora, amoa, akai, hira, tamuranei, ture, rine, amaki, emerita, kiritimati"
1325,mechanisms_of_biotic_resistance_across_complex_life_cycles_2014.pdf,SNS,Zoology_and_Ecology,2014,C:/Users/vwan118/Documents/MaoriStudy/CoS-Merged\SNS\Zoology_and_Ecology\2014\mechanisms_of_biotic_resistance_across_complex_life_cycles_2014.pdf,"neritina, ano, hui"
1326,return_of_the_ghosts_of_dispersal_past_2014.pdf,SNS,Zoology_and_Ecology,2014,C:/Users/vwan118/Documents/MaoriStudy/CoS-Merged\SNS\Zoology_and_Ecology\2014\return_of_the_ghosts_of_dispersal_past_2014.pdf,"maritima, kapa, ara, ome, aini, tiki, tonga, romena, mitarai, popu, atema, onga, ea, motupore, amuranei, puta, mora, hao, renema, pone, ima, enema, mito, parame, rine, tonga"
1327,the_genetic_covariance_between_life_cyclestages_separated_by_metamorphosis_2014.pdf,SNS,Zoology_and_Ecology,2014,C:/Users/vwan118/Documents/MaoriStudy/CoS-Merged\SNS\Zoology_and_Ecology\2014\the_genetic_covariance_between_life_cyclestages_separated_by_metamorphosis_2014.pdf,"arawa, ute, hine, imitate, ngati, whakawe, rana, kotahitanga"
1328,latitude_wide_genetic_patterns_reveal_historical_effects_and_contrasting_patterns_of_turnover_and_nestedness_at_the_range_peripheries_of_a_tropical_marine_fish_2015.pdf,SNS,Zoology_and_Ecology,2015,C:/Users/vwan118/Documents/MaoriStudy/CoS-Merged\SNS\Zoology_and_Ecology\2015\latitude_wide_genetic_patterns_reveal_historical_effects_and_contrasting_patterns_of_turnover_and_nestedness_at_the_range_peripheries_of_a_tropical_marine_fish_2015.pdf,"iaa, tamura, ara"
1329,limited_scope_for_latitudinal_extension_of_reef_corals_2015.pdf,SNS,Zoology_and_Ecology,2015,C:/Users/vwan118/Documents/MaoriStudy/CoS-Merged\SNS\Zoology_and_Ecology\2015\limited_scope_for_latitudinal_extension_of_reef_corals_2015.pdf,nomura
1330,not_the_time_or_the_place_2015.pdf,SNS,Zoology_and_Ecology,2015,C:/Users/vwan118/Documents/MaoriStudy/CoS-Merged\SNS\Zoology_and_Ecology\2015\not_the_time_or_the_place_2015.pdf,"hira, miapa, ao, paenga, amaki, ina"
1331,scleractinian_corals_and_crown_of_thorns_seastars_of_the_kermadec_islands_2015.pdf,SNS,Zoology_and_Ecology,2015,C:/Users/vwan118/Documents/MaoriStudy/CoS-Merged\SNS\Zoology_and_Ecology\2015\scleractinian_corals_and_crown_of_thorns_seastars_of_the_kermadec_islands_2015.pdf,"tamaki, hira, paenga, tonga"
1332,simultaneous_estimation_of_additive_and_mutational_genetic_variance_in_an_outbred_population_of_drosophila_serrata_2015.pdf,SNS,Zoology_and_Ecology,2015,C:/Users/vwan118/Documents/MaoriStudy/CoS-Merged\SNS\Zoology_and_Ecology\2015\simultaneous_estimation_of_additive_and_mutational_genetic_variance_in_an_outbred_population_of_drosophila_serrata_2015.pdf,"kimura, hine, morikawa, ina, akaike, toro, ea"
1333,a_decade_of_seascape_genetics_2016.pdf,SNS,Zoology_and_Ecology,2016,C:/Users/vwan118/Documents/MaoriStudy/CoS-Merged\SNS\Zoology_and_Ecology\2016\a_decade_of_seascape_genetics_2016.pdf,"hake, ine, menge, mitarai, ano, okamura, arange, matawai, amarine, marinone, mita, hone, angio, hetero, ea, manoa"
1334,conflicts_in_some_of_the_world_harbours_2016.pdf,SNS,Zoology_and_Ecology,2016,C:/Users/vwan118/Documents/MaoriStudy/CoS-Merged\SNS\Zoology_and_Ecology\2016\conflicts_in_some_of_the_world_harbours_2016.pdf,"whenua, pii, heriati, karena, mei, ria, moananui, āti, meio, tangata, āori, mema, āmaki, moana, ātua, whenua, mana, toi, pari, hikuroa, ria, māori, kaitiaki, anu, iwi, timu, hauraki"
1335,diversification_across_a_heterogeneous_landscape_2016.pdf,SNS,Zoology_and_Ecology,2016,C:/Users/vwan118/Documents/MaoriStudy/CoS-Merged\SNS\Zoology_and_Ecology\2016\diversification_across_a_heterogeneous_landscape_2016.pdf,
1336,female_song_occurs_in_songbirds_with_more_elaborate_female_coloration_and_reduced_sexual_dichromatism_2016.pdf,SNS,Zoology_and_Ecology,2016,C:/Users/vwan118/Documents/MaoriStudy/CoS-Merged\SNS\Zoology_and_Ecology\2016\female_song_occurs_in_songbirds_with_more_elaborate_female_coloration_and_reduced_sexual_dichromatism_2016.pdf,"mari, omerie, mau, huma"
1337,genetic_compatibility_underlies_benefits_of_mate_choice_in_an_external_fertilizer_2016.pdf,SNS,Zoology_and_Ecology,2016,C:/Users/vwan118/Documents/MaoriStudy/CoS-Merged\SNS\Zoology_and_Ecology\2016\genetic_compatibility_underlies_benefits_of_mate_choice_in_an_external_fertilizer_2016.pdf,"aare, arawa, iare, ngati, whakawe, kotahitanga, pone"
1338,loved_to_pieces_2016.pdf,SNS,Zoology_and_Ecology,2016,C:/Users/vwan118/Documents/MaoriStudy/CoS-Merged\SNS\Zoology_and_Ecology\2016\loved_to_pieces_2016.pdf,"niwa, atua, hume, tikapa, aori, moana, amakipaengahira, kawharua, kaimoana, moananui, maungauika, mauri, waitemata, taipari, apuku, toa, waikato, kaipara, moana, kahawai, tane, tangata, taurangakaimai, whenua, tangatawhenua, mana, maramataka, makaurau, pari, tuangi, toi, taitimutaipari, taupo, okahu, whangarei, atauranga, rimu, marae, notake, taonga, waitangi, whatua, whanau, niwa, wairoa, angata, kawharu, iwi, manukau, whangaparaoa, kumu, akei, amaki, utai, timu, hauraki"
1339,loved_to_pieces_toward_the_sustainable_management_of_the_waitematā_harbour_and_hauraki_gulf_2016.pdf,SNS,Zoology_and_Ecology,2016,C:/Users/vwan118/Documents/MaoriStudy/CoS-Merged\SNS\Zoology_and_Ecology\2016\loved_to_pieces_toward_the_sustainable_management_of_the_waitematā_harbour_and_hauraki_gulf_2016.pdf,"amakimakaurau, niwa, atua, hume, tikapa, aori, moana, amakipaengahira, kaimoana, moananui, maungauika, mauri, waitemata, taipari, apuku, atoi, moana, kahawai, tane, whenua, tangatawhenua, mana, maramataka, timutaipari, tikapamoana, okahu, whangarei, atauranga, rimu, marae, taonga, whanau, niwa, wairoa, kawharu, iwi, akei, amaki, utai, hauraki"
1340,navigating_the_currents_of_seascape_genomics_2016.pdf,SNS,Zoology_and_Ecology,2016,C:/Users/vwan118/Documents/MaoriStudy/CoS-Merged\SNS\Zoology_and_Ecology\2016\navigating_the_currents_of_seascape_genomics_2016.pdf,"anemone, maio, hake, etopo, nee, ao, nga, topo, nongene, woa, ea, ona"
1341,quantitative_genetic_variation_comparing_patterns_of_2016_abstract.pdf,SNS,Zoology_and_Ecology,2016,C:/Users/vwan118/Documents/MaoriStudy/CoS-Merged\SNS\Zoology_and_Ecology\2016\quantitative_genetic_variation_comparing_patterns_of_2016_abstract.pdf,
1342,response_to_letter_regarding_limited_scope_for_latitudinal_extension_of_reef_corals_2016.pdf,SNS,Zoology_and_Ecology,2016,C:/Users/vwan118/Documents/MaoriStudy/CoS-Merged\SNS\Zoology_and_Ecology\2016\response_to_letter_regarding_limited_scope_for_latitudinal_extension_of_reef_corals_2016.pdf,pone
1343,seascape_features_rather_than_dispersal_traits_predict_spatial_genetic_patterns_in_co_distributed_reef_fishes_2016.pdf,SNS,Zoology_and_Ecology,2016,C:/Users/vwan118/Documents/MaoriStudy/CoS-Merged\SNS\Zoology_and_Ecology\2016\seascape_features_rather_than_dispersal_traits_predict_spatial_genetic_patterns_in_co_distributed_reef_fishes_2016.pdf,"mitarai, motupore, toha, manini, inape, paengahira, iaa, ina, puri, aini, tiki, atema, kokita, amaki, tonga"
1344,biodiversity_of_the_kermadec_islands_and_offshore_waters_of_the_kermadec_ridge_2017.pdf,SNS,Zoology_and_Ecology,2017,C:/Users/vwan118/Documents/MaoriStudy/CoS-Merged\SNS\Zoology_and_Ecology\2017\biodiversity_of_the_kermadec_islands_and_offshore_waters_of_the_kermadec_ridge_2017.pdf,"rangitahua, tangaroa"
1345,biodiversity_of_th_ kermadec_islands_and_offshore_waters_of_the_kermadec_ridge_2017.pdf,SNS,Zoology_and_Ecology,2017,C:/Users/vwan118/Documents/MaoriStudy/CoS-Merged\SNS\Zoology_and_Ecology\2017\biodiversity_of_th_ kermadec_islands_and_offshore_waters_of_the_kermadec_ridge_2017.pdf,"niwa, tongarewa, hime, maomao, oreo, imate, nerita, orakei, ria, anemone, pore, tangaroa, wha, moana, hapuku, aupouri, kuri, oha, uke, koha, rangitahua, ere, rature, ene, arine, katona, whatua, niwa, nume, maoria, ata, koha, arou, ite, retu, ngati, tarakihi, ture, mari, apia"
1346,cryptic_speciation_in_pan_tropical_sea_urchins_2017.pdf,SNS,Zoology_and_Ecology,2017,C:/Users/vwan118/Documents/MaoriStudy/CoS-Merged\SNS\Zoology_and_Ecology\2017\cryptic_speciation_in_pan_tropical_sea_urchins_2017.pdf,"topa, pore, araneae, hira, kimura, iwi, mooi, tinge, uehara, aupōuri, tamura, paenga, māori, tāmaki, kuri, ngāti, tonga"
1347,skelesim_2017.pdf,SNS,Zoology_and_Ecology,2017,C:/Users/vwan118/Documents/MaoriStudy/CoS-Merged\SNS\Zoology_and_Ecology\2017\skelesim_2017.pdf,tamara
1348,species_identity_and_depth_predict_bleaching_severity_in_reef-building_corals_2017.pdf,SNS,Zoology_and_Ecology,2017,C:/Users/vwan118/Documents/MaoriStudy/CoS-Merged\SNS\Zoology_and_Ecology\2017\species_identity_and_depth_predict_bleaching_severity_in_reef-building_corals_2017.pdf,"nakano, morita, nakamura, okinawa, pone, harii, moorea"
1349,the_short_lived_neon_damsel_pomacentrus_coelestis_2017.pdf,SNS,Zoology_and_Ecology,2017,C:/Users/vwan118/Documents/MaoriStudy/CoS-Merged\SNS\Zoology_and_Ecology\2017\the_short_lived_neon_damsel_pomacentrus_coelestis_2017.pdf,"oti, hira, hioki, paenga, atema, amaki"
1350,environmentally_induced_development_costs_underlie_fitness_tradeoffs_2018.pdf,SNS,Zoology_and_Ecology,2018,C:/Users/vwan118/Documents/MaoriStudy/CoS-Merged\SNS\Zoology_and_Ecology\2018\environmentally_induced_development_costs_underlie_fitness_tradeoffs_2018.pdf,"moreno, natu, iterature"
1351,evolution_of_genetic_variance_during_adaptive_radiation_2018.pdf,SNS,Zoology_and_Ecology,2018,C:/Users/vwan118/Documents/MaoriStudy/CoS-Merged\SNS\Zoology_and_Ecology\2018\evolution_of_genetic_variance_during_adaptive_radiation_2018.pdf,"ure, hine, enene, meana"
1352,genetic_diversity_and_connectivity_of_beveridge_reefs_marine_biodiversity_in_an_indo_pacific_wide_context_2018.pdf,SNS,Zoology_and_Ecology,2018,C:/Users/vwan118/Documents/MaoriStudy/CoS-Merged\SNS\Zoology_and_Ecology\2018\genetic_diversity_and_connectivity_of_beveridge_reefs_marine_biodiversity_in_an_indo_pacific_wide_context_2018.pdf,"arakaki, naipote, oteha, itaukei, ea, takahata, uehara, nakamura, moana, eme, rohe, tonga"
1353,larval_traits_show_temporally_consistent_constraints_but_are_decoupled_from_postsettlement_juvenile_growth_in_an_intertidal_fish_2018.pdf,SNS,Zoology_and_Ecology,2018,C:/Users/vwan118/Documents/MaoriStudy/CoS-Merged\SNS\Zoology_and_Ecology\2018\larval_traits_show_temporally_consistent_constraints_but_are_decoupled_from_postsettlement_juvenile_growth_in_an_intertidal_fish_2018.pdf,"kawai, rana, ture, ota, atema, pone, tanaka, nuria"
1354,an_integrated_pathway_for_building_regional_phylogenies_for_ecological_studies_2019.pdf,SNS,Zoology_and_Ecology,2019,C:/Users/vwan118/Documents/MaoriStudy/CoS-Merged\SNS\Zoology_and_Ecology\2019\an_integrated_pathway_for_building_regional_phylogenies_for_ecological_studies_2019.pdf,"tongarewa, amia, tepapa, arewa, eme, ure, paenga, eme, mau, ine, topo, tamura, mimoto, tāmaki, niwa, hira, ute, eme"
1355,changes_in_key_traits_versus_depth_and_latitude_suggest_energy_efficient_locomotion_opportunistic_feeding_and_light_lead_to_adaptive_morphologies_of_marine_fishes_2019.pdf,SNS,Zoology_and_Ecology,2019,C:/Users/vwan118/Documents/MaoriStudy/CoS-Merged\SNS\Zoology_and_Ecology\2019\changes_in_key_traits_versus_depth_and_latitude_suggest_energy_efficient_locomotion_opportunistic_feeding_and_light_lead_to_adaptive_morphologies_of_marine_fishes_2019.pdf,"whakatupu, tongarewa, ameri, rati, paenga, eme, mau, tana, toki, kaikōura, pūtea, rona, tāmaki, mea, pone, niwa, hira, manoeu, kawharu, ota, rine, otaa"
1356,connecting_genetic_incompatibilities_with_natural_selection_on_additive_genetic_variation_during_adaptive_radiation_2019.pdf,SNS,Zoology_and_Ecology,2019,C:/Users/vwan118/Documents/MaoriStudy/CoS-Merged\SNS\Zoology_and_Ecology\2019\connecting_genetic_incompatibilities_with_natural_selection_on_additive_genetic_variation_during_adaptive_radiation_2019.pdf,
1357,genetic_admixture_predicts_parasite_intensity_2019.pdf,SNS,Zoology_and_Ecology,2019,C:/Users/vwan118/Documents/MaoriStudy/CoS-Merged\SNS\Zoology_and_Ecology\2019\genetic_admixture_predicts_parasite_intensity_2019.pdf,"pupate, puparia, tame, ani, morine, kokanee, pupae, pone, kanani"
1358,local_adaptation_and_hybrid_failure_share_a_common_genetic_basis_2019.pdf,SNS,Zoology_and_Ecology,2019,C:/Users/vwan118/Documents/MaoriStudy/CoS-Merged\SNS\Zoology_and_Ecology\2019\local_adaptation_and_hybrid_failure_share_a_common_genetic_basis_2019.pdf,"eme, whe, iate"
1359,seascape_genomics_2019.pdf,SNS,Zoology_and_Ecology,2019,C:/Users/vwan118/Documents/MaoriStudy/CoS-Merged\SNS\Zoology_and_Ecology\2019\seascape_genomics_2019.pdf,"kania, morikawa, ono, ume, ome, puiu, maio, maho, ena, ero, romero, āmaki, romano, hawai, anemone, nakamura, arakaki, moana, atema, raina, ea, nana, aare, mora, nee, amo, amore, ionome, tanaka, hongo, ponge, hira, hore, nomurai, oke, takahara, nanaimo, araki, motomura, miao, anuario, rua, ionome, minamoto, okinawa, nome, rane, ea, anemone, mee, nana, wiehe, huo, uwe, miniata, kurihara, okuno, notake, kohara, eaa, aurita, hoarau, poore, pai, marinone, mairii, remi, eira, hoarau, tine, iramoana, pii, pani, hume, kimura, kone, ua, omori, nakano, notake, perini, paenga, kawamoto, mineta, anu, aurea, nomura, iuu, patiria, maarou, arai, tuna, irina, hake, heaa, ete, hou, karenina, mori, ema, puri, paire, roure, kainge, itou, romeroharo, moreira, mito, ropero, inamoto, muta, hirai, kitano, mariani, moura, toi, ooi, otu, nanopore, mau, minami, europaea, irina, toha, manipu, hamata, kinukawa, ārangi, ianora, toro, okano, pone, ata, heino, meri, ao, pita, rangia, kemena, neretina"
1360,the_molecular_biogeography_of_the_indo_pacific_2019.pdf,SNS,Zoology_and_Ecology,2019,C:/Users/vwan118/Documents/MaoriStudy/CoS-Merged\SNS\Zoology_and_Ecology\2019\the_molecular_biogeography_of_the_indo_pacific_2019.pdf,"nerita, paenga, kaneohe, kokita, tuna, amine, toha, mora, nerite, akaike, tāmaki, pone, manoa, hira, nui, kamira, mata, ture, rine, rapa"
1361,building_a_global_genomics_observatory_2020.pdf,SNS,Zoology_and_Ecology,2020,C:/Users/vwan118/Documents/MaoriStudy/CoS-Merged\SNS\Zoology_and_Ecology\2020\building_a_global_genomics_observatory_2020.pdf,"iramoana, ingone, tāonga, nationa, automati, maori, mau, anemone, moana, apārangi, ene, aotearoa, ome, mana, enome, māori, temanararaunga, rauranga, pati, tuākiri, mote, mānoa, hikurangi"
1362,genetic_diversity_targets_and_indicators_in_the_cbd_post_global_biodiversity_framework_must_be_improved_2020.pdf,SNS,Zoology_and_Ecology,2020,C:/Users/vwan118/Documents/MaoriStudy/CoS-Merged\SNS\Zoology_and_Ecology\2020\genetic_diversity_targets_and_indicators_in_the_cbd_post_global_biodiversity_framework_must_be_improved_2020.pdf,"aotearoa, tani, kimura, nemeta, neare, morikawa, naoki, neto"
1363,loss_of_ecologically_important_genetic_variation_in_late_generation_hybrids_reveals_links_between_adaptation_and_speciation_2020.pdf,SNS,Zoology_and_Ecology,2020,C:/Users/vwan118/Documents/MaoriStudy/CoS-Merged\SNS\Zoology_and_Ecology\2020\loss_of_ecologically_important_genetic_variation_in_late_generation_hybrids_reveals_links_between_adaptation_and_speciation_2020.pdf,"matute, hine"
1364,mares_a_replicable_pipeline_and_curated_reference_database_for_marine_eukaryote_metabarcoding_2020.pdf,SNS,Zoology_and_Ecology,2020,C:/Users/vwan118/Documents/MaoriStudy/CoS-Merged\SNS\Zoology_and_Ecology\2020\mares_a_replicable_pipeline_and_curated_reference_database_for_marine_eukaryote_metabarcoding_2020.pdf,"nanopore, otu, apārangi, pone"
1365,natural_history_footage_provides_new_reef_fish_biodiversity_information_for_a_pristine_but_rarely_visited_archipelago_2020.pdf,SNS,Zoology_and_Ecology,2020,C:/Users/vwan118/Documents/MaoriStudy/CoS-Merged\SNS\Zoology_and_Ecology\2020\natural_history_footage_provides_new_reef_fish_biodiversity_information_for_a_pristine_but_rarely_visited_archipelago_2020.pdf,"rangitāhua, tongarewa, kina, tepapa, maomao, paenga, rapanui, rangitāhu, ngāti, kuri, whenua, mana, mora, māori, notake, amano, tāmaki, tahiti, hira, iwi, epi, tonga"
1366,phylogenetic_measures_reveal_eco_evolutionary_drivers_of_biodiversity_along_a_depth_gradient_2020.pdf,SNS,Zoology_and_Ecology,2020,C:/Users/vwan118/Documents/MaoriStudy/CoS-Merged\SNS\Zoology_and_Ecology\2020\phylogenetic_measures_reveal_eco_evolutionary_drivers_of_biodiversity_along_a_depth_gradient_2020.pdf,"niwa, ōura, oae, tongarewa, hira, rangitahua, eme, āmaki, ota, paenga, eii, mea, peri, eme, mau"
1367,post_goals_overlook_genetic_diversity_2020.pdf,SNS,Zoology_and_Ecology,2020,C:/Users/vwan118/Documents/MaoriStudy/CoS-Merged\SNS\Zoology_and_Ecology\2020\post_goals_overlook_genetic_diversity_2020.pdf,noma
1368,authors_reply_to_letter_to_the_editor_continued_improvement_to_genetic_diversity_indicator_for_cbd_2021.pdf,SNS,Zoology_and_Ecology,2021,C:/Users/vwan118/Documents/MaoriStudy/CoS-Merged\SNS\Zoology_and_Ecology\2021\authors_reply_to_letter_to_the_editor_continued_improvement_to_genetic_diversity_indicator_for_cbd_2021.pdf,"anu, noma, popu"
1369,a_global_analysis_of_complexity–biodiversity_relationships_on_marine_artificial_structures_2021.pdf,SNS,Zoology_and_Ecology,2021,C:/Users/vwan118/Documents/MaoriStudy/CoS-Merged\SNS\Zoology_and_Ecology\2021\a_global_analysis_of_complexity–biodiversity_relationships_on_marine_artificial_structures_2021.pdf,"rina, menge, perate, moreira, engi, hauraki, ema, uo, naimo, ture, hui, arate, waitematā, maritina, rine, pone, neto"
1370,creating_space_for_indigenous_perspectives_on_access_and_benefit_sharing_2021.pdf,SNS,Zoology_and_Ecology,2021,C:/Users/vwan118/Documents/MaoriStudy/CoS-Merged\SNS\Zoology_and_Ecology\2021\creating_space_for_indigenous_perspectives_on_access_and_benefit_sharing_2021.pdf,"tāonga, aotea, maori, iramo, mau, roa, raraunga, kotahi, arara, ori, rainie, waikato, kukutai, moana, apārangi, aotearoa, mana, māori, ue, māui, tuākiri, aika, unga"
1371,functional_beta_diversity_of_new_zealand_fishes_2021.pdf,SNS,Zoology_and_Ecology,2021,C:/Users/vwan118/Documents/MaoriStudy/CoS-Merged\SNS\Zoology_and_Ecology\2021\functional_beta_diversity_of_new_zealand_fishes_2021.pdf,"whakatupu, tongarewa, eme, utea, paenga, eme, mau, whakaari, rona, arangi, iiii, hira, oura, papatongarewa, ahua, kawharu, ota, amaki"
1372,genetic_and_phenotypic_variation_exhibit_both_predictable_and_stochastic_patterns_across_an_intertidal_fish_metapopulation_2021.pdf,SNS,Zoology_and_Ecology,2021,C:/Users/vwan118/Documents/MaoriStudy/CoS-Merged\SNS\Zoology_and_Ecology\2021\genetic_and_phenotypic_variation_exhibit_both_predictable_and_stochastic_patterns_across_an_intertidal_fish_metapopulation_2021.pdf,"ene, tuomi, mitarai, atema, pāroko, ite, ime, oke, ike, niemi, okinawa, ture, metapopu, enome, rine, maruki, anote"
1373,high_functional_diversity_in_deep_sea_fish_communities_and_increasing_intraspecific_trait_variation_with_increasing_latitude_2021.pdf,SNS,Zoology_and_Ecology,2021,C:/Users/vwan118/Documents/MaoriStudy/CoS-Merged\SNS\Zoology_and_Ecology\2021\high_functional_diversity_in_deep_sea_fish_communities_and_increasing_intraspecific_trait_variation_with_increasing_latitude_2021.pdf,"rangitāhua, whakatupu, tongarewa, reu, ume, paenga, ara, morato, morueta, eme, mau, whakaari, kaikōura, pūtea, ani, penone, rona, otero, tuna, tāmaki, mea, pone, niwa, hira, kawharu, ota, paine"
1374,high_regional_and_intrageneric_variation_in_susceptibility_to_mass_bleaching_in_indo_pacific_coral_species_2021.pdf,SNS,Zoology_and_Ecology,2021,C:/Users/vwan118/Documents/MaoriStudy/CoS-Merged\SNS\Zoology_and_Ecology\2021\high_regional_and_intrageneric_variation_in_susceptibility_to_mass_bleaching_in_indo_pacific_coral_species_2021.pdf,"perature, taira, kuo, romero, nakano, maina, huanga, pone, harii, moorea"
1375,introduced_alien_range_extension_or_just_visiting_2021.pdf,SNS,Zoology_and_Ecology,2021,C:/Users/vwan118/Documents/MaoriStudy/CoS-Merged\SNS\Zoology_and_Ecology\2021\introduced_alien_range_extension_or_just_visiting_2021.pdf,"rangitāhua, tongarewa, waite, eaai, ure, paenga, ara, mau, aai, teo, nakamura, moki, keane, tuna, aotearoa, komeno, tāmaki, pone, mahimahi, hira, atawhai, poore, ture, wahoo, rine"
1376,metabarcoding_hyperdiverse_kelp_holdfast_communities_on_temperate_reefs_2021.pdf,SNS,Zoology_and_Ecology,2021,C:/Users/vwan118/Documents/MaoriStudy/CoS-Merged\SNS\Zoology_and_Ecology\2021\metabarcoding_hyperdiverse_kelp_holdfast_communities_on_temperate_reefs_2021.pdf,"mariani, moni, wainio, otu, mau, morini, nuri, romero, nakamura, ani, perate, apārangi, ote, nute, okamoto, aimee, puri, pone, poore, mito, ture, rine"
1377,morphological_and_genetic_divergence_supports_peripheral_endemism_and_a_recent_evolutionary_history_of_chrysiptera_demoiselles_in_the_subtropical_south_pacific_2021.pdf,SNS,Zoology_and_Ecology,2021,C:/Users/vwan118/Documents/MaoriStudy/CoS-Merged\SNS\Zoology_and_Ecology\2021\morphological_and_genetic_divergence_supports_peripheral_endemism_and_a_recent_evolutionary_history_of_chrysiptera_demoiselles_in_the_subtropical_south_pacific_2021.pdf,"rangitāhua, iramoana, akapu, tepano, nae, anakana, paenga, eme, rapanui, nga, mau, motu, nore, motiro, rirapa, maki, iti, ori, tuki, noti, moana, kuri, whenua, mana, aotearoa, mora, rangitahua, mana, tamura, tautara, puri, rapanui, rangita, tahai, nui, hira, iwi, rapu, rotenone, rapa, tonga"
1378,opportunities_and_challenges_of_macrogenetic_studies_2021.pdf,SNS,Zoology_and_Ecology,2021,C:/Users/vwan118/Documents/MaoriStudy/CoS-Merged\SNS\Zoology_and_Ecology\2021\opportunities_and_challenges_of_macrogenetic_studies_2021.pdf,"ree, ara, rupene, kimura, naro, aoki, aotearoa, mau"
1379,poor_data_stewardship_will_hinder_global_genetic_diversity_surveillance_2021.pdf,SNS,Zoology_and_Ecology,2021,C:/Users/vwan118/Documents/MaoriStudy/CoS-Merged\SNS\Zoology_and_Ecology\2021\poor_data_stewardship_will_hinder_global_genetic_diversity_surveillance_2021.pdf,"anoa, mimura, hawai"
1380,social_environment_mediates_habitat_shifts_in_a_range_restricted_giant_limpet_2021.pdf,SNS,Zoology_and_Ecology,2021,C:/Users/vwan118/Documents/MaoriStudy/CoS-Merged\SNS\Zoology_and_Ecology\2021\social_environment_mediates_habitat_shifts_in_a_range_restricted_giant_limpet_2021.pdf,"rangitāhua, neto, hira, aotearoa, momota, popu, ieno, māoriiwi, paenga, ture, tāmaki, manawhenua, ngāti, kuri"
1381,the_contribution_of_mutation_and_selection_to_multivariate_quantitative_genetic_variance_in_an_outbred_population_of_drosophila_serrata_2021.pdf,SNS,Zoology_and_Ecology,2021,C:/Users/vwan118/Documents/MaoriStudy/CoS-Merged\SNS\Zoology_and_Ecology\2021\the_contribution_of_mutation_and_selection_to_multivariate_quantitative_genetic_variance_in_an_outbred_population_of_drosophila_serrata_2021.pdf,"tarone, hine, nare, morikawa, toro, muta, hinea"
1382,the_ira_moana_project_2021.pdf,SNS,Zoology_and_Ecology,2021,C:/Users/vwan118/Documents/MaoriStudy/CoS-Merged\SNS\Zoology_and_Ecology\2021\the_ira_moana_project_2021.pdf,"mariani, iramoana, waite, aori, mau, raraunga, taiao, mimura, ao, moana, araki, aotearoa, arangi, wai, amatoukaupapa, mana, temanararaunga, repo, ahara, pone, kaitiaki, rupene, aika, iwi, teaomaori, wai"
1383,the_population_genetic_structure_of_the_urchin_centrostephanus_rodgersii_in_new_zealand_with_links_to_australia_2021.pdf,SNS,Zoology_and_Ecology,2021,C:/Users/vwan118/Documents/MaoriStudy/CoS-Merged\SNS\Zoology_and_Ecology\2021\the_population_genetic_structure_of_the_urchin_centrostephanus_rodgersii_in_new_zealand_with_links_to_australia_2021.pdf,"rangitāhua, tongarewa, tania, kāi, kimura, nerita, paenga, ara, ngāi, iramo, mokohinau, aai, whakaari, eeai, tangaroa, komite, moana, ngāti, manawatāwhi, whenua, kuri, mana, aotearoa, māori, taa, tāmaki, puia, pone, niwa, hira, iwi, tahu, oke, rakahau, ngātiwai"
1384,using_qualitative_data_to_classify_reef_fishes_into_dietary_guilds_2021.pdf,SNS,Zoology_and_Ecology,2021,C:/Users/vwan118/Documents/MaoriStudy/CoS-Merged\SNS\Zoology_and_Ecology\2021\using_qualitative_data_to_classify_reef_fishes_into_dietary_guilds_2021.pdf,"ahua, iota, awhi, enumerate, paine, eme, wehope"
1385,a_piece_of_the_puzzle_2022.pdf,SNS,Zoology_and_Ecology,2022,C:/Users/vwan118/Documents/MaoriStudy/CoS-Merged\SNS\Zoology_and_Ecology\2022\a_piece_of_the_puzzle_2022.pdf,"rangitāhua, aroha, kāhui, tātaritanga, wai, pūmau, whakaahua, wahi, kerekere, moana, haua, ramari, taranaki, ōwehenga, naki, awa, mōhiohio, wāhi, maha, mihi, whetu, kē, nui, kitea, kaupokonui, apārangi, tekau, tū, aotearoa, hiranga, tukua, whitu, ahakoa, kanoirite, hira, piki, anake, amano, mea, rerenga, hori, pūtaiao, noho, ahopae, kī, mahana, pūkete, tētahi, arā, ake, rēkohu, anō, noa, whakahōhonu, ao, rāua, hei, mō, nama, tūtuki, moananuiakiwa, tokerau, engari, reo, hoki, pā, kaikoura, kaikōura, tiaki, mātauranga, tuatahi, kete, tino, hūrae, rerekētanga, puta, whakahahaki, hapū, māmā, pāea, inarā, kāore, kararehe, kōtahi, reinga, papatowai, eti, kaiwhakairo, tahi, tokerau, kohi, tua, kōura, parata, pātai, ahakoa, ritenga, raro, ara, mokorea, raumati, toro, whānui, maori, kua, āpiti, toru, hinemoana, tangaroa, waka, kāinga, riterite, whakawhiti, ao, ētahi, whakamānu, ngāti, kōtuku, ōrite, taurawhi, nāna, nganguia, kaha, whanaungatanga, whānau, tānemahuta, tuhinga, iwi, pounamu, momo, aarahi, hou, tihi, pae, ano, waro, whakairo, hohaia, wā, uta, rapu, mātou, tonu, rangahau, rakiura, mei, koni, kei, tauihuotewaka, koura, whaowhia, topo, hauota, haerenga, whakaahuatia, kāore, aweawe, tō, tātou, nō, āheinga, orua, wai, parāoa, māori, whakarāpopoto, taonga, rerekē, heoi, hune, niwa, whakapapa, atawhai, mahi, whakatere, hoki, māurumātonga, uwha, tini"
1386,balancing_openness_with_indigenous_data_sovereignty_2022.pdf,SNS,Zoology_and_Ecology,2022,C:/Users/vwan118/Documents/MaoriStudy/CoS-Merged\SNS\Zoology_and_Ecology\2022\balancing_openness_with_indigenous_data_sovereignty_2022.pdf,"iramoana, wai, mutu, okune, aori, tenei, pangenome, maori, mau, mata, rami, raraunga, kotahi, waikato, kukutai, akiri, moana, anu, aotearoa, aruhomukama, arangi, atauranga, mana, temanararaunga, rauranga, waitangi, aonga, eea, anu, enei, wingara, waikato, wai"
1387,comparative_phylogeography_in_the_genomic_age_2022.pdf,SNS,Zoology_and_Ecology,2022,C:/Users/vwan118/Documents/MaoriStudy/CoS-Merged\SNS\Zoology_and_Ecology\2022\comparative_phylogeography_in_the_genomic_age_2022.pdf,"hao, puta, ero, kimura, popu, howea, rine, mātuatua, mita, rapu, waikato, ture, waikato, peona, moana, moreno, pati"
1388,global _genetic_diversity_status_and_trends_2022.pdf,SNS,Zoology_and_Ecology,2022,C:/Users/vwan118/Documents/MaoriStudy/CoS-Merged\SNS\Zoology_and_Ecology\2022\global _genetic_diversity_status_and_trends_2022.pdf,"iramoana, nanopore, kimura, ao, nanopore, ea, ina, tomake, arora, topereira, mimura, hui, moana, moreno, rohe, aotearoa, paupe, mori, ree, iina, aika, matute, araki, pita"
1389,metabarcoding_hyperdiverse_kelp_holdfast_communities_on_temperate_reefs_2022.pdf,SNS,Zoology_and_Ecology,2022,C:/Users/vwan118/Documents/MaoriStudy/CoS-Merged\SNS\Zoology_and_Ecology\2022\metabarcoding_hyperdiverse_kelp_holdfast_communities_on_temperate_reefs_2022.pdf,"mariani, moni, wainio, otu, mau, morini, nuri, romero, nakamura, ani, perate, apārangi, ote, nute, okamoto, aimee, puri, pone, poore, mito, ture, rine"
1390,molecular_phylogenetics_reveals_the_evolutionary_history_of_marine_fishes_endemic_to_the_subtropical_islands_of_the_southwest_pacific_2022.pdf,SNS,Zoology_and_Ecology,2022,C:/Users/vwan118/Documents/MaoriStudy/CoS-Merged\SNS\Zoology_and_Ecology\2022\molecular_phylogenetics_reveals_the_evolutionary_history_of_marine_fishes_endemic_to_the_subtropical_islands_of_the_southwest_pacific_2022.pdf,"tongarewa, mamatapara, itoi, waite, tepapa, itoui, maomao, morone, paenga, matatakaro, katoi, eme, rapanui, mau, kene, maio, kuma, moki, minima, renema, kahawai, pino, kuri, whenua, mana, aotearoa, pori, notata, mana, toma, porae, kahawai, hira, nui, iwi, hiwihiwi, tarakihi, rapu, motomura, rapa, tonga"
1391,morphological_and_genetic_divergence_supports_peripheral_endemism_and_a_recent_evolutionary_history_of_chrysiptera_demoiselles_in_the_subtropical_south_pacific_2022.pdf,SNS,Zoology_and_Ecology,2022,C:/Users/vwan118/Documents/MaoriStudy/CoS-Merged\SNS\Zoology_and_Ecology\2022\morphological_and_genetic_divergence_supports_peripheral_endemism_and_a_recent_evolutionary_history_of_chrysiptera_demoiselles_in_the_subtropical_south_pacific_2022.pdf,"rangitāhua, iramoana, akapu, tepano, nae, anakana, paenga, eme, rapanui, nga, mau, motu, nore, motiro, rirapa, maki, iti, ori, tuki, noti, moana, kuri, whenua, mana, aotearoa, mora, rangitahua, mana, tamura, tautara, puri, rapanui, rangita, tahai, nui, hira, iwi, rapu, rotenone, rapa, tonga"
1392,the_future_of_molecular_ecology_in_aotearoa_new_zealand_2022.pdf,SNS,Zoology_and_Ecology,2022,C:/Users/vwan118/Documents/MaoriStudy/CoS-Merged\SNS\Zoology_and_Ecology\2022\the_future_of_molecular_ecology_in_aotearoa_new_zealand_2022.pdf,"ātauranga, wai, teaika, ūtaiao, tauwhare, rati, kōtahi, mātauranga, nohonga, taonga, ena, ākāpo, ōhea, takirua, teao, taiao, mika, aronga, ātanga, āui, moana, moewaka, aotearoa, rauikamangai, uerata, āwhi, tiriti, rewarewa, tipenematua, tiriti, temanararaunga, repo, āonga, toi, kei, rupene, ānauaapanui, tika, ākāpō, pū, paine, whakatutuki, whare, āti, pito, maori, tepaetawhiti, reo, rangatiratanga, taane, hoki, raraunga, tangata, āori, toki, ori, tino, taitokerau, kaitohutohu, hapū, matua, kaitiaki, nanga, reihana, waitangi, inaotearoa, kaitiaki, ūahu, ōpū, iramoana, hue, ānau, teaomaori, parata, whaanga, ara, pae, iramoana, nanopore, ūroa, ara, kawamoto, piritoka, ao, hui, ānuka, ūtahitanga, ngāti, ūwharetoa, whenua, mana, amatoukaupapa, mana, kani, epaa, iwi, watene, kaihoro, ākuku, tikanga, kaupapa, wā, ānanga, taketake, naepi, tauranga, rangahau, hone, rauika, ekaterina, mau, mata, ītaiao, kotahi, waikato, kukutai, porou, īkina, tangata, kuri, kaupapa, āitai, tika, orokohanga, wai, wehi, rangahau, ārangi, whitinga, māori, taonga, tua, pirimia, āngai, whakapapa, atawhai, āua, rākau, mānuka, āramatanga"
