term,corpus_count,School,Field,Year,PDF,left_context,matched_term,right_context
ere,72,SBE,Building_Technology,2014,a_humanoid_robot_for_research_into_kicking_rugby_balls_2014.pdf,gauge The solenoid valves w,ere,provided by SMC Corporation of
tamura,31,SBE,Building_Technology,2014,a_humanoid_robot_for_research_into_kicking_rugby_balls_2014.pdf,2 13 4 Ha I,Tamura,Y Asama H Han J
automa,17,SBE,Building_Technology,2014,a_humanoid_robot_for_research_into_kicking_rugby_balls_2014.pdf,International Conference on Robotics and,Automa,tion 21 27 May Aichi
reneke,28,SBE,Building_Technology,2014,data_collection_approaches_for_the_study_of_the_decision_making_process_in_fire_evacuations_2014.pdf,Kinateder E Kuligowski P A,Reneke,R D Peacock A Review
ere,72,SBE,Building_Technology,2014,occupants_perspectives_of_a_five_green_star_certified_school_building_2014.pdf,Workspace design and management w,ere,generally satisfactory Jamaludin et al
automata,36,SBE,Building_Technology,2014,the_role_of_herding_behaviour_in_exit_choice_during_evacuation_2014.pdf,several approaches which include cellular,automata,models lattice gas models social
reneke,28,SBE,Building_Technology,2014,the_role_of_herding_behaviour_in_exit_choice_during_evacuation_2014.pdf,19 3 030501 Ronchi E,Reneke,P A and Peacock R
ea,228,SBE,Building_Technology,2014,the_validation_of_evacuation_simulation_models_through_the_analysis_of_behavioural_uncertainty_2014.pdf,t1 t2 tk tn b,ea,n ndimensional vector which represents
automata,36,SBE,Building_Technology,2014,the_validation_of_evacuation_simulation_models_through_the_analysis_of_behavioural_uncertainty_2014.pdf,and their implications for cellular,automata,models In Timmermans H editor
reneke,28,SBE,Building_Technology,2014,the_validation_of_evacuation_simulation_models_through_the_analysis_of_behavioural_uncertainty_2014.pdf,471 80 11 Ronchi E,Reneke,PA Peacock RD A method
iare,28,SBE,Building_Technology,2014,the_validation_of_evacuation_simulation_models_through_the_analysis_of_behavioural_uncertainty_2014.pdf,simulated series ERDS iand EPCS,iare,normally distributed Thus 2 sample
reneke,28,SBE,Building_Technology,2015,a_mixed_ordered_approach_to_investigate_correlations_among_different_affordances_in_fire_evacuation_2015.pdf,Evaluation 2015 12 Ronchi E,Reneke,P A Peacock R D
automata,36,SBE,Building_Technology,2015,a_model_of_the_decision_making_process_during_pre_evacuation_2015.pdf,rise building evacuation with cellular,automata,approaches Autom Constr 17 2008
reneke,28,SBE,Building_Technology,2015,a_model_of_the_decision_making_process_during_pre_evacuation_2015.pdf,inspired by those proposed by,Reneke,17 namely normal in vestigating
automata,36,SBE,Building_Technology,2015,calibrating_floor_field_cellular_automaton_models_for_pedestrian_dynamics_by_using_likelihood_function_optimization_2015.pdf,network models e g cellular,automata,11 etc There is not
ture,73,SBE,Building_Technology,2015,the_need_of_latent_variables_for_modelling_decision_making_in_evacuation_simulations_2015.pdf,also known in the litera,ture,with different names i e
automata,36,SBE,Building_Technology,2015,the_need_of_latent_variables_for_modelling_decision_making_in_evacuation_simulations_2015.pdf,g floo r field cellular,automata,model physical force based models
teo,33,SBE,Building_Technology,2015,the_need_of_latent_variables_for_modelling_decision_making_in_evacuation_simulations_2015.pdf,x 48 J S E,Teo,J D Schmöcker F Leon
nee,29,SBE,Building_Technology,2015,the_need_of_latent_variables_for_modelling_decision_making_in_evacuation_simulations_2015.pdf,All the pos sible approaches,nee,d to ensure that the
ao,66,SBE,Building_Technology,2016,affordance-based_evaluation_of_signage_design_for_areas_of_refuge_2016.pdf,Cognitive Affordance Having sensed the,Ao,R signage system an individual
ame,25,SBE,Building_Technology,2016,affordance-based_evaluation_of_signage_design_for_areas_of_refuge_2016.pdf,P eople a serious g,ame,platf orm f or inf
pone,117,SBE,Building_Technology,2016,a_dynamic_approach_for_the_impact_of_a_toxic_gas_dispersion_hazard_considering_human_behaviour_and_dispersion_modelling_2016.pdf,doi org 10 1371 journal,pone,0020139 35 G Maragkos T
uo,26,SBE,Building_Technology,2016,a_mixed_logit_model_for_predicting_exit_choice_during_building_evacuations_2016.pdf,exit choice Huang and G,uo,10 propose d a multinomial
rahouti,29,SBE,Building_Technology,2016,a_sensitivity_analysis_of_a_hospital_evacuation_in_case_of_fire_2016.pdf,o occupant s ratio Anass,Rahouti,Selim Datoussaïd and Ruggiero Lovreglio
ata,52,SBE,Building_Technology,2016,a_study_of_herding_behaviour_in_exit_choice_during_emergencies_based_on_random_utility_theory_2016.pdf,choice model using this d,ata,is proposed in Lovreglio Borri
toa,25,SBE,Building_Technology,2016,a_virtual_reality_experiment_on_flashing_lights_at_emergency_exit_portals_for_road_tunnel_evacuation_2016.pdf,on the theory of aﬀordances,ToA,17 19 The theory of
rahouti,29,SBE,Building_Technology,2017,an_immersive_serious_game_for_firefighting_and_evacuation_training_in_healthcare_facilities_2017.pdf,little evidence of their A,Rahouti,is with the Civil Engineering
inoue,26,SBE,Building_Technology,2017,an_immersive_serious_game_for_firefighting_and_evacuation_training_in_healthcare_facilities_2017.pdf,EFERENCES 1 H Mitsuhara T,Inoue,K Yamaguchi Y Takechi M
noti,71,SBE,Building_Technology,2017,dissuasive_exit_signage_for_building_fire_evacuation_2017.pdf,of the questionnaire study were,noti,ﬁed of their right to
hou,90,SBE,Building_Technology,2017,perivascular_spaces_segmentation_in_brain_mri_using_optimal_3d_filtering_2017.pdf,134 223 235 2016 16,Hou,Y et al Enhancement of
rahouti,29,SBE,Building_Technology,2017,simulating_assisted_evacuation_using_unity3d_2017.pdf,Assisted Evacuation Using Unity3D Anass,Rahouti,Ruggiero Lovreglio Charitha Dias and
ea,228,SBE,Building_Technology,2017,the_need_for_enhancing_earthquake_evacuee_safety_by_using_virtual_reality_serious_games_2017.pdf,of the 2010 2012 Canterbury,ea,rthquake sequence New Zealand Journal
ture,73,SBE,Building_Technology,2017,the_need_for_enhancing_earthquake_evacuee_safety_by_using_virtual_reality_serious_games_2017.pdf,using VR SGs Finally fu,ture,studies need to answer several
mea,43,SBE,Building_Technology,2017,the_need_for_enhancing_earthquake_evacuee_safety_by_using_virtual_reality_serious_games_2017.pdf,SGs How can we effectively,mea,sure behavioral impacts and learning
whi,30,SBE,Building_Technology,2017,the_need_for_enhancing_earthquake_evacuee_safety_by_using_virtual_reality_serious_games_2017.pdf,constitute an earthquake event b,whi,ch types of buildings are
ao,66,SBE,Building_Technology,2018,a_review_2018.pdf,04 009 Jung T Z,ao,J Chang H 2016 Augmenting
kuo,37,SBE,Building_Technology,2018,a_review_2018.pdf,AEC industry Dun ston 2008,Kuo,Jeng and Yang 2013 stated
niu,34,SBE,Building_Technology,2018,a_review_2018.pdf,X Li M Li W,Niu,L Xian B Zeng M
kimura,37,SBE,Building_Technology,2018,calibrating_cellular_automaton_models_for_pedestrians_walking_through_corners_2018.pdf,2009 32 D Yanagisawa A,Kimura,A Tomoeda R Nishi Y
ere,72,SBE,Building_Technology,2018,immersive_virtual_reality_serious_games_for_evacuation_training_and_research_2018.pdf,were excluded if there w,ere,no IVR SG based evacuation
eme,33,SBE,Building_Technology,2018,immersive_virtual_reality_serious_games_for_evacuation_training_and_research_2018.pdf,Serious Game Techniques to Simulate,Eme,rgency Situations GeoInfo 121 182
pape,18,SBE,Building_Technology,2018,immersive_virtual_reality_serious_games_for_evacuation_training_and_research_2018.pdf,the literature In the reviewed,pape,rs both teaching methods were
tanaka,65,SBE,Building_Technology,2018,investigating_pedestrian_navigation_in_indoor_open_space_environments_using_big_data_2018.pdf,M Asano M Kuwahara S,Tanaka,Multi directional pedestrian ﬂow model
ata,52,SBE,Building_Technology,2018,people_choice_modelling_for_evacuation_of_tall_buildings_2018.pdf,decide to observe the situation,ata,lift lobby and those who
ine,66,SBE,Building_Technology,2018,prototyping_virtual_reality_serious_games_for_earthquake_preparedness_2018.pdf,2 show s the pipel,ine,described in this paragraph Figure
ome,44,SBE,Building_Technology,2018,prototyping_virtual_reality_serious_games_for_earthquake_preparedness_2018.pdf,when their equilibrium conditions bec,ome,unstable Figure 5 Earthquake force
aei,43,SBE,Building_Technology,2018,prototyping_virtual_reality_serious_games_for_earthquake_preparedness_2018.pdf,611 doi 10 1016 j,aei,2011 08 001 19 L
māori,41,SBE,Building_Technology,2018,prototyping_virtual_reality_serious_games_for_earthquake_preparedness_2018.pdf,African Asian European Latin American,Māori,Middle Eastern Other Ethnicity Medical
rahouti,29,SBE,Building_Technology,2018,prototyping_virtual_reality_serious_games_for_earthquake_preparedness_2018.pdf,TVCG 2015 2391853 20 A,Rahouti,G Salze R Lovreglio S
roa,16,SBE,Building_Technology,2018,prototyping_virtual_reality_serious_games_for_earthquake_preparedness_2018.pdf,at emergency exit portals for,roa,d tunnel evacuation Fire Technol
ite,28,SBE,Building_Technology,2018,queue_formation_and_evacuation_modelling_in_road_tunnels_during_fires_2018.pdf,Institute of Trans portation Engineers,ITE,Journal 59 3 19 21
hou,90,SBE,Building_Technology,2019,a_modelling_framework_for_householder_decision_making_for_wildfire_emergencies_2019.pdf,connects external physical conditions with,hou,seholder decision making and their
ome,44,SBE,Building_Technology,2019,a_modelling_framework_for_householder_decision_making_for_wildfire_emergencies_2019.pdf,challenges in determining the outc,ome,of an wildfire incident is
ue,43,SBE,Building_Technology,2019,a_modelling_framework_for_householder_decision_making_for_wildfire_emergencies_2019.pdf,5 This is likely d,ue,to the lack of a
pii,35,SBE,Building_Technology,2019,a_modelling_framework_for_householder_decision_making_for_wildfire_emergencies_2019.pdf,Kuligowski S Gwynne K Strahan,PII,S2212 4209 19 30041 X
ime,21,SBE,Building_Technology,2019,a_modelling_framework_for_householder_decision_making_for_wildfire_emergencies_2019.pdf,to leave and the t,ime,to start leaving Most wildfire
pone,117,SBE,Building_Technology,2019,computational_quantification_of_brain_perivascular_space_morphologies_2019.pdf,8 doi 10 1371 journal,pone,0105505 Zhu Y C Tzourio
ure,78,SBE,Building_Technology,2019,computational_quantification_of_brain_perivascular_space_morphologies_2019.pdf,native T2w space INSERT FIG,URE,1 ABOUT HERE INSERT FIGURE
ere,72,SBE,Building_Technology,2019,computational_quantification_of_brain_perivascular_space_morphologies_2019.pdf,computational PVS segmentation data w,ere,younger by average 51 days
ome,44,SBE,Building_Technology,2019,computational_quantification_of_brain_perivascular_space_morphologies_2019.pdf,harmonization This study has s,ome,limitations The visual rating puts
akaike,43,SBE,Building_Technology,2019,computational_quantification_of_brain_perivascular_space_morphologies_2019.pdf,evaluate the models using the,Akaike,and Bayesian Information Criterion AIC
pii,35,SBE,Building_Technology,2019,computational_quantification_of_brain_perivascular_space_morphologies_2019.pdf,Ian J Deary Joanna Wardlaw,PII,S2213 1582 19 30467 X
neto,20,SBE,Building_Technology,2019,computational_quantification_of_brain_perivascular_space_morphologies_2019.pdf,as per Ferrari and Cribari,Neto,2004 where n is the
inoue,26,SBE,Building_Technology,2019,prediction_of_kiwifruit_orchard_characteristics_from_satellite_images_2019.pdf,rice Tian et al 2005,Inoue,et al 2014 corn alfalfa
moreira,22,SBE,Building_Technology,2019,prediction_of_kiwifruit_orchard_characteristics_from_satellite_images_2019.pdf,3 161 171 Bernardes T,Moreira,M A Adami M Giarolla
aei,43,SBE,Building_Technology,2019,proposing_behavior_oriented_strategies_for_earthquake_emergency_evacuation_2019.pdf,doi 10 1 016 j,aei,2018 08 018 778 Lovreglio
eme,33,SBE,Building_Technology,2019,proposing_behavior_oriented_strategies_for_earthquake_emergency_evacuation_2019.pdf,improve existing behavioral models and,eme,rgency reaction theories On one
mora,33,SBE,Building_Technology,2019,proposing_behavior_oriented_strategies_for_earthquake_emergency_evacuation_2019.pdf,better emergency actions Kaigo 2012,Mora,et al 2015 This goal
inoue,26,SBE,Building_Technology,2019,proposing_behavior_oriented_strategies_for_earthquake_emergency_evacuation_2019.pdf,et al 2017 Ikeda and,Inoue,2016 Kaigo 20 12 Mora
ure,78,SBE,Building_Technology,2019,the_impact_of_sampling_methods_on_evacuation_model_convergence_and_egress_time_2019.pdf,to reach the criteria Fig,ure,7 illustrate s box plots
ture,73,SBE,Building_Technology,2019,the_impact_of_sampling_methods_on_evacuation_model_convergence_and_egress_time_2019.pdf,been raised in the litera,ture,31 32 regarding which sampling
kimura,37,SBE,Building_Technology,2019,the_impact_of_sampling_methods_on_evacuation_model_convergence_and_egress_time_2019.pdf,For instance the work by,Kimura,and Sime 36 in which
teo,33,SBE,Building_Technology,2019,the_impact_of_sampling_methods_on_evacuation_model_convergence_and_egress_time_2019.pdf,Ko M Spearpoi nt A,Teo,Trial evacuation of an industrial
ano,22,SBE,Building_Technology,2019,the_impact_of_sampling_methods_on_evacuation_model_convergence_and_egress_time_2019.pdf,the convergence criteria using an,ANO,VA test The effect size
ime,21,SBE,Building_Technology,2019,the_impact_of_sampling_methods_on_evacuation_model_convergence_and_egress_time_2019.pdf,Model Convergence and Egress T,ime,Article in Reliability Engineering Syst
ute,25,SBE,Building_Technology,2019,towards_microscopic_calibration_of_pedestrian_simulation_models_using_open_trajectory_data_sets_2019.pdf,Ben Song Massachuse tts Instit,ute,of T echnolog y 22
nakano,20,SBE,Building_Technology,2019,towards_microscopic_calibration_of_pedestrian_simulation_models_using_open_trajectory_data_sets_2019.pdf,Iryo Asano M Shimono K,Nakano,K Calibration of a social
ere,72,SBE,Building_Technology,2020,an_immersive_virtual_reality_serious_game_to_enhance_earthquake_behavioral_responses_and_post_earthquake_evacuation_preparedness_in_buildings_2020.pdf,decision and further action w,ere,recommended or not If participants
ara,63,SBE,Building_Technology,2020,an_immersive_virtual_reality_serious_game_to_enhance_earthquake_behavioral_responses_and_post_earthquake_evacuation_preparedness_in_buildings_2020.pdf,McSaveney E 2017 Earthquakes Te,Ara,the Encyclopedia of New Zealand
moreno,43,SBE,Building_Technology,2020,an_immersive_virtual_reality_serious_game_to_enhance_earthquake_behavioral_responses_and_post_earthquake_evacuation_preparedness_in_buildings_2020.pdf,outcome s Bellotti Kapralos Lee,Moreno,Ger Berta 2013 SGs have
eme,33,SBE,Building_Technology,2020,an_immersive_virtual_reality_serious_game_to_enhance_earthquake_behavioral_responses_and_post_earthquake_evacuation_preparedness_in_buildings_2020.pdf,R 2015 Serious games for,eme,rgency preparedness Evaluation of an
ame,25,SBE,Building_Technology,2020,an_immersive_virtual_reality_serious_game_to_enhance_earthquake_behavioral_responses_and_post_earthquake_evacuation_preparedness_in_buildings_2020.pdf,Current Practices in Serious G,ame,Research A Review from a
neto,20,SBE,Building_Technology,2020,an_immersive_virtual_reality_serious_game_to_enhance_earthquake_behavioral_responses_and_post_earthquake_evacuation_preparedness_in_buildings_2020.pdf,J Jacob João Tiago Pinheiro,Neto,Faria B M Coelho A
aei,43,SBE,Building_Technology,2020,an_online_survey_of_pedestrian_evacuation_model_usage_and_users_2020.pdf,doi org 10 1016 j,aei,2018 08 018 17 Thunderhead
teo,33,SBE,Building_Technology,2020,an_online_survey_of_pedestrian_evacuation_model_usage_and_users_2020.pdf,39 Ko S Spearpoint M,Teo,A 2007 Trial evacuation of
automa,17,SBE,Building_Technology,2020,an_online_survey_of_pedestrian_evacuation_model_usage_and_users_2020.pdf,like to be able to,automa,g415cally do hand calcula g415ons
pone,117,SBE,Building_Technology,2020,augmented_reality_for_pedestrian_evacuation_research_2020.pdf,doi org 10 1371 journal,pone,0210630 Iguchi K Mitsuhara H
aei,43,SBE,Building_Technology,2020,augmented_reality_for_pedestrian_evacuation_research_2020.pdf,doi org 10 1016 j,aei,2011 08 001 Saunders J
kato,27,SBE,Building_Technology,2020,augmented_reality_for_pedestrian_evacuation_research_2020.pdf,G Taketom T Sandor C,Kato,H 2018 Augmented realityversusvirtualrealityfor3DObjectmanipulation IEEETrans
inoue,26,SBE,Building_Technology,2020,augmented_reality_for_pedestrian_evacuation_research_2020.pdf,K Kozuki Y Shishibori M,Inoue,T Yaniagiichi K etal 2017
ea,228,SBE,Building_Technology,2020,characteristics_of_small_accidental_fires_in_new_zealand_dwellings_2020.pdf,Intent Retrofits Energy and Atmosphere,EA,Optimize energy efficiency performance Achieve
pone,117,SBE,Building_Technology,2020,characteristics_of_small_accidental_fires_in_new_zealand_dwellings_2020.pdf,e0203744 doi 10 1371 journal,pone,0203744 Zhang D Q Tan
hou,90,SBE,Building_Technology,2020,characteristics_of_small_accidental_fires_in_new_zealand_dwellings_2020.pdf,C S Sing C P,Hou,L 2013 A conceptual framework
aotearoa,88,SBE,Building_Technology,2020,characteristics_of_small_accidental_fires_in_new_zealand_dwellings_2020.pdf,social housing workforce development in,Aotearoa,New Zealand Parity 31 5
waikato,80,SBE,Building_Technology,2020,characteristics_of_small_accidental_fires_in_new_zealand_dwellings_2020.pdf,2018 Christchurch City Council 2019,Waikato,City Council 2018 Rotorua City
hao,75,SBE,Building_Technology,2020,characteristics_of_small_accidental_fires_in_new_zealand_dwellings_2020.pdf,1 65 83 Shen W,Hao,Q Mak H Neelamkavil J
tanaka,65,SBE,Building_Technology,2020,characteristics_of_small_accidental_fires_in_new_zealand_dwellings_2020.pdf,city Lynch 1960 Seidel Kim,Tanaka,2012 also explained how the
ara,63,SBE,Building_Technology,2020,characteristics_of_small_accidental_fires_in_new_zealand_dwellings_2020.pdf,2018 The way forward Te,Ara,I Mua An overview of
rotorua,57,SBE,Building_Technology,2020,characteristics_of_small_accidental_fires_in_new_zealand_dwellings_2020.pdf,2019 Waikato City Council 2018,Rotorua,City Council 2017 and Central
ani,54,SBE,Building_Technology,2020,characteristics_of_small_accidental_fires_in_new_zealand_dwellings_2020.pdf,Hamzah Khoiry Arshad Tawil Che,Ani,2011 Tumi et al 2009
ina,53,SBE,Building_Technology,2020,characteristics_of_small_accidental_fires_in_new_zealand_dwellings_2020.pdf,651 https doi 10 1111,ina,12116 Wallis S L Hernandez
porirua,52,SBE,Building_Technology,2020,characteristics_of_small_accidental_fires_in_new_zealand_dwellings_2020.pdf,BRANZ 2007 House building guide,Porirua,New Zealand Print link Petone
maori,51,SBE,Building_Technology,2020,characteristics_of_small_accidental_fires_in_new_zealand_dwellings_2020.pdf,In New Zealand people of,Maori,descent have many of these
mei,46,SBE,Building_Technology,2020,characteristics_of_small_accidental_fires_in_new_zealand_dwellings_2020.pdf,M Mohammed A Jaafar M,Mei,J Baba M 2017 Green
moreno,43,SBE,Building_Technology,2020,characteristics_of_small_accidental_fires_in_new_zealand_dwellings_2020.pdf,acoustic comfort Scannell Hodgson García,Moreno,Villarreal Gifford 2016 Classroom activity
māori,41,SBE,Building_Technology,2020,characteristics_of_small_accidental_fires_in_new_zealand_dwellings_2020.pdf,2003 Ngā kāhui Pou Launching,Māori,futures Gao S Vaz Serra
hira,30,SBE,Building_Technology,2020,characteristics_of_small_accidental_fires_in_new_zealand_dwellings_2020.pdf,as H S workforce training,HIRA,H S awareness and H
kiwi,25,SBE,Building_Technology,2020,characteristics_of_small_accidental_fires_in_new_zealand_dwellings_2020.pdf,Zealand as well as the,Kiwi,business and professionals that have
iea,23,SBE,Building_Technology,2020,characteristics_of_small_accidental_fires_in_new_zealand_dwellings_2020.pdf,GHG emissions International Energy Agency,IEA,and the United Nations Environment
rii,23,SBE,Building_Technology,2020,characteristics_of_small_accidental_fires_in_new_zealand_dwellings_2020.pdf,Moreover the relative importance index,RII,technique Tam and Le 2006
kauri,22,SBE,Building_Technology,2020,characteristics_of_small_accidental_fires_in_new_zealand_dwellings_2020.pdf,many materials such as old,kauri,floorboards it ensures that the
hoai,22,SBE,Building_Technology,2020,characteristics_of_small_accidental_fires_in_new_zealand_dwellings_2020.pdf,New Zealand 1Le An Thi,Hoai,2Domingo Niluka 3Rasheed Eziaku 4Park
ngowi,22,SBE,Building_Technology,2020,characteristics_of_small_accidental_fires_in_new_zealand_dwellings_2020.pdf,road and bridge construction projects,Ngowi,et al 2005 Mbachu 2009
amore,21,SBE,Building_Technology,2020,characteristics_of_small_accidental_fires_in_new_zealand_dwellings_2020.pdf,Hamer Adams A Ombler J,Amore,K 2015 What effect will
motu,20,SBE,Building_Technology,2020,characteristics_of_small_accidental_fires_in_new_zealand_dwellings_2020.pdf,player in the A league,Motu,Economic and Public Policy Research
mani,20,SBE,Building_Technology,2020,characteristics_of_small_accidental_fires_in_new_zealand_dwellings_2020.pdf,Mostafa Babaeian 3Yi Wen 4Poshdar,Mani,1 2 3School of Built
merino,19,SBE,Building_Technology,2020,characteristics_of_small_accidental_fires_in_new_zealand_dwellings_2020.pdf,in the European Union Sáez,Merino,Porras Amores 2011 The main
kaka,19,SBE,Building_Technology,2020,characteristics_of_small_accidental_fires_in_new_zealand_dwellings_2020.pdf,and Russell 2005 Ibrahim and,Kaka,2007 Resources and capabilities found
wou,18,SBE,Building_Technology,2020,characteristics_of_small_accidental_fires_in_new_zealand_dwellings_2020.pdf,2 2013 from http woulibrary,wou,edu my library pdf CIMPlan
ngai,18,SBE,Building_Technology,2020,characteristics_of_small_accidental_fires_in_new_zealand_dwellings_2020.pdf,integration of supply chain networks,Ngai,Cheng Ho 2004 Information technology
irani,17,SBE,Building_Technology,2020,characteristics_of_small_accidental_fires_in_new_zealand_dwellings_2020.pdf,Love P Edwards D J,Irani,Z and Walker D H
aei,43,SBE,Building_Technology,2020,comparing_the_effectiveness_of_fire_extinguisher_virtual_reality_and_video_training_2020.pdf,doi org 10 1016 j,aei,2018 08 018 Maddux JE
inoue,26,SBE,Building_Technology,2020,comparing_the_effectiveness_of_fire_extinguisher_virtual_reality_and_video_training_2020.pdf,can learn new skills effectively,Inoue,1999 Some scholars believed that
hone,16,SBE,Building_Technology,2020,comparing_the_effectiveness_of_fire_extinguisher_virtual_reality_and_video_training_2020.pdf,grateful to MAMMOTH VR and,HONE,Ltd for providing the license
pone,117,SBE,Building_Technology,2020,computational_quantification_of_brain_perivascular_space_morphologies_2020.pdf,doi org 10 1371 journal,pone,0105505 Zhu Y C Tzourio
akaike,43,SBE,Building_Technology,2020,computational_quantification_of_brain_perivascular_space_morphologies_2020.pdf,evaluate the models using the,Akaike,and Bayesian Information Criterion AIC
rahouti,29,SBE,Building_Technology,2020,evacuation_data_from_a_hospital_outpatient_drill_the_case_study_of_north_shore_hospital_2020.pdf,Parc 20 Mons Belgium anass,rahouti,umons ac be 2School of
ime,21,SBE,Building_Technology,2020,evacuation_data_from_a_hospital_outpatient_drill_the_case_study_of_north_shore_hospital_2020.pdf,simulations The pre movement t,ime,calculations showed differences in patient
ito,60,SBE,Building_Technology,2020,exposed_2020.pdf,ijchanges overtimeanditcanvaryfromzerowhentheagent j isinfrontofthe agent,ito,whentheagent j isrightbehindtheagent i t
moreno,43,SBE,Building_Technology,2020,exposed_2020.pdf,N Arenas A Gómez S,Moreno,Y Vespignani A 2011 Modeling
ine,66,SBE,Building_Technology,2020,glass_curtain_wall_technology_and_sustainability_in_commercial_buildings_in_auckland_new_zealand_2020.pdf,which can alter the sunsh,ine,and wind patterns on neighbouring
ene,32,SBE,Building_Technology,2020,glass_curtain_wall_technology_and_sustainability_in_commercial_buildings_in_auckland_new_zealand_2020.pdf,used to offset the HVAC,ene,rgy requirements H eat insulation
ime,21,SBE,Building_Technology,2020,glass_curtain_wall_technology_and_sustainability_in_commercial_buildings_in_auckland_new_zealand_2020.pdf,the unitized system over t,ime,Table 2 shows the staff
automa,17,SBE,Building_Technology,2020,glass_curtain_wall_technology_and_sustainability_in_commercial_buildings_in_auckland_new_zealand_2020.pdf,2017 Interactive glass façades with,automa,ted blind systems new electrochromic
uti,17,SBE,Building_Technology,2020,glass_curtain_wall_technology_and_sustainability_in_commercial_buildings_in_auckland_new_zealand_2020.pdf,focus on less expensive more,uti,litarian factors which is why
ua,23,SBE,Building_Technology,2020,human_behaviour_during_a_healthcare_facility_evacuation_drills_2020.pdf,2016 Label Description A Assisted,UA,Unassisted NA No aid was
ina,53,SBE,Building_Technology,2020,modelling_evacuation_decision_making_in_the_2016_chimney_tops_2_fire_in_gatlinburg_tn_2020.pdf,caring for the injured or,ina,ctive sheltering i e passively
ute,25,SBE,Building_Technology,2020,modelling_evacuation_decision_making_in_the_2016_chimney_tops_2_fire_in_gatlinburg_tn_2020.pdf,H W alpole National Instit,ute,of St andar ds and
ime,21,SBE,Building_Technology,2020,modelling_evacuation_decision_making_in_the_2016_chimney_tops_2_fire_in_gatlinburg_tn_2020.pdf,isk p erception at t,ime,of evacuation decision n 286
waikato,80,SBE,Building_Technology,2020,validity_and_reliability_of_life_cycle_assessment_2020.pdf,emissions from an aver age,Waikato,dairy farm and impacts of
ture,73,SBE,Building_Technology,2020,validity_and_reliability_of_life_cycle_assessment_2020.pdf,Report 2004 Ministry of Agricul,ture,and Forestry MAF Hamilton New
mea,43,SBE,Building_Technology,2020,validity_and_reliability_of_life_cycle_assessment_2020.pdf,chosen EIOA approach as a,mea,surement of environmental performance and
moreira,22,SBE,Building_Technology,2020,validity_and_reliability_of_life_cycle_assessment_2020.pdf,189 Iribarren D Hospido A,Moreira,M T Feijoo G 2011
ame,25,SBE,Building_Technology,2020,virtual_and_augmented_reality_for_human_behaviour_in_disasters_2020.pdf,P eople a serious g,ame,platf orm f or inf
ea,228,SBE,Building_Technology,2021,case_studies_of_large_outdoor_fires_involving_evacuation_2021.pdf,across the Northern California ar,ea,firefighting resources were spread extremely
eme,33,SBE,Building_Technology,2021,case_studies_of_large_outdoor_fires_involving_evacuation_2021.pdf,Working Group Emergency Management Evacuation,EME,Subgroup Enrico Ronchi Lund University
nee,29,SBE,Building_Technology,2021,case_studies_of_large_outdoor_fires_involving_evacuation_2021.pdf,plans had noted the extra,nee,d resources for these individuals
ite,28,SBE,Building_Technology,2021,case_studies_of_large_outdoor_fires_involving_evacuation_2021.pdf,18 2019 from Twitter webs,ite,https twitter com search q
pare,23,SBE,Building_Technology,2021,case_studies_of_large_outdoor_fires_involving_evacuation_2021.pdf,canyon communities warned to pre,pare,to leave The famed Getty
roa,16,SBE,Building_Technology,2021,case_studies_of_large_outdoor_fires_involving_evacuation_2021.pdf,area surrounded by viticulture multiple,roa,ds with only one exit
ame,25,SBE,Building_Technology,2021,investigating_office_buildings_evacuations_using_unannounced_fire_drills_2021.pdf,P eople a serious g,ame,platf orm f or inf
ono,23,SBE,Building_Technology,2021,investigating_office_buildings_evacuations_using_unannounced_fire_drills_2021.pdf,Journal 91 937 946 37,Ono,R Valentin M Vittorino F
huo,16,SBE,Building_Technology,2021,investigating_office_buildings_evacuations_using_unannounced_fire_drills_2021.pdf,50 5 1173 1179 51,Huo,F Song W Chen L
ute,25,SBE,Building_Technology,2021,investigating_personalized_exit_choice_behavior_in_fire_accidents_using_the_hierarchical_bayes_estimator_of_the_random_coefficient_logit_model_2021.pdf,Ben Song Massachuse tts Instit,ute,of T echnolog y 22
ea,228,SBE,Building_Technology,2021,prototyping_and_validating_a_non_immersive_virtual_reality_serious_game_for_healthcare_fire_safety_training_2021.pdf,Gorisse G Christmann O Amato,EA,and Richir S 2017 First
hao,75,SBE,Building_Technology,2021,simulating_metro_station_evacuation_using_three_agent_based_exit_choice_models_2021.pdf,A Li R Gao X,Hao,and B Deng 2012 Simulation
ame,25,SBE,Building_Technology,2021,simulating_metro_station_evacuation_using_three_agent_based_exit_choice_models_2021.pdf,P eople a serious g,ame,platf orm f or inf
uri,18,SBE,Building_Technology,2021,simulating_metro_station_evacuation_using_three_agent_based_exit_choice_models_2021.pdf,and modeling environment developed by,Uri,Wilensky Wilensky et al 2010
keane,17,SBE,Building_Technology,2021,simulating_metro_station_evacuation_using_three_agent_based_exit_choice_models_2021.pdf,Fiebig D G M P,Keane,J Louviere and N Wasi
nakano,20,SBE,Building_Technology,2021,the_response_of_sleeping_adults_to_smoke_alarm_signals_in_the_evacuation_decision_model_2021.pdf,noted in the work by,Nakano,and Hagiwara 5 in which
ope,27,SBE,Building_Technology,2022,a_non_immersive_virtual_reality_serious_game_application_for_flood_safety_training_2022.pdf,al w arming in Eur,ope,BRIDGE View pr oject Gabriele
romano,17,SBE,Building_Technology,2022,a_non_immersive_virtual_reality_serious_game_application_for_flood_safety_training_2022.pdf,001 45 G Bernardini G,Romano,L Soldini E Quagliarini How
popu,27,SBE,Building_Technology,2022,a_pre_evacuation_study_using_data_from_evacuation_drills_and_false_alarm_evacuations_in_a_university_library_2022.pdf,with the building or the,popu,lation can also increase pre
mora,33,SBE,Building_Technology,2022,behavioural_design_based_risk_assessment_and_mitigation_against_floods_in_historical_urban_built_environment_2022.pdf,Farneti U Firenze Italy Susana,Mora,U P Madrid Spain Silvio
moreira,22,SBE,Building_Technology,2022,behavioural_design_based_risk_assessment_and_mitigation_against_floods_in_historical_urban_built_environment_2022.pdf,Site 145 Inês Rosa Patrícia,Moreira,João Miranda Guedes and Eduarda
romano,17,SBE,Building_Technology,2022,behavioural_design_based_risk_assessment_and_mitigation_against_floods_in_historical_urban_built_environment_2022.pdf,References 1 G Bernardini G,Romano,L Soldini E Quagliarini 2021
ure,78,SBE,Building_Technology,2022,data_based_tools_can_prevent_crowd_crushes_2022.pdf,could increase the recap t,ure,rate reducing the escapees negative
hea,26,SBE,Building_Technology,2022,data_based_tools_can_prevent_crowd_crushes_2022.pdf,hardest hit by the combined,hea,twave and drought fall along
hou,90,SBE,Building_Technology,2022,digital_technologies_and_data_driven_delay_management_process_for_construction_projects_2022.pdf,007 Wang X Truijens M,Hou,L Wang Y and Zhou
hao,75,SBE,Building_Technology,2022,digital_technologies_and_data_driven_delay_management_process_for_construction_projects_2022.pdf,Y Liu L Yang L,Hao,L and Bao Y 2021
noti,71,SBE,Building_Technology,2022,digital_technologies_and_data_driven_delay_management_process_for_construction_projects_2022.pdf,projectdecision makers possible to be,noti,ﬁed of project problems if
hui,36,SBE,Building_Technology,2022,estimating_wildfire_evacuation_decision_and_departure_timing_using_large_scale_gps_data_2022.pdf,M Woo K T Y,Hui,K Ren K E Gan
ani,54,SBE,Building_Technology,2022,exit_choice_in_built_environment_evacuation_combining_immersive_virtual_reality_and_discrete_choice_modelling_2022.pdf,is observ ed in Hagh,ani,Sarvi s 49 study conducted
wou,18,SBE,Building_Technology,2022,exit_choice_in_built_environment_evacuation_combining_immersive_virtual_reality_and_discrete_choice_modelling_2022.pdf,in the experiment as they,wou,ld in a real emergency
akaike,43,SBE,Building_Technology,2022,exploring_home_to_school_trip_mode_choices_in_kandy_sri_lanka_2022.pdf,the comparison of the AIC,Akaike,s Information Criteria AICc Akaike
epi,31,SBE,Building_Technology,2022,exploring_home_to_school_trip_mode_choices_in_kandy_sri_lanka_2022.pdf,others Louviere et al 2000,EPi,Xiqj Q q 1 PiqEPiq
rana,18,SBE,Building_Technology,2022,exploring_home_to_school_trip_mode_choices_in_kandy_sri_lanka_2022.pdf,edu qa C Dias abdullah,rana,nu edu pk M Abdullah
ine,66,SBE,Building_Technology,2022,improving_the_built_environment_for_manual_wheelchair_users_2022.pdf,physical impairments and an inherently,ine,fficient manual wheelchair propulsion mechanism
ata,52,SBE,Building_Technology,2022,investigating_a_university_library_building_evacuation_in_pakistan_during_a_semi_announced_fire_drill_2022.pdf,previous stair 354 movement d,ata,listed by Peacock et al
mea,43,SBE,Building_Technology,2022,investigating_a_university_library_building_evacuation_in_pakistan_during_a_semi_announced_fire_drill_2022.pdf,al 59 although the observed,mea,n 363 density 0 57
aotearoa,88,SBE,Building_Technology,2022,modeling_evacuation_decisions_in_the_2019_kincade_fire_in_california_2022.pdf,wildfire in the Far North,Aotearoa,New Zealand International Journal of
mei,46,SBE,Building_Technology,2022,modeling_evacuation_decisions_in_the_2019_kincade_fire_in_california_2022.pdf,et al 2016 Wilmot and,Mei,2004 Although other wildfire research
ome,44,SBE,Building_Technology,2022,modeling_evacuation_decisions_in_the_2019_kincade_fire_in_california_2022.pdf,the linear regression model s,ome,of t he results align
rana,18,SBE,Building_Technology,2022,modeling_evacuation_decisions_in_the_2019_kincade_fire_in_california_2022.pdf,in flood studies Lechowska 2018,Rana,et al 2020 where larger
ute,25,SBE,Building_Technology,2022,prototyping_an_immersive_virtual_reality_training_system_for_urban_scale_evacuation_using_360_degree_panoramas_2022.pdf,off the best evacuation ro,ute,and should turn back see
ure,78,SBE,Building_Technology,2022,risk_perception_and_knowledge_of_protective_measures_for_flood_risk_planning_2022.pdf,R oot Zone Soil Moist,ure,at Lar ge Sc ale
uri,18,SBE,Building_Technology,2022,risk_perception_and_knowledge_of_protective_measures_for_flood_risk_planning_2022.pdf,l egal content EN TXT,uri,CELEX 32007L0060 https eur lex
hou,90,SBE,Building_Technology,2022,state_of_the_art_analysis_of_the_integration_of_augmented_reality_with_construction_technologies_to_improve_construction_safety_2022.pdf,a mainly actual world view,Hou,et al 2014 Recently AR
kato,27,SBE,Building_Technology,2022,state_of_the_art_analysis_of_the_integration_of_augmented_reality_with_construction_technologies_to_improve_construction_safety_2022.pdf,net publication 231514051 Mizuno Y,Kato,H and Nishida S 2004
aotearoa,88,SBE,Building_Technology,2022,wildfire_evacuation_decision_modeling_using_gps_data_2022.pdf,wildfire in the far north,aotearoa,new zealand International Journal of
hui,36,SBE,Building_Technology,2022,wildfire_evacuation_decision_modeling_using_gps_data_2022.pdf,20 331 347 Woo M,Hui,K T Y Ren K
tohoku,25,SBE,Building_Technology,2022,wildfire_evacuation_decision_modeling_using_gps_data_2022.pdf,that occurred in Japan 2011,Tohoku,earthquake 2014 Nagan earthquake 2016
amore,21,SBE,Built_Environment,2012,changes_in_resource_need_for_post_disaster_reconstruction_2012.pdf,signiﬁcant ﬁeld commitment can provide,amore,scientiﬁcally sound dataset to inform
mani,20,SBE,Built_Environment,2012,managing_resources_in_disaster_recovery_projects_2012.pdf,P K Keen M and,Mani,M 2003 Being prepared Natural
neri,27,SBE,Built_Environment,2012,resourcing_for_post_disaster_reconstruction_2012.pdf,pp 185 201 Regnier P,Neri,B Scuteri S and Miniati
tonga,30,SBE,Built_Environment,2013,community_engagement_2013.pdf,into Samoa American Samoa and,Tonga,killing about 200 people on
ure,78,SBE,Built_Environment,2013,improving_regulatory_frameworks_for_earthquake_risk_mitigation_2013.pdf,action about EPBs would ens,ure,an average level of commitment
ture,73,SBE,Built_Environment,2013,improving_regulatory_frameworks_for_earthquake_risk_mitigation_2013.pdf,damage to buildings and infrastruc,ture,182 deaths and various casualties
ome,44,SBE,Built_Environment,2013,improving_regulatory_frameworks_for_earthquake_risk_mitigation_2013.pdf,additional economic cost on s,ome,stakeholders s uch as property
aotearoa,88,SBE,Built_Environment,2013,iwi_resilience_2013.pdf,support crew Te Wananga o,Aotearoa,Open Wananga Ripeka Parata Raelee
ara,63,SBE,Built_Environment,2013,iwi_resilience_2013.pdf,that such a 1 Te,Ara,The Encyclopaedia of NZ http
rotorua,57,SBE,Built_Environment,2013,iwi_resilience_2013.pdf,be on flights out of,Rotorua,and deployed to assist Accommodation
maori,51,SBE,Built_Environment,2013,iwi_resilience_2013.pdf,Iwi Resilience The,Maori,Response Following the February 22
iwi,45,SBE,Built_Environment,2013,iwi_resilience_2013.pdf,,Iwi,Resilience The Maori Response Following
māori,41,SBE,Built_Environment,2013,iwi_resilience_2013.pdf,9 4 Ratima M 2010,Māori,health promotion a compr ehensive
hui,36,SBE,Built_Environment,2013,iwi_resilience_2013.pdf,NZ Parliament Kaumatua Maori elder,Hui,meeting Whanau extended family Marae
hira,30,SBE,Built_Environment,2013,iwi_resilience_2013.pdf,of Seaview Resilience Centre Ngaire,Hira,Te Puna Oraka Hub Shirley
nga,23,SBE,Built_Environment,2013,iwi_resilience_2013.pdf,Civil Defence and Emergency Management,Nga,Hau e Wha Marae National
ngai,18,SBE,Built_Environment,2013,iwi_resilience_2013.pdf,of Te Runang a o,Ngai,Tahu to apply its resources
whanganui,18,SBE,Built_Environment,2013,iwi_resilience_2013.pdf,Health Workers Whakauae Research Services,Whanganui,New Zealand Education for Health
roa,16,SBE,Built_Environment,2013,iwi_resilience_2013.pdf,at Rehua Marae in Springfield,Roa,d just outside the Red
whi,30,SBE,Built_Environment,2013,resilient_cities_2013.pdf,go on to state that,Whi,le there may be many
ute,25,SBE,Built_Environment,2013,resilient_cities_2013.pdf,is not to show absol,ute,quantitative differences in a research
mani,20,SBE,Built_Environment,2013,resource_challenges_for_housing_reconstruction_2013.pdf,K M Keen and M,Mani,2003 Being prepared Natural disasters
ake,19,SBE,Built_Environment,2013,resource_challenges_for_housing_reconstruction_2013.pdf,Knight John and N Arunatil,ake,2005 Post tsunami Recovery Issues
neri,27,SBE,Built_Environment,2013,the_gabion_house_revisited_2013.pdf,constructor and Rafael Mat ter,Neri,as the designer urban planner
tonga,30,SBE,Built_Environment,2013,the_seemingly_simple_2013.pdf,34 deaths and 9 in,Tonga,There is a special relat
kiwi,25,SBE,Built_Environment,2013,the_seemingly_simple_2013.pdf,to activate more than 600,Kiwi,volunteers to build 896 traditional
iwi,45,SBE,Built_Environment,2014,are_we_listening_are_we_learning_2014.pdf,re for example local organisations,iwi,marae leaders networks and facilities
nge,24,SBE,Built_Environment,2014,are_we_listening_are_we_learning_2014.pdf,vulnerable Adapt to climate cha,nge,by building on good risk
mora,33,SBE,Built_Environment,2014,build_back_better_2014.pdf,risk reduction measures in reconstruction,Mora,and Keipi 2006 Pathiraja and
nee,29,SBE,Built_Environment,2014,seismic_discussion_paper_2014.pdf,and infrastructure buildings that would,nee,d to be maintained for
ani,54,SBE,Built_Environment,2014,the_application_of_quality_of_life_metrics_2014.pdf,for the Andaman Nicobar Islands,ANI,235 weeks after their disaster
porirua,52,SBE,Built_Environment,2014,the_application_of_quality_of_life_metrics_2014.pdf,aitakere Manukau Tauranga Hamilton Wellington,Porirua,H utt Christchurch and Dunedin
mea,43,SBE,Built_Environment,2014,the_application_of_quality_of_life_metrics_2014.pdf,a rapid response sufficient to,mea,sure what are time sensitive
ue,43,SBE,Built_Environment,2014,the_application_of_quality_of_life_metrics_2014.pdf,the QoL Approach Additional val,ue,could have been gained if
whi,30,SBE,Built_Environment,2014,the_application_of_quality_of_life_metrics_2014.pdf,Talk to the Buildings Approach,whi,ch has suggested an interesting
ima,30,SBE,Built_Environment,2014,the_application_of_quality_of_life_metrics_2014.pdf,the next set of photographs,Ima,gine that you are in
hea,26,SBE,Built_Environment,2014,the_application_of_quality_of_life_metrics_2014.pdf,of QoL commonly in the,hea,lth related QoL They can
amo,21,SBE,Built_Environment,2014,the_application_of_quality_of_life_metrics_2014.pdf,significant There had been discussion,amo,ngst the UNHCR team as
ake,19,SBE,Built_Environment,2014,the_application_of_quality_of_life_metrics_2014.pdf,digitally removed Does this m,ake,it easier Hopefully it does
pape,18,SBE,Built_Environment,2014,the_application_of_quality_of_life_metrics_2014.pdf,vulnerability reduction programmes IDS Working,Pape,rs Institute of Development Studies
aro,18,SBE,Built_Environment,2014,the_application_of_quality_of_life_metrics_2014.pdf,People Staying in the Camps,aro,und Mianzhu The results from
rii,23,SBE,Built_Environment,2015,sustainability_by_design_2015.pdf,VDPH WLPH FRQWLQXH SD LQJ,RII,ORDQV SHUKDSV RQ WKH SUHYLRXV
rami,20,SBE,Built_Environment,2016,building_back_better_in_gaza_2016.pdf,Gaza safi ahmad74 gmail com,Rami,AbuShaaban The Agricultural Development Association
niwa,48,SBE,Built_Environment,2017,assessment_of_occupants_thermal_condition_and_the_risk_of_overheating_in_sustainable_public_libraries_in_auckland_region_2017.pdf,W ater and Atmospheric Research,NIWA,This file was generated with
puri,90,SBE,Built_Environment,2017,human_factors_considerations_of_first_person_view_operation_of_unmanned_aircraft_systems_in_infrastructure_construction_and_inspection_environments_2017.pdf,oring Coifman et al 2006,Puri,et al 2007 bridge inspection
ue,43,SBE,Built_Environment,2017,human_factors_considerations_of_first_person_view_operation_of_unmanned_aircraft_systems_in_infrastructure_construction_and_inspection_environments_2017.pdf,Situation A wareness Rating Techniq,ue,SART and motion sickness in
ope,27,SBE,Built_Environment,2017,human_factors_considerations_of_first_person_view_operation_of_unmanned_aircraft_systems_in_infrastructure_construction_and_inspection_environments_2017.pdf,device worn by the human,ope,rator on his her head
ato,25,SBE,Built_Environment,2017,human_factors_considerations_of_first_person_view_operation_of_unmanned_aircraft_systems_in_infrastructure_construction_and_inspection_environments_2017.pdf,faa gov about office_org headquarters_offices,ato,service_units systemops aaim organizati ons
ua,23,SBE,Built_Environment,2017,human_factors_considerations_of_first_person_view_operation_of_unmanned_aircraft_systems_in_infrastructure_construction_and_inspection_environments_2017.pdf,Drone because an Unmanned Aircraft,UA,does not carry an onboard
romano,17,SBE,Built_Environment,2017,immersive_environment_for_improving_the_understanding_of_architectural_3d_models_2017.pdf,007 0605 7_15 3 F,Romano,Modelo de referência para o
ina,53,SBE,Built_Environment,2017,incentives_and_motivators_for_improving_building_resilience_to_earthquake_disaster_2017.pdf,with high premiums or the,ina,bility to get policy cover
ite,28,SBE,Built_Environment,2017,incentives_and_motivators_for_improving_building_resilience_to_earthquake_disaster_2017.pdf,and 717 cultural settings Desp,ite,the limitations the results of
ope,27,SBE,Built_Environment,2017,incentives_and_motivators_for_improving_building_resilience_to_earthquake_disaster_2017.pdf,S View pr oject Temit,ope,Egbelakin The Univ ersity of
whi,30,SBE,Built_Environment,2018,a_tool_to_assess_construction_worker_productivity_2018.pdf,the relative productivity value factors,whi,ch need further attention will
anu,29,SBE,Built_Environment,2018,a_tool_to_assess_construction_worker_productivity_2018.pdf,asce april 2013 21 V,Anu,Thomas and J Sudhakumar D
rii,23,SBE,Built_Environment,2018,a_tool_to_assess_construction_worker_productivity_2018.pdf,out using Relative Important Index,RII,RII is a widely used
ree,38,SBE,Built_Environment,2018,a_usability_study_of_an_immersive_virtual_reality_platform_for_building_design_review_2018.pdf,their mersive VR luding four,ree,years of Expert no yes
ite,28,SBE,Built_Environment,2018,a_usability_study_of_an_immersive_virtual_reality_platform_for_building_design_review_2018.pdf,of detail x ray wh,ite,and shadow texturi zed realistic
ina,53,SBE,Built_Environment,2018,developing_a_framework_for_measuring_water_supply_resilience_2018.pdf,a disaster and bounce back,ina,timely manner Framework Development As
akaike,43,SBE,Built_Environment,2018,developing_a_framework_for_measuring_water_supply_resilience_2018.pdf,dimensionality reduction statistical routines suchas,Akaike,s criterion can be employed
uri,18,SBE,Built_Environment,2018,developing_a_framework_for_measuring_water_supply_resilience_2018.pdf,of the utility resilience index,URI,Ph D thesis George Mason
eme,33,SBE,Built_Environment,2018,immersive_virtual_reality_serious_games_for_evacuation_training_and_research_2018.pdf,Serious Game Techniques to Simulate,Eme,rgency Situations GeoInfo 121 182
pape,18,SBE,Built_Environment,2018,immersive_virtual_reality_serious_games_for_evacuation_training_and_research_2018.pdf,the literature In the reviewed,pape,rs both teaching methods were
whi,30,SBE,Built_Environment,2018,impact_of_social_characteristics_of_communities_on_water_supply_system_resilience_2018.pdf,in the event of disasters,whi,ch also applies to water
tohoku,25,SBE,Built_Environment,2018,impact_of_social_characteristics_of_communities_on_water_supply_system_resilience_2018.pdf,organisations NGOs sprang up in,Tohoku,generating social capital in partnership
epi,31,SBE,Built_Environment,2018,increase_in_disaster_risk_due_to_inefficient_environmental_management_land_use_policies_and_relocation_policies_2018.pdf,IUCN Sri Lanka 15 http,epi,yale edu country rankings Accessed
mora,33,SBE,Built_Environment,2018,investigation_of_efficiency_and_effectiveness_of_the_existing_disaster_management_frameworks_in_sri_lanka_2018.pdf,deaths 8 Most recently Cyclone,Mora,hit Sri Lanka on May
maori,51,SBE,Built_Environment,2018,methods_to_build_resilience_in_indigenous_communities_2018.pdf,communities A case study from,Maori,New Zealand Jonathan Procter 1
niwa,48,SBE,Built_Environment,2018,methods_to_build_resilience_in_indigenous_communities_2018.pdf,Lower Hutt New Zealand 6,NIWA,Auckland New Zealand 7 Manaaki
whenua,39,SBE,Built_Environment,2018,methods_to_build_resilience_in_indigenous_communities_2018.pdf,Whakatane New Zealand 4 Manaaki,Whenua,Landcare Research Palmerston North New
ine,66,SBE,Built_Environment,2018,prototyping_virtual_reality_serious_games_for_building_earthquake_preparedness_2018.pdf,2 show s the pipel,ine,described in this paragraph Figure
māori,41,SBE,Built_Environment,2018,prototyping_virtual_reality_serious_games_for_building_earthquake_preparedness_2018.pdf,African Asian European Latin American,Māori,Middle Eastern Other Ethnicity Medical
roa,16,SBE,Built_Environment,2018,prototyping_virtual_reality_serious_games_for_building_earthquake_preparedness_2018.pdf,at emergency exit portals for,roa,d tunnel evacuation Fire Technol
aotearoa,88,SBE,Built_Environment,2018,the_maori_response_to_a_seismic_swan_2018.pdf,support crew Te Wananga o,Aotearoa,Open Wananga Ora Hauora staff
ara,63,SBE,Built_Environment,2018,the_maori_response_to_a_seismic_swan_2018.pdf,1250 and 1300 CE Te,Ara,2017a A unique culture and
rotorua,57,SBE,Built_Environment,2018,the_maori_response_to_a_seismic_swan_2018.pdf,admin staff flying out of,Rotorua,KSG to resolve food and
maori,51,SBE,Built_Environment,2018,the_maori_response_to_a_seismic_swan_2018.pdf,978 3 319 61729 9_7The,Maori,Response to a Seismic Swan
iwi,45,SBE,Built_Environment,2018,the_maori_response_to_a_seismic_swan_2018.pdf,Ngai Tahu the local Maori,Iwi,or recognised tribal author ity
māori,41,SBE,Built_Environment,2018,the_maori_response_to_a_seismic_swan_2018.pdf,Iwi hap ū and whānau,Māori,support Financial support for individuals
whenua,39,SBE,Built_Environment,2018,the_maori_response_to_a_seismic_swan_2018.pdf,named after Tamatea P ōkai,Whenua,who climbed the peak to
hui,36,SBE,Built_Environment,2018,the_maori_response_to_a_seismic_swan_2018.pdf,reports field diary notes meetings,hui,reports and data and observations
nga,23,SBE,Built_Environment,2018,the_maori_response_to_a_seismic_swan_2018.pdf,Christchurch and then Chair of,Nga,Hau e Wha National Marae
ngai,18,SBE,Built_Environment,2018,the_maori_response_to_a_seismic_swan_2018.pdf,tions with Te Runanga o,Ngai,Tahu the local Maori Iwi
whanganui,18,SBE,Built_Environment,2018,the_maori_response_to_a_seismic_swan_2018.pdf,health workers Whakauae research services,Whanganui,New Zealand Educ Health 22
neri,27,SBE,Built_Environment,2019,a_conceptual_framework_for_measuring_livelihood_resilience_2019.pdf,reconstruc tion APEC 2013 Régnier,Neri,Scuteri and Miniati 2008 emphasized
tohoku,25,SBE,Built_Environment,2019,a_conceptual_framework_for_measuring_livelihood_resilience_2019.pdf,the 2010 2011 Canterbury and,Tohoku,disasters International Journal of Disaster
nga,23,SBE,Built_Environment,2019,a_conceptual_framework_for_measuring_livelihood_resilience_2019.pdf,of small enterprises in Phang,Nga,Province Southern Thailand In R
mori,20,SBE,Built_Environment,2019,a_conceptual_framework_for_measuring_livelihood_resilience_2019.pdf,reduction Jha Duyne 2010 Marzo,Mori,2012 In a report commissioned
reiterate,16,SBE,Built_Environment,2019,a_conceptual_framework_for_measuring_livelihood_resilience_2019.pdf,The ﬁndings in this paper,reiterate,the need to move from
tonga,30,SBE,Built_Environment,2019,building_back_towards_storm_resilient_housing_2019.pdf,areas of Fiji Vanuatu and,Tonga,to protect roofs from severe
ue,43,SBE,Built_Environment,2019,comparing_virtual_reality_and_2_dimensional_drawings_for_the_visualization_of_a_construction_project_2019.pdf,Step 1 Administration of Purd,ue,Spatial Visualization Test Visualization of
hea,26,SBE,Built_Environment,2019,developing_a_sub_contractor_pre_assessment_framework_for_sri_lankan_building_construction_industry_2019.pdf,sub contractor s level of,hea,lth and safety accreditation HF2
rii,23,SBE,Built_Environment,2019,developing_a_sub_contractor_pre_assessment_framework_for_sri_lankan_building_construction_industry_2019.pdf,problem has been approached using,RII,and PROMETHEE method According to
ata,52,SBE,Built_Environment,2019,international_collaboration_for_enhancing_research_and_innovation_in_the_context_of_disaster_resilience_2019.pdf,given sample For this d,ata,set all the value s
niwa,48,SBE,Built_Environment,2019,investigation_into_the_risk_of_overheating_in_new_zealands_public_libraries_2019.pdf,of Water and Atmospheric Research,NIWA,This file was generated with
ree,38,SBE,Built_Environment,2019,investigation_into_the_risk_of_overheating_in_new_zealands_public_libraries_2019.pdf,three libraries located in th,ree,different locations in Auckland region
wai,38,SBE,Built_Environment,2019,investigation_into_the_risk_of_overheating_in_new_zealands_public_libraries_2019.pdf,in Devonport Glen Eden and,Wai,heke Since the three locations
materi,16,SBE,Built_Environment,2019,productivity_and_performance_threats_for_local_construction_companies_in_sri_lanka_2019.pdf,due to the unavailability of,materi,als requirement was fulfilled from
nge,24,SBE,Built_Environment,2019,social_capacities_in_fostering_water_supply_resilience_in_vanuatu_2019.pdf,the impact of climate cha,nge,on SIDS in general e
uri,18,SBE,Built_Environment,2019,social_capacities_in_fostering_water_supply_resilience_in_vanuatu_2019.pdf,of the Utility Resilience Index,URI,George Mason University Fairfax VA
uri,18,SBE,Built_Environment,2019,social_factors_affecting_water_supply_resilience_to_disasters_2019.pdf,of the Utility Resilience Index,URI,DoctoralDissertation 2012 35 J C
ue,43,SBE,Built_Environment,2019,uas_based_airport_maintenance_inspections_2019.pdf,contrast the z coordinate val,ue,of the ground was 202
ua,23,SBE,Built_Environment,2019,uas_based_airport_maintenance_inspections_2019.pdf,E mail sungjin kim eng,ua,edu 2Ph D Student School
kumi,17,SBE,Built_Environment,2019,using_immersive_virtual_reality_to_improve_choosing_by_advantages_system_for_the_selection_of_fall_protection_measures_2019.pdf,Kpamma Z E Adje i,Kumi,T Ayarkwa J Adinyira E
pii,35,SBE,Built_Environment,2019,what_does_the_future_hold_for_relocated_communities_post_disaster_2019.pdf,1036 1039 309 5737 1036,pii,4 M Adler E Ziglio
neri,27,SBE,Built_Environment,2019,what_does_the_future_hold_for_relocated_communities_post_disaster_2019.pdf,P Texier P Régnier B,Neri,S Scuteri S Miniati From
tohoku,25,SBE,Built_Environment,2019,what_does_the_future_hold_for_relocated_communities_post_disaster_2019.pdf,the 2010 2011 Canterbury and,Tohoku,disasters Int J Disaster Risk
nga,23,SBE,Built_Environment,2019,what_does_the_future_hold_for_relocated_communities_post_disaster_2019.pdf,of Small Enterprises in Phang,Nga,Province Southern Thailand Recovery from
ara,63,SBE,Built_Environment,2020,an_immersive_virtual_reality_serious_game_to_enhance_earthquake_behavioral_responses_and_post_earthquake_evacuation_preparedness_in_buildings_2020.pdf,McSaveney E 2017 Earthquakes Te,Ara,the Encyclopedia of New Zealand
moreno,43,SBE,Built_Environment,2020,an_immersive_virtual_reality_serious_game_to_enhance_earthquake_behavioral_responses_and_post_earthquake_evacuation_preparedness_in_buildings_2020.pdf,outcome s Bellotti Kapralos Lee,Moreno,Ger Berta 2013 SGs have
neto,20,SBE,Built_Environment,2020,an_immersive_virtual_reality_serious_game_to_enhance_earthquake_behavioral_responses_and_post_earthquake_evacuation_preparedness_in_buildings_2020.pdf,J Jacob João Tiago Pinheiro,Neto,Faria B M Coelho A
mea,43,SBE,Built_Environment,2020,are_environmental_sustainability_and_happiness_the_keys_to_prosperity_in_asian_nations_2020.pdf,with declining per capita consumption,mea,sured in terms of either
epi,31,SBE,Built_Environment,2020,are_environmental_sustainability_and_happiness_the_keys_to_prosperity_in_asian_nations_2020.pdf,per capita EI Education Index,EPI,Environmental Performance Index ESH Well
maori,51,SBE,Built_Environment,2020,building_information_modelling_workflow_for_heritage_maintenance_2020.pdf,places also include those of,Maori,culture which are integral to
maki,18,SBE,Built_Environment,2020,evaluation_of_gaps_in_early_warning_mechanisms_and_evacuation_procedures_for_coastal_communities_in_sri_lanka_2020.pdf,Kuri M Iguchi M and,Maki,N 2016 Disaster governance in
maki,18,SBE,Built_Environment,2020,important_aspects_of_evacuation_planning_for_the_coastal_communities_in_sri_lanka_2020.pdf,Kuri M Iguchi M and,Maki,N 2016 Disaster Governance in
porirua,52,SBE,Built_Environment,2020,investigating_the_technical_dimension_of_water_supply_resilience_to_disasters_2020.pdf,areassuch as Upper Hutt and,Porirua,City Cousins et al 2012
tohoku,25,SBE,Built_Environment,2020,investigating_the_technical_dimension_of_water_supply_resilience_to_disasters_2020.pdf,recover Ministry of Health 2012,Tohoku,earthquake and tsunami Japan 11
ine,66,SBE,Built_Environment,2020,modernist_housing_estate_revival_2020.pdf,b een disputed the historical,ine,ptness of Modern architecture to
ata,52,SBE,Built_Environment,2020,modernist_housing_estate_revival_2020.pdf,Republic 3 Methods The d,ata,presented in this paper was
ete,20,SBE,Built_Environment,2020,modernist_housing_estate_revival_2020.pdf,draught dampness noise pollution concr,ete,defects and poor finishes 17
aro,18,SBE,Built_Environment,2020,modernist_housing_estate_revival_2020.pdf,Wellington 139 Vivian St Te,Aro,Wellington 6011 New Zealand Email
nakamura,29,SBE,Built_Environment,2020,towards_a_customizable_immersive_virtual_reality_serious_game_for_earthquake_emergency_training_2020.pdf,27 3 1185 1194 37,Nakamura,J Csikszentmihalyi M The concept
niwa,48,SBE,Built_Environment,2020,unmanned_aerial_vehicle_sustainability_assessment_of_heritage_buildings_2020.pdf,were used instead of the,NIWA,calculator because it takes into
kuo,37,SBE,Built_Environment,2020,unmanned_aerial_vehicle_sustainability_assessment_of_heritage_buildings_2020.pdf,1471 1476 Haur C J,Kuo,L S Fu C P
ao,66,SBE,Built_Environment,2021,an_evidence_of_cognitive_benefits_from_immersive_design_review_2021.pdf,um estudo sobre a percepç,ao,do ambiente simulado para avaliaç
kimura,37,SBE,Built_Environment,2021,an_evidence_of_cognitive_benefits_from_immersive_design_review_2021.pdf,error margin or not respectively,Kimura,et al 46 also utilized
naire,16,SBE,Built_Environment,2021,an_evidence_of_cognitive_benefits_from_immersive_design_review_2021.pdf,validity of the 3DPQ question,naire,This analysis encompasses both conditions
hao,75,SBE,Built_Environment,2021,a_study_on_stakeholder_trust_in_sri_lanka’s_multi-hazard_early_warning_mechanism_2021.pdf,2014 predictions and early warning,Hao,et al 2014 impacts Liu
ao,66,SBE,Built_Environment,2021,a_study_on_stakeholder_trust_in_sri_lanka’s_multi-hazard_early_warning_mechanism_2021.pdf,the reception centers in V,ao,and V ägeva for some
tanaka,65,SBE,Built_Environment,2021,a_study_on_stakeholder_trust_in_sri_lanka’s_multi-hazard_early_warning_mechanism_2021.pdf,Ofﬁcer GIS Expert Ms Ayako,Tanaka,local consultant and the DivisionalSecretariats
kuramoto,48,SBE,Built_Environment,2021,a_study_on_stakeholder_trust_in_sri_lanka’s_multi-hazard_early_warning_mechanism_2021.pdf,en Nomura Y Okamoto A,Kuramoto,K Ikeda H 2014 Landslide
pore,47,SBE,Built_Environment,2021,a_study_on_stakeholder_trust_in_sri_lanka’s_multi-hazard_early_warning_mechanism_2021.pdf,become unstable especially as excessive,pore,water pressure increasesduring heavy or
moreno,43,SBE,Built_Environment,2021,a_study_on_stakeholder_trust_in_sri_lanka’s_multi-hazard_early_warning_mechanism_2021.pdf,J Eakin H Castillejos T,Moreno,J G Pinto L S
wai,38,SBE,Built_Environment,2021,a_study_on_stakeholder_trust_in_sri_lanka’s_multi-hazard_early_warning_mechanism_2021.pdf,WaterManagement Institute IWMI Li X,Wai,W H Onyx Li Y
kuo,37,SBE,Built_Environment,2021,a_study_on_stakeholder_trust_in_sri_lanka’s_multi-hazard_early_warning_mechanism_2021.pdf,20Index_revised pdf Lin G W,Kuo,H L Chen C W
hui,36,SBE,Built_Environment,2021,a_study_on_stakeholder_trust_in_sri_lanka’s_multi-hazard_early_warning_mechanism_2021.pdf,kits and developing a vaccine,Hui,et al 2020 Countries around
pii,35,SBE,Built_Environment,2021,a_study_on_stakeholder_trust_in_sri_lanka’s_multi-hazard_early_warning_mechanism_2021.pdf,sciencedirect com science article abs,pii,S2452223617300524 via 3Dihub Accessed February
teo,33,SBE,Built_Environment,2021,a_study_on_stakeholder_trust_in_sri_lanka’s_multi-hazard_early_warning_mechanism_2021.pdf,reduction Saja A M A,Teo,M Goonetilleke A Ziyath A
tonga,30,SBE,Built_Environment,2021,a_study_on_stakeholder_trust_in_sri_lanka’s_multi-hazard_early_warning_mechanism_2021.pdf,South Paciﬁc Tsunami in the,Tonga,Trench arrived in Tonga Samoa
nee,29,SBE,Built_Environment,2021,a_study_on_stakeholder_trust_in_sri_lanka’s_multi-hazard_early_warning_mechanism_2021.pdf,doi org 10 4000 mediterra,nee,10078 Del Moral L Do
nakamura,29,SBE,Built_Environment,2021,a_study_on_stakeholder_trust_in_sri_lanka’s_multi-hazard_early_warning_mechanism_2021.pdf,situation Gero et al 2011,Nakamura,et al 2017 Niekerk et
kato,27,SBE,Built_Environment,2021,a_study_on_stakeholder_trust_in_sri_lanka’s_multi-hazard_early_warning_mechanism_2021.pdf,recovery through the tourism industry,Kato,2018 and settlement planning Miller
hea,26,SBE,Built_Environment,2021,a_study_on_stakeholder_trust_in_sri_lanka’s_multi-hazard_early_warning_mechanism_2021.pdf,https doi org 10 1093,hea,pol czx108 Stuart E A
mena,26,SBE,Built_Environment,2021,a_study_on_stakeholder_trust_in_sri_lanka’s_multi-hazard_early_warning_mechanism_2021.pdf,Senegal World Bank 2020 and,MENA,region which incorporate V egetation
nge,24,SBE,Built_Environment,2021,a_study_on_stakeholder_trust_in_sri_lanka’s_multi-hazard_early_warning_mechanism_2021.pdf,Zar Chi T M Cha,Nge,S K Phaw N K
ua,23,SBE,Built_Environment,2021,a_study_on_stakeholder_trust_in_sri_lanka’s_multi-hazard_early_warning_mechanism_2021.pdf,diseasecontrol_eme rgencies guidelines CD_Disasters_26_06 pdf,ua,1 20 Accessed March 17
amo,21,SBE,Built_Environment,2021,a_study_on_stakeholder_trust_in_sri_lanka’s_multi-hazard_early_warning_mechanism_2021.pdf,oscillations ENSO Atlantic Multidecadal Oscillations,AMO,Paciﬁc decadal Oscillations PDO the
ona,21,SBE,Built_Environment,2021,a_study_on_stakeholder_trust_in_sri_lanka’s_multi-hazard_early_warning_mechanism_2021.pdf,Interview guidelines were developed based,ona,detailed literature review carried out
nakano,20,SBE,Built_Environment,2021,a_study_on_stakeholder_trust_in_sri_lanka’s_multi-hazard_early_warning_mechanism_2021.pdf,338 Osanai Y Sajeev K,Nakano,N Kitano I Kehelpannala W
mani,20,SBE,Built_Environment,2021,a_study_on_stakeholder_trust_in_sri_lanka’s_multi-hazard_early_warning_mechanism_2021.pdf,settlements and disaster danger zones,Mani,et al 2019 not minding
mori,20,SBE,Built_Environment,2021,a_study_on_stakeholder_trust_in_sri_lanka’s_multi-hazard_early_warning_mechanism_2021.pdf,7 7 South Java Jim,Mori,et al 2007 28 03
tapia,20,SBE,Built_Environment,2021,a_study_on_stakeholder_trust_in_sri_lanka’s_multi-hazard_early_warning_mechanism_2021.pdf,Caragea C Squicciarini A C,Tapia,A H 2015 Twitter mining
merino,19,SBE,Built_Environment,2021,a_study_on_stakeholder_trust_in_sri_lanka’s_multi-hazard_early_warning_mechanism_2021.pdf,158 172 Aguirre Ayerbe I,Merino,M Aye S L Dissanayake
rana,18,SBE,Built_Environment,2021,a_study_on_stakeholder_trust_in_sri_lanka’s_multi-hazard_early_warning_mechanism_2021.pdf,J P Dwivedi Y K,Rana,N P Kumar A Kapoor
mata,18,SBE,Built_Environment,2021,a_study_on_stakeholder_trust_in_sri_lanka’s_multi-hazard_early_warning_mechanism_2021.pdf,S Huq S Lenhart L,Mata,I Nemešová S Toure Eds
romano,17,SBE,Built_Environment,2021,a_study_on_stakeholder_trust_in_sri_lanka’s_multi-hazard_early_warning_mechanism_2021.pdf,101 Cecioni C Bellotti G,Romano,A Abdolali A Sammarco P
repo,17,SBE,Built_Environment,2021,a_study_on_stakeholder_trust_in_sri_lanka’s_multi-hazard_early_warning_mechanism_2021.pdf,https apps who int disasters,repo,7656 pdf Accessed March 5
hei,16,SBE,Built_Environment,2021,a_study_on_stakeholder_trust_in_sri_lanka’s_multi-hazard_early_warning_mechanism_2021.pdf,R I carried out by,HEI,s and even existing policies
romano,17,SBE,Built_Environment,2021,instructional_mechanisms_in_immersive_virtual_reality_serious_games_2021.pdf,poor performance for knowledge gain,Romano,Brna 2001 Trainees might get
hao,75,SBE,Built_Environment,2021,research_and_innovation_in_the_context_of_disaster_resilience_in_the_sri_lankan_higher_education_sector_2021.pdf,2014 predictions and early warning,Hao,et al 2014 impacts Liu
ao,66,SBE,Built_Environment,2021,research_and_innovation_in_the_context_of_disaster_resilience_in_the_sri_lankan_higher_education_sector_2021.pdf,the reception centers in V,ao,and V ägeva for some
tanaka,65,SBE,Built_Environment,2021,research_and_innovation_in_the_context_of_disaster_resilience_in_the_sri_lankan_higher_education_sector_2021.pdf,Ofﬁcer GIS Expert Ms Ayako,Tanaka,local consultant and the DivisionalSecretariats
kuramoto,48,SBE,Built_Environment,2021,research_and_innovation_in_the_context_of_disaster_resilience_in_the_sri_lankan_higher_education_sector_2021.pdf,en Nomura Y Okamoto A,Kuramoto,K Ikeda H 2014 Landslide
pore,47,SBE,Built_Environment,2021,research_and_innovation_in_the_context_of_disaster_resilience_in_the_sri_lankan_higher_education_sector_2021.pdf,become unstable especially as excessive,pore,water pressure increasesduring heavy or
wai,38,SBE,Built_Environment,2021,research_and_innovation_in_the_context_of_disaster_resilience_in_the_sri_lankan_higher_education_sector_2021.pdf,WaterManagement Institute IWMI Li X,Wai,W H Onyx Li Y
kuo,37,SBE,Built_Environment,2021,research_and_innovation_in_the_context_of_disaster_resilience_in_the_sri_lankan_higher_education_sector_2021.pdf,20Index_revised pdf Lin G W,Kuo,H L Chen C W
pii,35,SBE,Built_Environment,2021,research_and_innovation_in_the_context_of_disaster_resilience_in_the_sri_lankan_higher_education_sector_2021.pdf,sciencedirect com science article abs,pii,S2452223617300524 via 3Dihub Accessed February
teo,33,SBE,Built_Environment,2021,research_and_innovation_in_the_context_of_disaster_resilience_in_the_sri_lankan_higher_education_sector_2021.pdf,reduction Saja A M A,Teo,M Goonetilleke A Ziyath A
tonga,30,SBE,Built_Environment,2021,research_and_innovation_in_the_context_of_disaster_resilience_in_the_sri_lankan_higher_education_sector_2021.pdf,South Paciﬁc Tsunami in the,Tonga,Trench arrived in Tonga Samoa
nee,29,SBE,Built_Environment,2021,research_and_innovation_in_the_context_of_disaster_resilience_in_the_sri_lankan_higher_education_sector_2021.pdf,doi org 10 4000 mediterra,nee,10078 Del Moral L Do
nakamura,29,SBE,Built_Environment,2021,research_and_innovation_in_the_context_of_disaster_resilience_in_the_sri_lankan_higher_education_sector_2021.pdf,situation Gero et al 2011,Nakamura,et al 2017 Niekerk et
kato,27,SBE,Built_Environment,2021,research_and_innovation_in_the_context_of_disaster_resilience_in_the_sri_lankan_higher_education_sector_2021.pdf,recovery through the tourism industry,Kato,2018 and settlement planning Miller
hea,26,SBE,Built_Environment,2021,research_and_innovation_in_the_context_of_disaster_resilience_in_the_sri_lankan_higher_education_sector_2021.pdf,https doi org 10 1093,hea,pol czx108 Stuart E A
mena,26,SBE,Built_Environment,2021,research_and_innovation_in_the_context_of_disaster_resilience_in_the_sri_lankan_higher_education_sector_2021.pdf,Senegal World Bank 2020 and,MENA,region which incorporate V egetation
nge,24,SBE,Built_Environment,2021,research_and_innovation_in_the_context_of_disaster_resilience_in_the_sri_lankan_higher_education_sector_2021.pdf,Zar Chi T M Cha,Nge,S K Phaw N K
ua,23,SBE,Built_Environment,2021,research_and_innovation_in_the_context_of_disaster_resilience_in_the_sri_lankan_higher_education_sector_2021.pdf,diseasecontrol_eme rgencies guidelines CD_Disasters_26_06 pdf,ua,1 20 Accessed March 17
amo,21,SBE,Built_Environment,2021,research_and_innovation_in_the_context_of_disaster_resilience_in_the_sri_lankan_higher_education_sector_2021.pdf,oscillations ENSO Atlantic Multidecadal Oscillations,AMO,Paciﬁc decadal Oscillations PDO the
ona,21,SBE,Built_Environment,2021,research_and_innovation_in_the_context_of_disaster_resilience_in_the_sri_lankan_higher_education_sector_2021.pdf,Interview guidelines were developed based,ona,detailed literature review carried out
nakano,20,SBE,Built_Environment,2021,research_and_innovation_in_the_context_of_disaster_resilience_in_the_sri_lankan_higher_education_sector_2021.pdf,338 Osanai Y Sajeev K,Nakano,N Kitano I Kehelpannala W
mani,20,SBE,Built_Environment,2021,research_and_innovation_in_the_context_of_disaster_resilience_in_the_sri_lankan_higher_education_sector_2021.pdf,settlements and disaster danger zones,Mani,et al 2019 not minding
mori,20,SBE,Built_Environment,2021,research_and_innovation_in_the_context_of_disaster_resilience_in_the_sri_lankan_higher_education_sector_2021.pdf,7 7 South Java Jim,Mori,et al 2007 28 03
tapia,20,SBE,Built_Environment,2021,research_and_innovation_in_the_context_of_disaster_resilience_in_the_sri_lankan_higher_education_sector_2021.pdf,Caragea C Squicciarini A C,Tapia,A H 2015 Twitter mining
merino,19,SBE,Built_Environment,2021,research_and_innovation_in_the_context_of_disaster_resilience_in_the_sri_lankan_higher_education_sector_2021.pdf,158 172 Aguirre Ayerbe I,Merino,M Aye S L Dissanayake
rana,18,SBE,Built_Environment,2021,research_and_innovation_in_the_context_of_disaster_resilience_in_the_sri_lankan_higher_education_sector_2021.pdf,J P Dwivedi Y K,Rana,N P Kumar A Kapoor
mata,18,SBE,Built_Environment,2021,research_and_innovation_in_the_context_of_disaster_resilience_in_the_sri_lankan_higher_education_sector_2021.pdf,S Huq S Lenhart L,Mata,I Nemešová S Toure Eds
repo,17,SBE,Built_Environment,2021,research_and_innovation_in_the_context_of_disaster_resilience_in_the_sri_lankan_higher_education_sector_2021.pdf,https apps who int disasters,repo,7656 pdf Accessed March 5
hei,16,SBE,Built_Environment,2021,research_and_innovation_in_the_context_of_disaster_resilience_in_the_sri_lankan_higher_education_sector_2021.pdf,R I carried out by,HEI,s and even existing policies
tanaka,65,SBE,Built_Environment,2021,the_relationship_between_covid_19_preparedness_parameters_and_its_impact_in_developing_effective_response_mechanisms_2021.pdf,Ofﬁcer GIS Expert Ms Ayako,Tanaka,local consultant and the DivisionalSecretariats
kuramoto,48,SBE,Built_Environment,2021,the_relationship_between_covid_19_preparedness_parameters_and_its_impact_in_developing_effective_response_mechanisms_2021.pdf,en Nomura Y Okamoto A,Kuramoto,K Ikeda H 2014 Landslide
pore,47,SBE,Built_Environment,2021,the_relationship_between_covid_19_preparedness_parameters_and_its_impact_in_developing_effective_response_mechanisms_2021.pdf,become unstable especially as excessive,pore,water pressure increasesduring heavy or
wai,38,SBE,Built_Environment,2021,the_relationship_between_covid_19_preparedness_parameters_and_its_impact_in_developing_effective_response_mechanisms_2021.pdf,WaterManagement Institute IWMI Li X,Wai,W H Onyx Li Y
kuo,37,SBE,Built_Environment,2021,the_relationship_between_covid_19_preparedness_parameters_and_its_impact_in_developing_effective_response_mechanisms_2021.pdf,20Index_revised pdf Lin G W,Kuo,H L Chen C W
nakamura,29,SBE,Built_Environment,2021,the_relationship_between_covid_19_preparedness_parameters_and_its_impact_in_developing_effective_response_mechanisms_2021.pdf,situation Gero et al 2011,Nakamura,et al 2017 Niekerk et
kato,27,SBE,Built_Environment,2021,the_relationship_between_covid_19_preparedness_parameters_and_its_impact_in_developing_effective_response_mechanisms_2021.pdf,recovery through the tourism industry,Kato,2018 and settlement planning Miller
mena,26,SBE,Built_Environment,2021,the_relationship_between_covid_19_preparedness_parameters_and_its_impact_in_developing_effective_response_mechanisms_2021.pdf,Senegal World Bank 2020 and,MENA,region which incorporate V egetation
nge,24,SBE,Built_Environment,2021,the_relationship_between_covid_19_preparedness_parameters_and_its_impact_in_developing_effective_response_mechanisms_2021.pdf,Zar Chi T M Cha,Nge,S K Phaw N K
amo,21,SBE,Built_Environment,2021,the_relationship_between_covid_19_preparedness_parameters_and_its_impact_in_developing_effective_response_mechanisms_2021.pdf,oscillations ENSO Atlantic Multidecadal Oscillations,AMO,Paciﬁc decadal Oscillations PDO the
ona,21,SBE,Built_Environment,2021,the_relationship_between_covid_19_preparedness_parameters_and_its_impact_in_developing_effective_response_mechanisms_2021.pdf,Interview guidelines were developed based,ona,detailed literature review carried out
nakano,20,SBE,Built_Environment,2021,the_relationship_between_covid_19_preparedness_parameters_and_its_impact_in_developing_effective_response_mechanisms_2021.pdf,338 Osanai Y Sajeev K,Nakano,N Kitano I Kehelpannala W
mori,20,SBE,Built_Environment,2021,the_relationship_between_covid_19_preparedness_parameters_and_its_impact_in_developing_effective_response_mechanisms_2021.pdf,7 7 South Java Jim,Mori,et al 2007 28 03
tapia,20,SBE,Built_Environment,2021,the_relationship_between_covid_19_preparedness_parameters_and_its_impact_in_developing_effective_response_mechanisms_2021.pdf,Caragea C Squicciarini A C,Tapia,A H 2015 Twitter mining
merino,19,SBE,Built_Environment,2021,the_relationship_between_covid_19_preparedness_parameters_and_its_impact_in_developing_effective_response_mechanisms_2021.pdf,158 172 Aguirre Ayerbe I,Merino,M Aye S L Dissanayake
rana,18,SBE,Built_Environment,2021,the_relationship_between_covid_19_preparedness_parameters_and_its_impact_in_developing_effective_response_mechanisms_2021.pdf,J P Dwivedi Y K,Rana,N P Kumar A Kapoor
mata,18,SBE,Built_Environment,2021,the_relationship_between_covid_19_preparedness_parameters_and_its_impact_in_developing_effective_response_mechanisms_2021.pdf,S Huq S Lenhart L,Mata,I Nemešová S Toure Eds
repo,17,SBE,Built_Environment,2021,the_relationship_between_covid_19_preparedness_parameters_and_its_impact_in_developing_effective_response_mechanisms_2021.pdf,https apps who int disasters,repo,7656 pdf Accessed March 5
hei,16,SBE,Built_Environment,2021,the_relationship_between_covid_19_preparedness_parameters_and_its_impact_in_developing_effective_response_mechanisms_2021.pdf,R I carried out by,HEI,s and even existing policies
neri,27,SBE,Built_Environment,2021,what_makes_a_successful_livelihood_recovery_2021.pdf,3 Régnier P Gaillard JC,Neri,B Scuteri S Miniati S
ature,17,SBE,Built_Environment,2022,3d_scanning_as_an_architectural_tool_2022.pdf,what was in the liter,ature,that the shopping experience was
arora,19,SBE,Built_Environment,2022,an_integrated_approach_for_municipal_buried_infrastructure_asset_management_2022.pdf,the user interaction As Dowman,Arora,2012 emphasized by using BIM
ani,54,SBE,Built_Environment,2022,a_review_of_using_augmented_reality_to_improve_construction_productivity_2022.pdf,equipped with a projector Deg,ani,et al 2019 Most prototypes
ree,38,SBE,Built_Environment,2022,a_review_of_using_augmented_reality_to_improve_construction_productivity_2022.pdf,productivity These experiments tested th,ree,construction activities progress management discrepancy
mora,33,SBE,Built_Environment,2022,a_review_of_using_augmented_reality_to_improve_construction_productivity_2022.pdf,Golparvar Fard M Peñ a,Mora,F Savarese S 2011 Integrated
moreira,22,SBE,Built_Environment,2022,a_review_of_using_augmented_reality_to_improve_construction_productivity_2022.pdf,L Malaca P Costa P,Moreira,A P Sousa A Veiga
ake,19,SBE,Built_Environment,2022,a_sequence_analysis_of_behaviors_in_immersive_virtual_reality_for_indoor_earthquake_and_post_earthquake_evacuation_2022.pdf,their thoughts rather than m,ake,efforts to explain them concurrent
mana,69,SBE,Built_Environment,2022,building_information_modelling_in_quantity_surveying_practices_2022.pdf,amp the 5D Project Cost,Mana,ger Procedia Social and Behavioral
ani,54,SBE,Built_Environment,2022,challenges_of_offsite_construction_and_bim_implementation_2022.pdf,oject Naz anin K ordest,ani,Ghalehnoei Masse y Univ ersity
niu,34,SBE,Built_Environment,2022,challenges_of_offsite_construction_and_bim_implementation_2022.pdf,Xu Z Zayed T and,Niu,Y 2020 Comparative analysis of
ite,28,SBE,Built_Environment,2022,challenges_of_offsite_construction_and_bim_implementation_2022.pdf,its effect on off s,ite,construction in UK civil engineering
moreira,22,SBE,Built_Environment,2022,climate_change_impacts_on_built_environment_2022.pdf,AS Pereira de Lucena AF,Moreira,Cesar Borba BS Pupo Nogueira
hoai,22,SBE,Built_Environment,2022,conceptualising_a_framework_for_construction_sector_capacity_2022.pdf,Construction Sector Capacity An Thi,Hoai,Le1 Niluka Domingo1 Casimir MacGregor2
ina,53,SBE,Built_Environment,2022,creating_a_case_for_innovation_acceleration_in_the_new_zealand_building_industry_2022.pdf,and convert them into practice,ina,systematic way The qualitative evidence
kiwi,25,SBE,Built_Environment,2022,creating_a_case_for_innovation_acceleration_in_the_new_zealand_building_industry_2022.pdf,Conway P 2018 Can the,kiwi,ﬂy Achieving productivity lift off
hoai,22,SBE,Built_Environment,2022,developing_a_framework_for_construction_sector_capacity_2022.pdf,Construction Sector Capacity An Thi,Hoai,Le1 Niluka Domingo1 Casimir MacGregor2
neto,20,SBE,Built_Environment,2022,development_and_analysis_of_an_automated_performance_code_checking_workflow_2022.pdf,regulation and processing times MAINARDI,NETO,2016 Another critical procedure in
aia,18,SBE,Built_Environment,2022,development_and_analysis_of_an_automated_performance_code_checking_workflow_2022.pdf,Exhibit 2013 Available http www,aia,org aiaucmp groups aia documents
kiwi,25,SBE,Built_Environment,2022,exploring_off_site_construction_and_building_information_modelling_integration_challenges_2022.pdf,24 With the advent of,Kiwi,Build and renewed government focus
mori,20,SBE,Built_Environment,2022,exploring_off_site_construction_and_building_information_modelling_integration_challenges_2022.pdf,indoor LED light applications Shigehiko,Mori,Takeshi Gotanda Yoshihiko Nakano et
nga,23,SBE,Construction_Management,2012,a_framework_for_sub_contractor_integration_in_alliance_contracts_2012.pdf,and the Northern Gateway Alliance,NGA,for granting permission to publish
ete,20,SBE,Construction_Management,2012,a_framework_for_sub_contractor_integration_in_alliance_contracts_2012.pdf,built from 468 precast concr,ete,sections constructed off site and
ona,21,SBE,Construction_Management,2012,contemporary_issues_in_building_collapse_and_its_implications_for_sustainable_development_2012.pdf,June 1986 Undecided Unknown 17,Ona,Street Unugu Anambra State Residential
oke,18,SBE,Construction_Management,2012,contemporary_issues_in_building_collapse_and_its_implications_for_sustainable_development_2012.pdf,workmanship structural failure 10 37,Oke,Igbala Mosadoluwa Close Ogba Lagos
mau,114,SBE,Construction_Management,2012,securing_best_prices_for_construction_materials_2012.pdf,material inputs References Abdul malak,MAU,Nadim EA Ghassan RC 2000
materi,16,SBE,Construction_Management,2012,securing_best_prices_for_construction_materials_2012.pdf,especially the cost of the,materi,als Domone and Illston 2010
ree,38,SBE,Construction_Management,2012,strategy_led_construction_2012.pdf,was selected due to th,ree,reasons no control was needed
materi,16,SBE,Construction_Management,2012,supplier_selection_in_the_construction_material_purchasing_function_2012.pdf,should be implemented for the,materi,al considered and this should
reiterate,16,SBE,Construction_Management,2013,a_framework_for_identifying_construction_companies_best_practice_2013.pdf,Aalbregtse Hejka and McNeley 1991,reiterate,the reasons for having fra
ima,30,SBE,Construction_Management,2013,determining_the_magnitude_of_transaction_costs_in_construction_procurement_systems_2013.pdf,DMA and indirect measure approach,IMA,to predict theoretically the amount
wou,18,SBE,Construction_Management,2013,determining_the_magnitude_of_transaction_costs_in_construction_procurement_systems_2013.pdf,and alliances This way it,wou,ld be possible to eliminate
amo,21,SBE,Construction_Management,2013,evaluating_the_effectiveness_of_construction_payment_provisions_in_new_zealand_2013.pdf,consists of rationally distributed views,amo,ngst main industry groups and
mana,69,SBE,Construction_Management,2013,the_effects_of_business_environments_on_corporate_strategies_and_performance_of_construction_organisations_2013.pdf,the major concerns in strategic,mana,gement literature has been the
ake,19,SBE,Construction_Management,2013,the_effects_of_business_environments_on_corporate_strategies_and_performance_of_construction_organisations_2013.pdf,fall back is to m,ake,the most and effective use
natu,19,SBE,Construction_Management,2014,adequacy_of_ventilation_systems_2014.pdf,cannot be controlled For example,natu,ral ventilations systems may under
puri,90,SBE,Construction_Management,2014,an_acd_diagram_developed_for_simulating_a_bridge_construction_operation_2014.pdf,and economical completion of projects,Puri,2012 Project planners therefore need
puri,90,SBE,Construction_Management,2014,developing_activity_cycled_based_diagram_for_simulating_a_bridge_construction_operation_2014.pdf,and economical completion of projects,Puri,2012 Project planners would therefore
mana,69,SBE,Construction_Management,2014,developing_a_holistic_risk_management_plan_in_mitigating_flooding_risks_for_buildings_adjacent_to_the_swan_river_in_perth_western_australia_2014.pdf,builders a nd contractors project,mana,gers hydraulic engineers and academics
pape,18,SBE,Construction_Management,2014,developing_a_holistic_risk_management_plan_in_mitigating_flooding_risks_for_buildings_adjacent_to_the_swan_river_in_perth_western_australia_2014.pdf,to contextualize the research This,pape,r presents the current progress
manawatu,67,SBE,Construction_Management,2014,improving_environmental_management_legislation_to_facilitate_post_disaster_reconstruction_2014.pdf,during reconstruction works in the,Manawatu,floods of 2004 Tonkin and
porirua,52,SBE,Construction_Management,2014,improving_environmental_management_legislation_to_facilitate_post_disaster_reconstruction_2014.pdf,Ed E387 pp 1 17,Porirua,BRANZ Limited Quarantelli E L
rii,23,SBE,Construction_Management,2014,reasons_for_contractors_delay_claims_failures_in_sri_lanka_2014.pdf,statistics and Relative Importance Index,RII,The study found that time
puri,90,SBE,Construction_Management,2014,the_power_of_technology_in_bridge_construction_project_management_2014.pdf,2002 Taylor Franci s 4,Puri,V Incorporation of continuous activities
aia,18,SBE,Construction_Management,2015,analysis_of_the_influence_of_a_strategy_led_planning_approach_on_successful_construction_project_implementation_2015.pdf,technology into construction practice s,AIA,2007 Griloa and Ja rdim
kao,21,SBE,Construction_Management,2015,an_empirical_analysis_of_construction_organisations_competitive_strategies_and_performance_2015.pdf,D Larsen G D and,Kao,C 2008 Competitive strategy revisited
irani,17,SBE,Construction_Management,2015,an_ontology_based_web_service_framework_for_construction_supply_chain_collaboration_and_management_2015.pdf,Love P E D and,Irani,Z 2001 An e business
kaka,19,SBE,Construction_Management,2015,causes_of_payment_problems_in_the_new_zealand_construction_industry_2015.pdf,during work progress Motawa and,Kaka,2009 Ye and Rahman 2010
reiterate,16,SBE,Construction_Management,2015,enhanced_project_brief_2015.pdf,Al Zarooni et al 2011,reiterate,the importance of briefing for
mena,26,SBE,Construction_Management,2015,estimating_transaction_costs_in_the_new_zealand_construction_procurement_2015.pdf,M Ringle C M and,Mena,J A 2012 An assessment
porirua,52,SBE,Construction_Management,2015,evaluating_defect_reporting_in_new_residential_buildings_in_new_zealand_2015.pdf,2025 BRANZ Research Report BRANZ,Porirua,New Zealand 2009 10 Sommerville
repo,17,SBE,Construction_Management,2015,evaluating_defect_reporting_in_new_residential_buildings_in_new_zealand_2015.pdf,of building inspec tion defect,repo,rting for new homes cannot
ature,17,SBE,Construction_Management,2015,evaluating_defect_reporting_in_new_residential_buildings_in_new_zealand_2015.pdf,rther a review of liter,ature,on the subject matter Buildings
mana,69,SBE,Construction_Management,2015,managing_critical_factors_causing_delays_in_public_construction_projects_in_kingdom_of_saudi_arabia_2015.pdf,of change order in project,mana,gement it can be recommended
mana,69,SBE,Construction_Management,2015,measuring_strategic_performance_in_construction_companies_2015.pdf,share a common idea about,mana,gement however each model using
ngowi,22,SBE,Construction_Management,2015,measuring_strategic_performance_in_construction_companies_2015.pdf,such model Rwelamila Talukhaba and,Ngowi,2000 argue that the failure
ori,21,SBE,Construction_Management,2015,measuring_strategic_performance_in_construction_companies_2015.pdf,a business excellence model that,ori,ginates from the combination of
reiterate,16,SBE,Construction_Management,2015,measuring_strategic_performance_in_construction_companies_2015.pdf,Aalbregtse Hejka and McNeley 1991,reiterate,the reasons for having frameworks
ake,19,SBE,Construction_Management,2015,the_new_zealand_construction_contracts_amendment_act_2015_for_better_or_worse_2015.pdf,as residential property owners m,ake,up a quarter of all
pape,18,SBE,Construction_Management,2016,clients_knowledge_of_procurement_systems_and_its_influence_on_construction_project_performance_2016.pdf,revised full papers These final,pape,rs were only included in
keane,17,SBE,Construction_Management,2016,decision_making_model_for_selecting_the_optimum_method_of_delay_analysis_in_construction_projects_2016.pdf,the risk of delayed completion,Keane,and Caletka 2008 This is
toa,25,SBE,Construction_Management,2016,determining_significant_risks_in_the_variability_between_design_stage_elemental_cost_plan_and_final_tender_sum_2016.pdf,these 78 responses which translate,toa,response rate of 43 This
wai,38,SBE,Construction_Management,2016,evaluating_the_budgetary_reliability_of_design_stage_elemental_cost_plan_in_building_procurement_2016.pdf,Oshodi Olalekan Shamsideen Lee Eric,Wai,Ming 14 Modeling The Relationship
ene,32,SBE,Construction_Management,2016,integrating_alternative_technologies_to_improve_built_environment_sustainability_in_africa_2016.pdf,Barron 2014 Urban sustainability considers,ene,rgy efficient buildings sustainable transportation
iea,23,SBE,Construction_Management,2016,integrating_alternative_technologies_to_improve_built_environment_sustainability_in_africa_2016.pdf,Energy Outlook 2014 Executive Summary,IEA,Publication Paris 208SASBE 5 3
arora,19,SBE,Construction_Management,2016,integrating_alternative_technologies_to_improve_built_environment_sustainability_in_africa_2016.pdf,A Weatherley A J and,Arora,M 2016 Key sustainability challenges
motu,20,SBE,Construction_Management,2016,integrating_augmented_reality_and_building_information_modelling_to_facilitate_construction_site_coordination_2016.pdf,N 2016 Retrieved from http,motu,www motu org nz wpapers
rami,20,SBE,Construction_Management,2016,risk_impact_assessments_in_project_budget_development_2016.pdf,construction projects globally theseﬁndings have,rami,ﬁcations for commercial projects by
kaka,19,SBE,Construction_Management,2016,strategies_to_minimise_the_effects_of_delayed_payments_2016.pdf,productivity On a similar note,Kaka,et al 2003 were of
toa,25,SBE,Construction_Management,2016,the_construction_contracts_act_and_its_implications_for_payment_defaults_in_new_zealand_2016.pdf,developers caused delays in payment,toa,substantial number of subcontractors and
kema,27,SBE,Construction_Management,2017,a_comprehensive_analysis_of_the_credits_obtained_by_leed_2009_certified_green_buildings_2017.pdf,to the State of California,Kema,Consultants Oakland 2003 34 Todd
pore,47,SBE,Construction_Management,2017,exploring_the_potential_of_offsite_construction_to_alleviate_constraints_to_house_building_in_western_australia_2017.pdf,along with the level of,pore,pressure is a significant consideration
mei,46,SBE,Construction_Management,2017,exploring_the_potential_of_offsite_construction_to_alleviate_constraints_to_house_building_in_western_australia_2017.pdf,s namely Maintenance efficiency indicator,MEI,Replacement efficiency indicator REI Condition
akaike,43,SBE,Construction_Management,2017,exploring_the_potential_of_offsite_construction_to_alleviate_constraints_to_house_building_in_western_australia_2017.pdf,model selection based on the,Akaike,Information Criterion AIC iv outlier
ree,38,SBE,Construction_Management,2017,exploring_the_potential_of_offsite_construction_to_alleviate_constraints_to_house_building_in_western_australia_2017.pdf,is called recurrent embodied energy,REE,Rauf Crawford 2015 Stephan and
niu,34,SBE,Construction_Management,2017,exploring_the_potential_of_offsite_construction_to_alleviate_constraints_to_house_building_in_western_australia_2017.pdf,H Zheng L Wang J,Niu,Y and Zhang G 2016
ngowi,22,SBE,Construction_Management,2017,exploring_the_potential_of_offsite_construction_to_alleviate_constraints_to_house_building_in_western_australia_2017.pdf,deemed a failure by another,Ngowi,2001 concluded that alliances were
kao,21,SBE,Construction_Management,2017,exploring_the_potential_of_offsite_construction_to_alleviate_constraints_to_house_building_in_western_australia_2017.pdf,management market html Tucker E,Kao,T and Verma N 2005
kaka,19,SBE,Construction_Management,2017,exploring_the_potential_of_offsite_construction_to_alleviate_constraints_to_house_building_in_western_australia_2017.pdf,g Jarrah et al 2007,Kaka,and Price 1991 Kaka 1996
aia,18,SBE,Construction_Management,2017,exploring_the_potential_of_offsite_construction_to_alleviate_constraints_to_house_building_in_western_australia_2017.pdf,The American Institute of Architects,AIA,released E202 2008 Building Information
oke,18,SBE,Construction_Management,2017,exploring_the_potential_of_offsite_construction_to_alleviate_constraints_to_house_building_in_western_australia_2017.pdf,Builders 13 18 Akanni P,Oke,A and Omotilewa O 2014
automa,17,SBE,Construction_Management,2017,exploring_the_potential_of_offsite_construction_to_alleviate_constraints_to_house_building_in_western_australia_2017.pdf,literature review and future needs,Automa,tion in Construction 38 109
irani,17,SBE,Construction_Management,2017,exploring_the_potential_of_offsite_construction_to_alleviate_constraints_to_house_building_in_western_australia_2017.pdf,a similar vein Love Edwards,Irani,2004 described rework as doing
huo,16,SBE,Construction_Management,2017,exploring_the_potential_of_offsite_construction_to_alleviate_constraints_to_house_building_in_western_australia_2017.pdf,high satisfaction 3 4 Kiiras,Huo,vinen 2004 From building contractors
reiterate,16,SBE,Construction_Management,2017,exploring_the_potential_of_offsite_construction_to_alleviate_constraints_to_house_building_in_western_australia_2017.pdf,Missimer Robèrt and Broman 2017,reiterate,the non integration of SS
hei,16,SBE,Construction_Management,2017,exploring_the_potential_of_offsite_construction_to_alleviate_constraints_to_house_building_in_western_australia_2017.pdf,a key policy driver in,HEI,s relating to quality of
repo,17,SBE,Construction_Management,2017,implementation_of_the_lps_using_an_excel_spreadsheet_2017.pdf,rate according to the information,repo,rted by different teams Hence
ano,22,SBE,Construction_Management,2017,leverage_viability_to_secure_the_investment_return_for_palembang_monorail_project_using_public_private_partnership_financial_scheme_2017.pdf,n 2014 the study of,ano,ther leverage method without any
roa,16,SBE,Construction_Management,2017,leverage_viability_to_secure_the_investment_return_for_palembang_monorail_project_using_public_private_partnership_financial_scheme_2017.pdf,city centre and its main,roa,ds During peak hours large
maki,18,SBE,Construction_Management,2017,modelling_knowledge_integration_process_in_early_contractor_involvement_procurement_at_tender_stage_2017.pdf,culture was maintained and decision,maki,ng was sound On a
irani,17,SBE,Construction_Management,2017,modelling_knowledge_integration_process_in_early_contractor_involvement_procurement_at_tender_stage_2017.pdf,Fong P S W and,Irani,Z Eds Management of Knowledge
mei,46,SBE,Construction_Management,2017,preliminary_contractual_framework_for_bim_enabled_projects_2017.pdf,Shang Hsien Hsieh4 and Ching,Mei,Tsai5 3 ABSTRACT 4 Building
aia,18,SBE,Construction_Management,2017,preliminary_contractual_framework_for_bim_enabled_projects_2017.pdf,American Institute of 25 Architects,AIA,has published Document E203 TM
anu,29,SBE,Construction_Management,2017,towards_developing_robust_climate_risk_management_strategies_in_the_estuarine_park_of_the_swan_river_western_australia_2017.pdf,McKinsey available at https crawford,anu,edu au public_policy_community workshops climate_change_adaptation_in_
opoku,26,SBE,Construction_Management,2017,towards_developing_robust_climate_risk_management_strategies_in_the_estuarine_park_of_the_swan_river_western_australia_2017.pdf,environment research in Ahmed V,Opoku,A and Aziz Z Eds
romero,38,SBE,Construction_Management,2017,"trends_and_opportunities_of_bim_gis_integration_in_the_architecture,_engineering_and_construction_industry_2017.pdf",2016 pp 1323 1331 20,Romero,A Izkara J L Mediavilla
niu,34,SBE,Construction_Management,2017,"trends_and_opportunities_of_bim_gis_integration_in_the_architecture,_engineering_and_construction_industry_2017.pdf",397 25 of 32 89,Niu,S Pan W Zhao Y
aia,18,SBE,Construction_Management,2017,"trends_and_opportunities_of_bim_gis_integration_in_the_architecture,_engineering_and_construction_industry_2017.pdf",2014 2 123 CrossRef 168,AIA,Document E202 Building Information Modeling
opoku,26,SBE,Construction_Management,2017,unlocking_the_potential_of_early_contractor_involvement_in_reducing_design_risks_in_commercial_building_refurbishment_projects_2017.pdf,research In V Ahmed A,Opoku,Z Aziz Eds Research methodology
opoku,26,SBE,Construction_Management,2018,developing_work_breakdown_structure_matrix_for_managing_offsite_construction_projects_2018.pdf,Environment Research In Ahmed V,Opoku,A and Aziz Z Eds
hira,30,SBE,Construction_Management,2018,enabling_an_effective_knowledge_and_information_flow_between_the_phases_of_building_construction_and_facilities_management_2018.pdf,details Morton 2011 Skripac and,Hira,2013 Unfortunately t he capabilities
opoku,26,SBE,Construction_Management,2018,enabling_an_effective_knowledge_and_information_flow_between_the_phases_of_building_construction_and_facilities_management_2018.pdf,Case Studies V Ahmed A,Opoku,and Z Aziz Oxford Taylor
noti,71,SBE,Construction_Management,2018,enhancing_off_site_manufacturing_through_early_contractor_involvement_in_new_zealand_2018.pdf,and the contractor s early,noti,ﬁcation of design issues Opportunity
opoku,26,SBE,Construction_Management,2018,exploring_the_potential_for_achieving_the_triple_bottom_line_of_sustainability_through_offsite_manufacturing_2018.pdf,Environment Research In Ahmed V,Opoku,A and Aziz Z Eds
ature,17,SBE,Construction_Management,2018,exploring_the_potential_for_achieving_the_triple_bottom_line_of_sustainability_through_offsite_manufacturing_2018.pdf,the findings from the liter,ature,review discussed above a framework
kaka,19,SBE,Construction_Management,2018,securing_the_embeddedness_of_psychosocial_diffusion_indicators_into_the_turkish_construction_industry_2018.pdf,planning aligns to financial budgeting,Kaka,and Price 1994 where stakeholder
irani,17,SBE,Construction_Management,2018,securing_the_embeddedness_of_psychosocial_diffusion_indicators_into_the_turkish_construction_industry_2018.pdf,adapt to change Love and,Irani,2004 2 3 Psychosocial Diffusion
whanganui,18,SBE,Construction_Management,2019,a_performance_based_framework_to_prioritise_underutilised_historical_buildings_for_adaptive_reuse_interventions_in_new_zealand_2019.pdf,centre re generation agenda for,Whanganui,to explore and balance their
ito,60,SBE,Construction_Management,2019,critical_success_factors_of_public_private_partnerships_in_new_zealand_2019.pdf,J HIROYOSHI N TSUNEKAWA M,ITO,M OKAMOTO H 2007 Carrier
rotorua,57,SBE,Construction_Management,2019,critical_success_factors_of_public_private_partnerships_in_new_zealand_2019.pdf,Palmerston North Napier New Plymouth,Rotorua,Whangarei Nelson Invercargill Hastings Whanganui
pore,47,SBE,Construction_Management,2019,critical_success_factors_of_public_private_partnerships_in_new_zealand_2019.pdf,contents within the close d,pore,structures González Corrochano et al
romero,38,SBE,Construction_Management,2019,critical_success_factors_of_public_private_partnerships_in_new_zealand_2019.pdf,E Aguilar Fernández M Pérez,Romero,P 2017 Internet Prospective Study
epi,31,SBE,Construction_Management,2019,critical_success_factors_of_public_private_partnerships_in_new_zealand_2019.pdf,demand The Environmental Performance Index,EPI,ranks environmental performan ce on
hira,30,SBE,Construction_Management,2019,critical_success_factors_of_public_private_partnerships_in_new_zealand_2019.pdf,as H S workforce training,HIRA,H S awareness and H
ena,28,SBE,Construction_Management,2019,critical_success_factors_of_public_private_partnerships_in_new_zealand_2019.pdf,new rules of measurements has,ena,bled to tackle the inconsistency
ope,27,SBE,Construction_Management,2019,critical_success_factors_of_public_private_partnerships_in_new_zealand_2019.pdf,workers but also in part,ope,rates outside the law is
popu,27,SBE,Construction_Management,2019,critical_success_factors_of_public_private_partnerships_in_new_zealand_2019.pdf,with Australian and Queensland male,popu,lation suicide rates referring to
uo,26,SBE,Construction_Management,2019,critical_success_factors_of_public_private_partnerships_in_new_zealand_2019.pdf,612 Zhao Z Y Z,uo,J Z illante G W
mena,26,SBE,Construction_Management,2019,critical_success_factors_of_public_private_partnerships_in_new_zealand_2019.pdf,and European perspectives Guillermo Aranda,Mena,and Paulo Vaz Serra 434
kiwi,25,SBE,Construction_Management,2019,critical_success_factors_of_public_private_partnerships_in_new_zealand_2019.pdf,construction industry 2 lack of,kiwi,focused in BIM initiatives led
ato,25,SBE,Construction_Management,2019,critical_success_factors_of_public_private_partnerships_in_new_zealand_2019.pdf,Manu Prosper Babon Ayeng Frank,Ato,Ghansah Caleb Debrah Frank Boateng
ngowi,22,SBE,Construction_Management,2019,critical_success_factors_of_public_private_partnerships_in_new_zealand_2019.pdf,rates and our built fabric,Ngowi,et al 2005 The prosperity
ona,21,SBE,Construction_Management,2019,critical_success_factors_of_public_private_partnerships_in_new_zealand_2019.pdf,It is reported by Jatar,ona,et al 2016 that there
motu,20,SBE,Construction_Management,2019,critical_success_factors_of_public_private_partnerships_in_new_zealand_2019.pdf,Statistics New Zealand 2018b and,Motu,a New Zealand urban population
rami,20,SBE,Construction_Management,2019,critical_success_factors_of_public_private_partnerships_in_new_zealand_2019.pdf,approaches for aged care facilities,Rami,Mezher and Mary Hardie 144
ete,20,SBE,Construction_Management,2019,critical_success_factors_of_public_private_partnerships_in_new_zealand_2019.pdf,to reduce accurate and compl,ete,p roject design which is
merino,19,SBE,Construction_Management,2019,critical_success_factors_of_public_private_partnerships_in_new_zealand_2019.pdf,Sáez Porras Amores del Río,Merino,2015 Waste quantification Retrofitting of
natu,19,SBE,Construction_Management,2019,critical_success_factors_of_public_private_partnerships_in_new_zealand_2019.pdf,indicators are largely manual in,natu,re Awolusi et al 2018
whanganui,18,SBE,Construction_Management,2019,critical_success_factors_of_public_private_partnerships_in_new_zealand_2019.pdf,t he document analysis revealed,Whanganui,and Invercargill as two typical
maki,18,SBE,Construction_Management,2019,critical_success_factors_of_public_private_partnerships_in_new_zealand_2019.pdf,Saxena P Hobor A 2016,Maki,ng Smart Contracts Smarter ACM
oke,18,SBE,Construction_Management,2019,critical_success_factors_of_public_private_partnerships_in_new_zealand_2019.pdf,and client s financial difficulties,Oke,Aigbavboa Khangale 2017 conducted a
uti,17,SBE,Construction_Management,2019,critical_success_factors_of_public_private_partnerships_in_new_zealand_2019.pdf,will be multiplied by the,uti,lity score to obtain a
kumi,17,SBE,Construction_Management,2019,critical_success_factors_of_public_private_partnerships_in_new_zealand_2019.pdf,G Edwards P J Adjei,Kumi,T Badu E Amoah E
naire,16,SBE,Construction_Management,2019,critical_success_factors_of_public_private_partnerships_in_new_zealand_2019.pdf,by utilizing an online question,naire,to gather the feedback from
ito,60,SBE,Construction_Management,2019,factors_limiting_performance_of_the_construction_industry_2019.pdf,J HIROYOSHI N TSUNEKAWA M,ITO,M OKAMOTO H 2007 Carrier
rotorua,57,SBE,Construction_Management,2019,factors_limiting_performance_of_the_construction_industry_2019.pdf,Palmerston North Napier New Plymouth,Rotorua,Whangarei Nelson Invercargill Hastings Whanganui
romero,38,SBE,Construction_Management,2019,factors_limiting_performance_of_the_construction_industry_2019.pdf,E Aguilar Fernández M Pérez,Romero,P 2017 Internet Prospective Study
epi,31,SBE,Construction_Management,2019,factors_limiting_performance_of_the_construction_industry_2019.pdf,demand The Environmental Performance Index,EPI,ranks environmental performan ce on
hira,30,SBE,Construction_Management,2019,factors_limiting_performance_of_the_construction_industry_2019.pdf,as H S workforce training,HIRA,H S awareness and H
ena,28,SBE,Construction_Management,2019,factors_limiting_performance_of_the_construction_industry_2019.pdf,new rules of measurements has,ena,bled to tackle the inconsistency
ope,27,SBE,Construction_Management,2019,factors_limiting_performance_of_the_construction_industry_2019.pdf,workers but also in part,ope,rates outside the law is
popu,27,SBE,Construction_Management,2019,factors_limiting_performance_of_the_construction_industry_2019.pdf,with Australian and Queensland male,popu,lation suicide rates referring to
uo,26,SBE,Construction_Management,2019,factors_limiting_performance_of_the_construction_industry_2019.pdf,612 Zhao Z Y Z,uo,J Z illante G W
ato,25,SBE,Construction_Management,2019,factors_limiting_performance_of_the_construction_industry_2019.pdf,Manu Prosper Babon Ayeng Frank,Ato,Ghansah Caleb Debrah Frank Boateng
ngowi,22,SBE,Construction_Management,2019,factors_limiting_performance_of_the_construction_industry_2019.pdf,rates and our built fabric,Ngowi,et al 2005 The prosperity
motu,20,SBE,Construction_Management,2019,factors_limiting_performance_of_the_construction_industry_2019.pdf,Statistics New Zealand 2018b and,Motu,a New Zealand urban population
rami,20,SBE,Construction_Management,2019,factors_limiting_performance_of_the_construction_industry_2019.pdf,approaches for aged care facilities,Rami,Mezher and Mary Hardie 144
ete,20,SBE,Construction_Management,2019,factors_limiting_performance_of_the_construction_industry_2019.pdf,to reduce accurate and compl,ete,p roject design which is
natu,19,SBE,Construction_Management,2019,factors_limiting_performance_of_the_construction_industry_2019.pdf,indicators are largely manual in,natu,re Awolusi et al 2018
whanganui,18,SBE,Construction_Management,2019,factors_limiting_performance_of_the_construction_industry_2019.pdf,t he document analysis revealed,Whanganui,and Invercargill as two typical
maki,18,SBE,Construction_Management,2019,factors_limiting_performance_of_the_construction_industry_2019.pdf,Saxena P Hobor A 2016,Maki,ng Smart Contracts Smarter ACM
oke,18,SBE,Construction_Management,2019,factors_limiting_performance_of_the_construction_industry_2019.pdf,and client s financial difficulties,Oke,Aigbavboa Khangale 2017 conducted a
uti,17,SBE,Construction_Management,2019,factors_limiting_performance_of_the_construction_industry_2019.pdf,will be multiplied by the,uti,lity score to obtain a
kumi,17,SBE,Construction_Management,2019,factors_limiting_performance_of_the_construction_industry_2019.pdf,G Edwards P J Adjei,Kumi,T Badu E Amoah E
naire,16,SBE,Construction_Management,2019,factors_limiting_performance_of_the_construction_industry_2019.pdf,by utilizing an online question,naire,to gather the feedback from
waikato,80,SBE,Construction_Management,2020,applying_secure_information_based_mechanism_for_prefabrication_supply_chain_integration_2020.pdf,2018 Christchurch City Council 2019,Waikato,City Council 2018 Rotorua City
mei,46,SBE,Construction_Management,2020,applying_secure_information_based_mechanism_for_prefabrication_supply_chain_integration_2020.pdf,M Mohammed A Jaafar M,Mei,J Baba M 2017 Green
iea,23,SBE,Construction_Management,2020,applying_secure_information_based_mechanism_for_prefabrication_supply_chain_integration_2020.pdf,GHG emissions International Energy Agency,IEA,and the United Nations Environment
kauri,22,SBE,Construction_Management,2020,applying_secure_information_based_mechanism_for_prefabrication_supply_chain_integration_2020.pdf,many materials such as old,kauri,floorboards it ensures that the
hoai,22,SBE,Construction_Management,2020,applying_secure_information_based_mechanism_for_prefabrication_supply_chain_integration_2020.pdf,New Zealand 1Le An Thi,Hoai,2Domingo Niluka 3Rasheed Eziaku 4Park
amore,21,SBE,Construction_Management,2020,applying_secure_information_based_mechanism_for_prefabrication_supply_chain_integration_2020.pdf,Hamer Adams A Ombler J,Amore,K 2015 What effect will
motu,20,SBE,Construction_Management,2020,applying_secure_information_based_mechanism_for_prefabrication_supply_chain_integration_2020.pdf,player in the A league,Motu,Economic and Public Policy Research
wou,18,SBE,Construction_Management,2020,applying_secure_information_based_mechanism_for_prefabrication_supply_chain_integration_2020.pdf,2 2013 from http woulibrary,wou,edu my library pdf CIMPlan
ngai,18,SBE,Construction_Management,2020,applying_secure_information_based_mechanism_for_prefabrication_supply_chain_integration_2020.pdf,integration of supply chain networks,Ngai,Cheng Ho 2004 Information technology
waikato,80,SBE,Construction_Management,2020,a_rank_order_of_determinants_of_construction_organisations_performance_in_new_zealand_2020.pdf,New Zealand are Auckland Canterbury,Waikato,Bay of Plenty and Wellington
waikato,80,SBE,Construction_Management,2020,energy_retrofitting_2020.pdf,2018 Christchurch City Council 2019,Waikato,City Council 2018 Rotorua City
iea,23,SBE,Construction_Management,2020,energy_retrofitting_2020.pdf,GHG emissions International Energy Agency,IEA,and the United Nations Environment
kauri,22,SBE,Construction_Management,2020,energy_retrofitting_2020.pdf,many materials such as old,kauri,floorboards it ensures that the
hoai,22,SBE,Construction_Management,2020,energy_retrofitting_2020.pdf,New Zealand 1Le An Thi,Hoai,2Domingo Niluka 3Rasheed Eziaku 4Park
amore,21,SBE,Construction_Management,2020,energy_retrofitting_2020.pdf,Hamer Adams A Ombler J,Amore,K 2015 What effect will
wou,18,SBE,Construction_Management,2020,energy_retrofitting_2020.pdf,2 2013 from http woulibrary,wou,edu my library pdf CIMPlan
ngai,18,SBE,Construction_Management,2020,energy_retrofitting_2020.pdf,integration of supply chain networks,Ngai,Cheng Ho 2004 Information technology
iea,23,SBE,Construction_Management,2020,nature_of_new_zealand_construction_industry_2020.pdf,GHG emissions International Energy Agency,IEA,and the United Nations Environment
kauri,22,SBE,Construction_Management,2020,nature_of_new_zealand_construction_industry_2020.pdf,many materials such as old,kauri,floorboards it ensures that the
amore,21,SBE,Construction_Management,2020,nature_of_new_zealand_construction_industry_2020.pdf,Hamer Adams A Ombler J,Amore,K 2015 What effect will
ature,17,SBE,Construction_Management,2020,occupant_energy_behaviours_2020.pdf,occupant energy behaviours From liter,ature,IEQ is broadly categorized categorised
kauri,22,SBE,Construction_Management,2020,rework_management_in_life_cycle_of_project_2020.pdf,many materials such as old,kauri,floorboards it ensures that the
iwi,45,SBE,Construction_Management,2020,to_improve_the_strategic_decision_making_for_effective_governance_of_public_spend_regenerative_projects_2020.pdf,projects are trialing appointment of,Iwi,representatives as professional design delivery
whenua,39,SBE,Construction_Management,2020,to_improve_the_strategic_decision_making_for_effective_governance_of_public_spend_regenerative_projects_2020.pdf,Example Local Community Groups Mana,Whenua,and Tangata Whenua End Users
toa,25,SBE,Construction_Management,2021,facilitating_digital_transformation_in_constructions_2021.pdf,of digital technologies has led,toa,shift from symbolic 2D drawings
wherea,21,SBE,Construction_Management,2021,facilitating_digital_transformation_in_constructions_2021.pdf,ROI on digital investments increases,wherea,small amount of data is
oke,18,SBE,Construction_Management,2021,facilitating_digital_transformation_in_constructions_2021.pdf,pdf Aghimien D Aigbavboa C,Oke,A Thwala W and Moripe
mau,114,SBE,Construction_Management,2021,modular_prefabricated_classrooms_2021.pdf,is well documented in literature,Mau,et al 2000 Pio et
ito,60,SBE,Construction_Management,2021,modular_prefabricated_classrooms_2021.pdf,democracy London Routledge Murota Y,Ito,K 1996 Global warming and
romero,38,SBE,Construction_Management,2021,modular_prefabricated_classrooms_2021.pdf,420 Wells E M Delgado,Romero,E A Shelton K L
niu,34,SBE,Construction_Management,2021,modular_prefabricated_classrooms_2021.pdf,of the modules on site,Niu,et al 2019 Although BIM
anu,29,SBE,Construction_Management,2021,modular_prefabricated_classrooms_2021.pdf,2017 Keys to Resilience at,ANU,An Exploration into Stu dent
ena,28,SBE,Construction_Management,2021,modular_prefabricated_classrooms_2021.pdf,Revit model classroom elements that,ena,bled detailed comparative analysis However
uo,26,SBE,Construction_Management,2021,modular_prefabricated_classrooms_2021.pdf,skills The ABP Faculty at,Uo,M had bought a subscription
ato,25,SBE,Construction_Management,2021,modular_prefabricated_classrooms_2021.pdf,Research National Australian Bank NAB,ATO,Research Suncorp former employee Research
pare,23,SBE,Construction_Management,2021,modular_prefabricated_classrooms_2021.pdf,this degree program will pre,pare,them for professional practice within
kao,21,SBE,Construction_Management,2021,modular_prefabricated_classrooms_2021.pdf,backgrounds Cheng and Starks 2002,Kao,and Tienda 1998 reported lower
tapia,20,SBE,Construction_Management,2021,modular_prefabricated_classrooms_2021.pdf,al 2018 teacher support Alonso,Tapia,et al 2013 van Breda
arora,19,SBE,Construction_Management,2021,modular_prefabricated_classrooms_2021.pdf,Luthars Avey Avolio Peterson 2010,Arora,Rangnekar 2015 Mentors have the
natu,19,SBE,Construction_Management,2021,modular_prefabricated_classrooms_2021.pdf,to the economy the cyclical,natu,re of work in the
mata,18,SBE,Construction_Management,2021,modular_prefabricated_classrooms_2021.pdf,and surveys The article by,Mata,et al 2020 bringing nature
keane,17,SBE,Construction_Management,2021,modular_prefabricated_classrooms_2021.pdf,Hassanein and El Nemr 2008,Keane,1994 Nguyen and Ibbs 2008
kumi,17,SBE,Construction_Management,2021,modular_prefabricated_classrooms_2021.pdf,Dadzoe Micheal Addy Godwin Kojo,Kumi,Acquah 131 BIM Based Cost
ature,17,SBE,Construction_Management,2021,modular_prefabricated_classrooms_2021.pdf,key findings within published liter,ature,It was important to establish
hone,16,SBE,Construction_Management,2021,modular_prefabricated_classrooms_2021.pdf,the importance for employees to,hone,in on their career resilience
huo,16,SBE,Construction_Management,2021,modular_prefabricated_classrooms_2021.pdf,319 333 Flynn B B,Huo,B Zhao X 2010 The
naire,16,SBE,Construction_Management,2021,modular_prefabricated_classrooms_2021.pdf,order to fortify the question,naire,administered to achieve the aim
puri,90,SBE,Construction_Management,2021,unmanned_aerial_vehicle_based_low_carbon_monitoring_planning_2021.pdf,43 2020 101009 15 V,Puri,A Nayyar L Raja Agriculture
niwa,48,SBE,Construction_Management,2022,asset_management_for_the_built_environment_2022.pdf,of Water and Atmospheric Research,NIWA,weather station in Kyle Street
iwi,45,SBE,Construction_Management,2022,asset_management_for_the_built_environment_2022.pdf,body representatives researchers and community,iwi,and mana whenua groups Various
whenua,39,SBE,Construction_Management,2022,asset_management_for_the_built_environment_2022.pdf,and community iwi and mana,whenua,groups Various themes resulted from
romero,38,SBE,Construction_Management,2022,asset_management_for_the_built_environment_2022.pdf,amplification and limiting inelastic deformations,Romero,1995 Soong Spencer Jr 2002
ene,32,SBE,Construction_Management,2022,asset_management_for_the_built_environment_2022.pdf,behaviour on heating and cooling,ene,rgy demand based on simulations
ena,28,SBE,Construction_Management,2022,asset_management_for_the_built_environment_2022.pdf,to their grids Figure 1,ena,Lines Company Map Local electricity
minima,28,SBE,Construction_Management,2022,asset_management_for_the_built_environment_2022.pdf,handover is done reasonably with,minima,l disruption to network maintenance
ete,20,SBE,Construction_Management,2022,asset_management_for_the_built_environment_2022.pdf,different machine setups 3D concr,ete,printing technology Elsevier 115 136
arora,19,SBE,Construction_Management,2022,asset_management_for_the_built_environment_2022.pdf,position remains al most global,Arora,Srinivasan 2020 Murphy 2020 Aristovnik
natu,19,SBE,Construction_Management,2022,asset_management_for_the_built_environment_2022.pdf,2007 Explicating dynamic capabilities the,natu,re and microfoundations of sustainable
aro,18,SBE,Construction_Management,2022,asset_management_for_the_built_environment_2022.pdf,54 62 doi 10 14500,aro,10604 Smits W van Buiten
automa,17,SBE,Construction_Management,2022,asset_management_for_the_built_environment_2022.pdf,and Ore J P 2021,Automa,ted object manipulation using vision
uti,17,SBE,Construction_Management,2022,asset_management_for_the_built_environment_2022.pdf,role of blend that was,uti,lized in this study is
kumi,17,SBE,Construction_Management,2022,asset_management_for_the_built_environment_2022.pdf,Gyamfi S Diawuo F A,Kumi,E N Sika F and
materi,16,SBE,Construction_Management,2022,asset_management_for_the_built_environment_2022.pdf,on to ensure the CLT,materi,al is suitable for the
naire,16,SBE,Construction_Management,2022,asset_management_for_the_built_environment_2022.pdf,experts to complete the question,naire,The more sampling the researcher
hei,16,SBE,Construction_Management,2022,asset_management_for_the_built_environment_2022.pdf,and hazards of falls from,hei,ght Kamardeen 2019 Factors in
materi,16,SBE,Construction_Management,2022,comparing_two_ai_methods_for_predicting_the_future_trend_of_new_zealand_building_projects_2022.pdf,performance evaluation Construction and Building,Materi,als 268 121082 25 Karimi
noti,71,SBE,Construction_Management,2022,disruptive_technologies_and_human_involvement_in_automating_construction_industry_towards_industry_5_0_2022.pdf,managers will receive Increased hazard,noti,fications and data providing real
whenua,39,SBE,Construction_Management,2022,evaluating_capacity_and_capability_of_the_construction_sector_2022.pdf,and community iwi and mana,whenua,groups Various themes resulted from
ene,32,SBE,Construction_Management,2022,evaluating_capacity_and_capability_of_the_construction_sector_2022.pdf,behaviour on heating and cooling,ene,rgy demand based on simulations
ena,28,SBE,Construction_Management,2022,evaluating_capacity_and_capability_of_the_construction_sector_2022.pdf,to their grids Figure 1,ena,Lines Company Map Local electricity
minima,28,SBE,Construction_Management,2022,evaluating_capacity_and_capability_of_the_construction_sector_2022.pdf,handover is done reasonably with,minima,l disruption to network maintenance
arora,19,SBE,Construction_Management,2022,evaluating_capacity_and_capability_of_the_construction_sector_2022.pdf,position remains al most global,Arora,Srinivasan 2020 Murphy 2020 Aristovnik
aro,18,SBE,Construction_Management,2022,evaluating_capacity_and_capability_of_the_construction_sector_2022.pdf,54 62 doi 10 14500,aro,10604 Smits W van Buiten
uti,17,SBE,Construction_Management,2022,evaluating_capacity_and_capability_of_the_construction_sector_2022.pdf,role of blend that was,uti,lized in this study is
ene,32,SBE,Construction_Management,2022,regenerative_public_spend_projects_in_new_zealand_built_environment_2022.pdf,behaviour on heating and cooling,ene,rgy demand based on simulations
minima,28,SBE,Construction_Management,2022,regenerative_public_spend_projects_in_new_zealand_built_environment_2022.pdf,handover is done reasonably with,minima,l disruption to network maintenance
aro,18,SBE,Construction_Management,2022,regenerative_public_spend_projects_in_new_zealand_built_environment_2022.pdf,54 62 doi 10 14500,aro,10604 Smits W van Buiten
minima,28,SBE,Construction_Management,2022,self_reported_occupant_behaviours_and_multi_domain_comfort_preferences_in_new_zealand_tertiary_office_buildings_2022.pdf,handover is done reasonably with,minima,l disruption to network maintenance
huo,16,SBE,Construction_Management,2022,statistical_cost_modelling_for_preliminary_stage_cost_estimation_of_infrastructure_projects_2022.pdf,techniques in estimation References 1,Huo,T Ren H Cai W
hone,16,SBE,Construction_Management,2022,the_challenges_of_land_development_for_housing_provision_in_new_zealand_2022.pdf,so that the study could,hone,on key knowledge gaps In
minima,28,SBE,Construction_Management,2022,toward_improving_capacity_and_capability_of_prefabrication_construction_in_new_zealands_construction_sector_2022.pdf,handover is done reasonably with,minima,l disruption to network maintenance
ori,21,SBE,Quantity_Surveying,2015,assessment_of_the_impact_of_complex_healthcare_features_on_construction_waste_generation_2015.pdf,Brouwers 19 Ekanayake and Of,ori,17 Kulathunga et al 65
mau,114,SBE,Quantity_Surveying,2021,reconstruction_technologies_2021.pdf,is well documented in literature,Mau,et al 2000 Pio et
ito,60,SBE,Quantity_Surveying,2021,reconstruction_technologies_2021.pdf,democracy London Routledge Murota Y,Ito,K 1996 Global warming and
anu,29,SBE,Quantity_Surveying,2021,reconstruction_technologies_2021.pdf,2017 Keys to Resilience at,ANU,An Exploration into Stu dent
uo,26,SBE,Quantity_Surveying,2021,reconstruction_technologies_2021.pdf,skills The ABP Faculty at,Uo,M had bought a subscription
ato,25,SBE,Quantity_Surveying,2021,reconstruction_technologies_2021.pdf,Research National Australian Bank NAB,ATO,Research Suncorp former employee Research
pare,23,SBE,Quantity_Surveying,2021,reconstruction_technologies_2021.pdf,this degree program will pre,pare,them for professional practice within
kao,21,SBE,Quantity_Surveying,2021,reconstruction_technologies_2021.pdf,backgrounds Cheng and Starks 2002,Kao,and Tienda 1998 reported lower
tapia,20,SBE,Quantity_Surveying,2021,reconstruction_technologies_2021.pdf,al 2018 teacher support Alonso,Tapia,et al 2013 van Breda
mata,18,SBE,Quantity_Surveying,2021,reconstruction_technologies_2021.pdf,and surveys The article by,Mata,et al 2020 bringing nature
keane,17,SBE,Quantity_Surveying,2021,reconstruction_technologies_2021.pdf,Hassanein and El Nemr 2008,Keane,1994 Nguyen and Ibbs 2008
hone,16,SBE,Quantity_Surveying,2021,reconstruction_technologies_2021.pdf,the importance for employees to,hone,in on their career resilience
huo,16,SBE,Quantity_Surveying,2021,reconstruction_technologies_2021.pdf,319 333 Flynn B B,Huo,B Zhao X 2010 The
nakamura,29,SMCS,Computer Science,2012,knowledge_representation_and_reasoning_for_sensory_rich_smart_environments_to_support_independent_living_2012.pdf,395 2011 37 Eduardo F,Nakamura,Antonio A F Loureiro and
pare,23,SMCS,Computer Science,2012,knowledge_representation_and_reasoning_for_sensory_rich_smart_environments_to_support_independent_living_2012.pdf,in which all rules of,Pare,true according to the standard
ano,22,SMCS,Computer Science,2012,methodologies_for_qualitative_spatial_and_temporal_reasoning_application_design_2012.pdf,including the relation mountain and,ano,ther for qualitative differences in
noti,71,SMCS,Computer Science,2013,forecasting_the_behavior_of_an_elderly_using_wireless_sensors_data_in_a_smart_home_2013.pdf,time series data Precisely it,noti,ﬁes the hidden temporal patterns
nakai,18,SMCS,Computer Science,2013,interpreting_observed_action_2013.pdf,instead of what References 1Tomohiro,Nakai,Koichi Kise and Masakazu Iwamura
iare,28,SMCS,Computer Science,2014,prca_a_parallel_relational_concept_analysis_framework_2014.pdf,values in a given row,iare,equal to a constant cand
ori,21,SMCS,Computer Science,2014,unsupervised_discriminant_canonical_correlation_analysis_for_feature_fusion_2014.pdf,original 112 92image denoted as,ori,2 the second ones is
runge,36,SMCS,Computer Science,2015,spatial_health_systems_2015.pdf,pp 298 304 2013 90,Runge,M Hunter G Determinants of
iare,28,SMCS,Computer Science,2016,likelihood_field_model_based_dynamic_vehicle_detection_and_tracking_for_self_driving_2016.pdf,bins between bj iand bmax,iare,occluded ones the blue bins
anu,29,SMCS,Computer Science,2016,optimization_of_traffic_signals_using_deep_learning_neural_networks_2016.pdf,Nayak Macquarie University AustraliaFatih Porikli,ANU,Australia Mikhail Prokopenko University of
iare,28,SMCS,Computer Science,2016,optimization_of_traffic_signals_using_deep_learning_neural_networks_2016.pdf,the document topic assignments zr,iare,in dependent among documents the
toa,25,SMCS,Computer Science,2016,optimization_of_traffic_signals_using_deep_learning_neural_networks_2016.pdf,of the times of arrival,TOA,of the resulting optimal policies
nare,24,SMCS,Computer Science,2016,optimization_of_traffic_signals_using_deep_learning_neural_networks_2016.pdf,are probabilistic atoms b1 b,nare,literals is for disjunction Informally
pare,23,SMCS,Computer Science,2016,optimization_of_traffic_signals_using_deep_learning_neural_networks_2016.pdf,achieving similar accuracy We com,pare,this memory eﬃcient version of
kao,21,SMCS,Computer Science,2016,optimization_of_traffic_signals_using_deep_learning_neural_networks_2016.pdf,H Chen A L P,Kao,H Y eds PAKDD 2014
neto,20,SMCS,Computer Science,2016,optimization_of_traffic_signals_using_deep_learning_neural_networks_2016.pdf,novel study De Oliveira and,Neto,used simulation software and presented
keane,17,SMCS,Computer Science,2016,optimization_of_traffic_signals_using_deep_learning_neural_networks_2016.pdf,354 1986 19 Smyth B,Keane,M T Remembering to forget
ano,22,SMCS,Computer Science,2017,a_longitudinal_journey_with_byod_classrooms_issues_of_access_capability_and_outcome_divides_2017.pdf,skills of the users Gazi,ano,2010 With the infusion of
manawatu,67,SMCS,Computer Science,2017,intelligent_digital_environment_for_wellbeing_and_health_2017.pdf,Guesgenb a School of Management,Manawatu,Campus Massey University Palmerston North
hone,16,SMCS,Computer Science,2018,back_to_the_future_with_old_fashioned_conversations_2018.pdf,to assist HDR students to,hone,their introduction and abstract writing
iare,28,SMCS,Computer Science,2018,joint_user_knowledge_and_matrix_factorization_for_recommender_systems_2018.pdf,to p c uandq c,iare,computed as L p c
ori,21,SMCS,Computer Science,2018,review_on_mining_data_from_multiple_data_sources_2018.pdf,association rule mining named Apri,ori,algorithm is presented by Agrawal
nono,23,SMCS,Computer Science,2019,gendered_objectification_of_weight_stigma_in_social_media_2019.pdf,help Period Fat is a,Nono,Being lied to is a
rami,20,SMCS,Computer Science,2019,gender_diversity_population_simulations_in_an_extended_game_of_life_context_2019.pdf,in turn could have serious,rami,cations on social harmony and
manawatu,67,SMCS,Computer Science,2019,reduce_calibration_time_in_motor_imagery_using_spatially_regularized_symmetric_positives_definite_matrices_based_classification_2019.pdf,of Fundamental Sciences Massey University,Manawatu,Private Bag 11 222 Palmerston
manawatu,67,SMCS,Computer Science,2019,technology_to_assist_aging_in_place_2019.pdf,Engineerin g and Advanced Technology,Manawatu,campus Massey University Palmerston North
nare,24,SMCS,Computer Science,2020,blockchain_meets_dag_a_blockdag_consensus_mechanism_2020.pdf,1 αi And X1 X,nare,independent with each other Let
nakai,18,SMCS,Computer Science,2021,blockchain_based_mobile_edge_computing_system_2021.pdf,S Ranganathan M Gribskov K,Nakai,C Schönbach Eds Encycl Bioinform
ima,30,SMCS,Computer Science,2021,underwater_species_detection_using_channel_sharpening_attention_2021.pdf,and Invert Multi Class Adaboost,IMA,had been presented to solve
ori,21,SMCS,Computer Science,2021,underwater_species_detection_using_channel_sharpening_attention_2021.pdf,Net WN and EIoU loss,Ori,represents original image 𝐴𝑃𝑆 𝐴𝑃𝑀and𝐴𝑃𝐿denotes
nare,24,SMCS,Computer Science,2022,computational_representation_and_analysis_of_emotion_dynamics_2022.pdf,F θ Sn θ D,nare,the discrepancy statistics the maximum
ima,30,SMCS,Mathematics,2012,a_cell_growth_model_revisited_2012.pdf,the balanced generalized pantograph equation,IMA,145 2008 Topics in stochastic
wherea,21,SMCS,Mathematics,2012,a_cell_growth_model_revisited_2012.pdf,the form I 0 a,wherea,0 Proof We note ﬁrst
kuramoto,48,SMCS,Mathematics,2012,chimeras_in_random_non_complete_networks_of_phase_oscillators_2012.pdf,for many years with the,Kuramoto,model of phase oscillatorsbeing one
kuramoto,48,SMCS,Mathematics,2012,disorder_induced_dynamics_in_a_pair_of_coupled_heterogeneous_phase_oscillator_networks_2012.pdf,29 S Shima and Y,Kuramoto,Phys Rev E 69 036213
kimura,37,SMCS,Mathematics,2012,geometric_properties_of_kahans_method_2012.pdf,4 5 Hirota R and,Kimura,K 2000 Discretization of the
runge,36,SMCS,Mathematics,2012,geometric_properties_of_kahans_method_2012.pdf,elds is equivalent to a,Runge,Kutta method When the vector
ima,30,SMCS,Mathematics,2013,discrete_gradient_methods_have_an_energy_conservation_law_2013.pdf,conservation laws in Hamiltonian systems,IMA,J Appl Math 59 1997
ano,22,SMCS,Mathematics,2013,geodesic_warps_by_conformal_mappings_2013.pdf,Using this we now give,anO,Nnlogn algorithm for evaluation of
wherea,21,SMCS,Mathematics,2013,periodically_forced_piecewise_linear_adaptive_exponential_integrate_and_fire_neuron_2013.pdf,g t s ds 8,whereA,Ai andg gi i 1
runge,36,SMCS,Mathematics,2014,a_minimal-coordinate_symplectic_integrator_on_spheres_2014.pdf,of GonR2n 3 then symplectic,Runge,Kutta methods for collective Hamiltonian
nare,24,SMCS,Mathematics,2014,a_minimal-coordinate_symplectic_integrator_on_spheres_2014.pdf,3 Spin systems with large,nare,obtained by spatial discretisations of
runge,36,SMCS,Mathematics,2014,collective_symplectic_integrators_2014.pdf,integrators are standard symplectic partitioned,Runge,Kutta methods Their phase space
runge,36,SMCS,Mathematics,2014,discrete_time_hamiltonian_spin_systems_2014.pdf,action of GonR2n then symplectic,Runge,Kutta methods for collective Hamiltonian
ono,23,SMCS,Mathematics,2014,geometric_generalisations_of_shake_and_rattle_2014.pdf,that is well de ned,onO,Then RATTLE is given by
wherea,21,SMCS,Mathematics,2014,high_order_multisymplectic_runge_kutta_methods_2014.pdf,block matrix product CA 1B,whereA,B andCare the blocks in
kimura,37,SMCS,Mathematics,2014,integrability_properties_of_kahans_method_2014.pdf,sometimes also called the Hirota,Kimura,method see 5 9 11
wherea,21,SMCS,Mathematics,2014,pde_methods_for_two_dimensional_neural_fields_2014.pdf,k 2 M 2 26,whereA,BandMare parameters 35 Taking the
nare,24,SMCS,Mathematics,2015,butcher_series_2015.pdf,The aromatic trees of order,nare,in 1 1 correspondence with
popu,27,SMCS,Mathematics,2016,bumps_in_small-world_networks_2016.pdf,ﬁring rate for A excitatory,popu,lation and B inhibitory population
popu,27,SMCS,Mathematics,2018,asymmetric_cell_division_with_stochastic_growth_rate_2018.pdf,the stable size distribution of,popu,lations reproducing by fission into
arangi,18,SMCS,Mathematics,2018,bifurcation_of_solutions_to_hamiltonian_boundary_value_problems_2018.pdf,the Royal Society Te Ap,arangi,References 1 Thom R 1973
arangi,18,SMCS,Mathematics,2018,hamiltonian_boundary_value_problems_conformal_symplectic_symmetries_and_conjugate_loci_2018.pdf,the Royal Society Te Ap,arangi,References 1 Arnold V Gusein
arangi,18,SMCS,Mathematics,2018,symplectic_integration_of_pdes_using_clebsch_variables_2018.pdf,the Royal Society Te Ap,arangi,corresponding author c o en
arangi,18,SMCS,Mathematics,2019,symplectic_integration_of_boundary_value_problems_2019.pdf,the Royal Society Te Ap,arangi,References 1 Amodio P Brugnano
arangi,18,SMCS,Mathematics,2019,the_lie_algebra_of_classical_mechanics_2019.pdf,the Royal Society Te Ap,arangi,AM has been supported in
ono,23,SMCS,Mathematics,2020,a_permutation_method_for_network_assembly_2020.pdf,tzr 6ð6 yk tmo q,ono,m t lon vtzkzn v
mau,114,SMCS,Mathematics,2021,dynamics_of_structured_networks_of_winfree_oscillators_2021.pdf,Royal Society Te Aparangi grantnumber17,MAU,054 REFERENCES Anstee R 1982
mau,114,SMCS,Mathematics,2021,effects_of_degree_distributions_in_random_networks_of_type_i_neurons_2021.pdf,Te Aparangi grant number 17,MAU,054 11 Appendix A Morris
ono,23,SMCS,Mathematics,2021,structure_preserving_deep_learning_2021.pdf,I T OJO K O,ONO,K I KEDA M S
manawatu,67,SMCS,Statistics,2012,effects_of_multiple_matings_on_reproductive_fitness_of_2012.pdf,cauliﬂower ﬁeld near Palmerston North,Manawatu,New Zealand Insects were reared
taranaki,49,SMCS,Statistics,2012,estimating_the_likelihood_of_an_eruption_from_a_volcano_with_missing_onsets_in_its_record_2012.pdf,the Holocene record of Mt,Taranaki,the preliminary estimates of completeness
taupo,31,SMCS,Statistics,2012,estimating_the_likelihood_of_an_eruption_from_a_volcano_with_missing_onsets_in_its_record_2012.pdf,for tephra fall deposits from,Taupo,Volcano Natural Hazards 26 147
taranaki,49,SMCS,Statistics,2012,forecasting_catastrophic_stratovolcano_collapse_2012.pdf,k y history of Mount,Taranaki,New Zealand is punctuated by
taupo,31,SMCS,Statistics,2012,forecasting_catastrophic_stratovolcano_collapse_2012.pdf,140 km west of the,Taupo,V olcanic Zone Fig 1
taupo,31,SMCS,Statistics,2012,lidar_based_quantification_of_lava_flow_susceptibility_in_the_city_of_auckland_2012.pdf,pres ently active arc system,Taupo,Volcanic Zone of the central
taupo,31,SMCS,Statistics,2012,magma_output_rates_of_the_auckland_volcanic_field_2012.pdf,Wairakei Research Ctr GNS Science,Taupo,New Zealand Keywords Rotomahana maar
tongariro,25,SMCS,Statistics,2012,magma_output_rates_of_the_auckland_volcanic_field_2012.pdf,ash beds from Egmont and,Tongariro,Volcanic Centres and 24 basaltic
ruapehu,22,SMCS,Statistics,2012,magma_output_rates_of_the_auckland_volcanic_field_2012.pdf,e g the eruption of,Ruapehu,in 1995 tha t caused
taupo,31,SMCS,Statistics,2012,paleomagnetic_and_geological_updates_to_an_event_order_model_for_the_auckland_volcanic_field_2012.pdf,Wairakei Research Ctr GNS Science,Taupo,New Zealand Keywords Rotomahana maar
tongariro,25,SMCS,Statistics,2012,paleomagnetic_and_geological_updates_to_an_event_order_model_for_the_auckland_volcanic_field_2012.pdf,ash beds from Egmont and,Tongariro,Volcanic Centres and 24 basaltic
ruapehu,22,SMCS,Statistics,2012,paleomagnetic_and_geological_updates_to_an_event_order_model_for_the_auckland_volcanic_field_2012.pdf,e g the eruption of,Ruapehu,in 1995 tha t caused
taranaki,49,SMCS,Statistics,2012,probabilistic_eruption_forecasting_at_short_and_long_time_scales_2012.pdf,et al 2004 and Mt,Taranaki,Bebbington et al 2008 However
ruapehu,22,SMCS,Statistics,2012,probabilistic_eruption_forecasting_at_short_and_long_time_scales_2012.pdf,Various Bebbington and Lai 1996a,Ruapehu,Ngauruhoe Bebbington and Lai 1996b
taranaki,49,SMCS,Statistics,2013,a_first_hazard_analysis_of_the_quaternary_harrat_al_madinah_volcanic_field_saudi_arabia_2013.pdf,a case study from Mt,Taranaki,New Zealand Geol Soc Am
taranaki,49,SMCS,Statistics,2013,a_prospective_case_control_and_molecular_epidemiological_study_of_human_cases_of_shiga_toxin_producing_escherichia_coli_in_new_zealand_2013.pdf,regions such as Northland Waikato,Taranaki,Canterbury andSouthland while reduced risks
eae,18,SMCS,Statistics,2013,a_prospective_case_control_and_molecular_epidemiological_study_of_human_cases_of_shiga_toxin_producing_escherichia_coli_in_new_zealand_2013.pdf,presence of virulence genes ehxA,eae,stx1 stx2 and genotyping using
tongariro,25,SMCS,Statistics,2013,geochemical_precursors_for_eruption_repose_length_2013.pdf,hornblende chemistry Egmont volcano and,Tongariro,Volcanic Centre New Zealand Bull
ruapehu,22,SMCS,Statistics,2013,holocene_river_behaviour_in_new_zealand_2013.pdf,lahar stratigraphy of the western,Ruapehu,ring plain New Zealand New
tamura,31,SMCS,Statistics,2013,intracisternal_enzyme_replacement_therapy_in_lysosomal_storage_diseases_2013.pdf,649 56 13 Matsuoka K,Tamura,T Tsuji D Dohzono Y
ruapehu,22,SMCS,Statistics,2013,modeling_thickness_variability_in_tephra_deposition_2013.pdf,fallout from 1995 and 1996,Ruapehu,volcano eruptions New Zealand Environ
tamura,31,SMCS,Statistics,2013,multiple_outbreaks_of_a_novel_norovirus_gii_4_linked_to_an_infected_post_symptomatic_food_handler_2013.pdf,2011 51 121 125 29,Tamura,K et al MEGA5 molecular
tongariro,25,SMCS,Statistics,2014,automated_statistical_matching_of_multiple_tephra_records_exemplified_using_five_long_maar_sequences_younger_than_75ka_auckland_new_zealand_2014.pdf,tephras from Okataina Taupo Egmont,Tongariro,and Tuhua MayorIsland volcanic centers
eae,18,SMCS,Statistics,2014,geographic_divergence_of_bovine_and_human_shiga_toxin_producing_escherichia_coli_o157_2014.pdf,the isolates virulence genes ehxA,eae,stx1 stx2 and subtype stx2c
tongariro,25,SMCS,Statistics,2015,elevational_variation_in_adult_body_size_and_growth_rate_but_not_in_metabolic_rate_in_the_tree_weta_hemideina_crassidens_2015.pdf,Nelson Malborough and Robyn Ellis,Tongariro,Wanganui Taranaki We are grateful
eae,18,SMCS,Statistics,2016,diversity_and_relatedness_of_shiga_toxin_producing_escherichia_coli_and_campylobacter_jejuni_between_farms_in_a_dairy_catchment_2016.pdf,E coli attaching and effacing,eae,and enterohaemolysin ehxA genes Molecular
tamura,31,SMCS,Statistics,2016,molecular_epidemiology_of_campylobacter_coli_strains_isolated_from_different_sources_in_new_zealand_2016.pdf,One 5 12 e15708 31,Tamura,K Stecher G Peterson D
hane,25,SMCS,Statistics,2016,optimal_likelihood_based_matching_of_volcanic_sources_and_deposits_in_the_auckland_volcanic_field_2016.pdf,20 1 45 57 S,hane,P Hoverd J 2002 Distal
eae,18,SMCS,Statistics,2017,epidemiology_of_escherichia_coli_serogroups_o26_o103_o111_and_o145_in_very_young_calves_in_the_north_island_new_zealand_2017.pdf,isolates were positive for stx1,eae,ehxA 17 49 34 7
tamura,31,SMCS,Statistics,2017,genomic_analysis_of_salmonella_enterica_serovar_typhimurium_dt160_associated_with_a_14_year_outbreak_new_zealand_2017.pdf,10 1093 molbev msj030 28,Tamura,K Stecher G Peterson D
eae,18,SMCS,Statistics,2018,the_effect_of_transportation_and_lairage_on_faecal_shedding_and_carcass_contamination_with_escherichia_coli_o157_and_o26_in_very_young_calves_in_new_zealand_2018.pdf,enterohaemolysin ehxA and inti min,eae,and stx2c to differentiate from
pangenome,23,SMCS,Statistics,2019,use_of_genomics_to_investigate_historical_importation_of_shiga_toxin_producing_escherichia_coli_serogroup_o26_and_nontoxigenic_variants_into_new_zealand_2019.pdf,with a hierarchical set RaxML,pangenome,tree top of figure and
pangenome,23,SMCS,Statistics,2020,draft_genome_sequences_of_eight_strains_of_campylobacter_helveticus_isolated_from_cats_and_a_dog_in_new_zealand_2020.pdf,243 unique COGs in the,pangenome,of the eight isolates plus
ono,23,SMCS,Statistics,2021,modelling_spatial_population_exposure_and_evacuation_clearance_time_for_the_auckland_volcanic_field_new_zealand_2021.pdf,z Sakamoto M Sasaki D,Ono,Y Makino Y Kodama E
herawati,28,SNS,Biology,2012,a_small_cohort_of_island_southeast_asian_women_founded_madagascar_2012.pdf,Lansing University of Arizona and,Herawati,Sudoyo Eijkman In stitute for
kema,27,SNS,Biology,2012,a_small_cohort_of_island_southeast_asian_women_founded_madagascar_2012.pdf,Kabir M K Jashni G,Kema,S Klaubauf A Lapidus A
moana,25,SNS,Biology,2012,a_small_cohort_of_island_southeast_asian_women_founded_madagascar_2012.pdf,aori oral tradition He kai,moana,he kai m a te
herawati,28,SNS,Biology,2013,climate_change_influenced_female_population_sizes_through_time_across_the_indonesian_archipelago_2013.pdf,of A rizona Tucson AZ,Herawati,Sudo yo Eijkman Institute for
otu,17,SNS,Biology,2013,environmental_bio-monitoring_with_high-throughput_sequencing_2013.pdf,analysis steps read fil tering,OTU,picking by sequence similarity taxonomic
otu,17,SNS,Biology,2013,extensive_intra_host_genetic_diversity_uncovered_in_cryptosporidium_parvum_using_next_generation_sequencing_2013.pdf,Such a conceptualisation of the,OTU,conﬂicts with the body of
pini,34,SNS,Biology,2013,fragmentation_of_an_aflatoxin_like_gene_cluster_in_a_forest_pathogen_2013.pdf,BJ Seconi JM 2002 Dothistroma,pini,a forest pathogen contains homologs
kema,27,SNS,Biology,2013,fragmentation_of_an_aflatoxin_like_gene_cluster_in_a_forest_pathogen_2013.pdf,JK Rouxel T Howlett BJ,Kema,GHJ Goodwin SB Oliver RP
hane,25,SNS,Biology,2013,fragmentation_of_an_aflatoxin_like_gene_cluster_in_a_forest_pathogen_2013.pdf,mycetes and particularly in Dothideomycetes,Hane,et al 2011 Mesosynteny is
humana,17,SNS,Biology,2013,identification_of_chloroplast_genome_loci_suitable_for_high_resolution_phylogeographic_studies_of_colocasia_esculenta_schott_and_closely_related_taxa_2013.pdf,Krawetz SA pp 365 386,Humana,Press Totowa NJ Scarcelli N
moana,25,SNS,Biology,2013,marine_resources_in_māori_oral_tradition_2013.pdf,C22aori oral tradition He kai,moana,he kai m C22a te
hane,25,SNS,Biology,2013,plant_symbiotic_fungi_as_chemical_engineers_2013.pdf,77 Rouxel T Grandaubert J,Hane,JK Hoede C van de
herawati,28,SNS,Biology,2013,the_indonesian_archipelago_2013.pdf,Hallmark3 J Stephen Lansing1 4,Herawati,Sudoyo2 Michael F Hammer3and Murray
herawati,28,SNS,Biology,2014,isolation_contact_and_social_behavior_shaped_genetic_diversity_in_west_timor_2014.pdf,Stephen Lansing1 5 Peter Norquest1,Herawati,Sudoyo2 Michael F Hammer1 3and
otu,17,SNS,Biology,2015,"biochar_in_co_contaminated_soil_manipulates_arsenic_solubility_and_microbiological_community_structure,_and_promotes_organochlorine_degradation_2015.pdf",sequences were chosen for each,OTU,49 The representative sequence set
herawati,28,SNS,Biology,2015,mitochondrial_dna_and_the_y_chromosome_suggest_the_settlement_of_madagascar_by_indonesian_sea_nomad_populations_2015.pdf,Helena Loa Suryadi4 Thierry Letellier1,Herawati,Sudoyo4 5and François Xavier Ricaut1
pini,34,SNS,Biology,2016,genome_wide_gene_expression_dynamics_of_the_fungal_pathogen_dothistroma_septosporum_throughout_its_infection_cycle_of_the_gymnosperm_host_pinus_radiata_2016.pdf,by the forest pathogen Dothistroma,pini,Mycol Res 104 325 332
kema,27,SNS,Biology,2016,genome_wide_gene_expression_dynamics_of_the_fungal_pathogen_dothistroma_septosporum_throughout_its_infection_cycle_of_the_gymnosperm_host_pinus_radiata_2016.pdf,P Grigoriev I V and,Kema,G H J 2011 Finished
hane,25,SNS,Biology,2016,genome_wide_gene_expression_dynamics_of_the_fungal_pathogen_dothistroma_septosporum_throughout_its_infection_cycle_of_the_gymnosperm_host_pinus_radiata_2016.pdf,H J Crane C F,Hane,J K Foster A J
pini,34,SNS,Biology,2016,molecular_markers_for_quantification_of_bioactive_fungal_strains_associated_with_pinus_radiata_2016.pdf,by the forest pathogen Dothistroma,pini,Mycological Research 104 325 332
otu,17,SNS,Biology,2017,distinct_gut_microbiome_patterns_associate_with_consensus_molecular_subtypes_of_colorectal_cancer_2017.pdf,for each operational taxonomic unit,OTU,and these sequences were used
hane,25,SNS,Biology,2017,genomic_data_quality_impacts_automated_detection_of_lateral_gene_transfer_in_fungi_2017.pdf,et al 2012 Phaeosphaeria nodorum,Hane,et al 2007 Sclerotinia sclerotiorum
tongarewa,19,SNS,Biology,2017,isolation_and_characterization_of_microsatellite_loci_from_arthropodium_cirratum_2017.pdf,of New Zealand Te Papa,Tongarewa,P O Box 467 Wellington
nanopore,23,SNS,Biology,2018,complete_genome_sequence_of_legionella_sainthelensi_isolated_from_a_patient_with_legionnaires_disease_2018.pdf,Sequencingwas conducted using the MinION,Nanopore,Oxford Nanopore Technologies UnitedKingdom and
moana,25,SNS,Biology,2018,human_perceptions_of_megafaunal_extinction_events_revealed_by_linguistic_analysis_of_indigenous_oral_traditions_2018.pdf,in Oral Tradition He Kai,Moana,He Kai M āTe Hinengaro
moana,25,SNS,Biology,2018,māori_oral_traditions_record_and_convey_indigenous_knowledge_of_marine_and_freshwater_resources_2018.pdf,species and the network to,moana,ocean and uta towards the
paenga,20,SNS,Biology,2018,māori_oral_traditions_record_and_convey_indigenous_knowledge_of_marine_and_freshwater_resources_2018.pdf,ahurea ā whanonga ki te,paenga,o te taiao Mā te
pangenome,23,SNS,Biology,2018,updating_the_genomic_taxonomy_and_epidemiology_of_campylobacter_hyointestinalis_2018.pdf,subspecies hyointestinalis has an open,pangenome,with accessory gene contents involved
otu,17,SNS,Biology,2019,denisovan_modern_human_and_mouse_tnfaip3_alleles_tune_a20_phosphorylation_and_immunity_2019.pdf,residues of the ubiquitin protease,OTU,domain that diminished Iκ B
pini,34,SNS,Biology,2019,global_population_genomics_of_the_forest_pathogen_dothistroma_septosporum_reveal_chromosome_duplications_in_high_dothistromin_producing_strains_2019.pdf,Dothistroma D septosporum and D,pini,Stud Mycol 50 551 565
kema,27,SNS,Biology,2019,global_population_genomics_of_the_forest_pathogen_dothistroma_septosporum_reveal_chromosome_duplications_in_high_dothistromin_producing_strains_2019.pdf,P Grigoriev I V and,Kema,G H J 2011 Finished
tongarewa,19,SNS,Biology,2019,phylogeography_of_the_endemic_new_zealand_tree_entelea_arborescens_2019.pdf,of New Zealand Te Papa,Tongarewa,Wellington New Zealand bInstitute of
pini,34,SNS,Biology,2019,reduced_virulence_of_an_introduced_forest_pathogen_over_50_years_2019.pdf,were originally named as Dothistroma,pini,and referred to as such
pangenome,23,SNS,Biology,2019,use_of_genomics_to_investigate_historical_importation_of_shiga_toxin_2019.pdf,with a hierarchical set RaxML,pangenome,tree top of figure and
humana,17,SNS,Biology,2020,camellia_plant_resistance_and_susceptibility_to_petal_blight_disease_are_defined_by_the_timing_of_defense_responses_2020.pdf,and Protocols D Staiger ed,Humana,Press New York Jayaswall K
pangenome,23,SNS,Biology,2020,characterising_the_methylome_of_legionella_longbeachae_serogroup_1_clinical_isolates_and_assessing_geo-temporal_genetic_diversity_2020.pdf,investigate both the core and,pangenome,of 250 the isolates in
nanopore,23,SNS,Biology,2020,chromosome_level_reference_genome_of_venturia_effusa_causative_agent_of_pecan_scab_2020.pdf,combining Illumina MiSeq and Oxford,Nanopore,MinION data we assembled a
nanopore,23,SNS,Biology,2020,complete_genome_sequence_of_a_legionella_longbeachae_serogroup_2_isolate_derived_from_a_patient_with_legionnaires_disease_2020.pdf,was conducted using the GridION,Nanopore,Oxford Nanopore Technol ogies ONT
tongarewa,19,SNS,Biology,2020,the_importance_and_prevalence_of_allopolyploidy_in_aotearoa_new_zealand_2020.pdf,of New Zealand Te Papa,Tongarewa,Wellington New Zealand cBio Protection
nanopore,23,SNS,Biology,2021,characterisation_of_ampc_and_extended_spectrum_beta_lactamase_producing_e_coli_from_new_zealand_dairy_farms_2021.pdf,short read and Ox ford,Nanopore,long read sequencing technologies These
nanopore,23,SNS,Biology,2021,comparative_genomics_of_mycobacterium_avium_subspecies_paratuberculosis_sheep_strains_2021.pdf,long read sequencing such as,Nanopore,long read sequencing so that
humana,17,SNS,Biology,2021,papua_new_guinean_genomes_reveal_the_complex_settlement_of_north_sahul_2021.pdf,Statistical population genomics New York,Humana,Press p 147 166 Shaw
humana,17,SNS,Biology,2022,admixture_has_obscured_signals_of_historical_hard_sweeps_in_humans_2022.pdf,B Hofreiter M 197 228,Humana,2012 79 Jun G Wing
humana,17,SNS,Biology,2022,chromosome_level_assembly_of_the_phytophthora_agathidicida_genome_reveals_adaptation_in_effector_gene_families_2022.pdf,Plant Pathogenic Fungi and Oomycetes,Humana,Press New Y ork NY
moana,25,SNS,Chemistry,2012,evaluation_of_relative_comparator_and_k0_naa_for_characterization_of_aboriginal_australian_ochre_2012.pdf,South Australia Karrku Northern Territory,Moana,South Australia and Wilgie Mia
nakai,18,SNS,Chemistry,2013,identification_of_non_classical_ch_center_dot_center_dot_center_dot_m_interactions_in_early_and_late_transition_metal_complexes_containing_the_ch_ligand_2013.pdf,Y Honda O Kitao H,Nakai,M Klene X Li J
nakai,18,SNS,Chemistry,2013,identification_of_non_classical_c_h_m_interactions_in_early_and_late_transition_metal_complexes_containing_the_ch_3_ligand_2013.pdf,Y Honda O Kitao H,Nakai,M Klene X Li J
nakai,18,SNS,Chemistry,2016,multiple_weak_c_h_intramolecular_hydrogen_bonding_as_an_aid_to_minimizing_bond_rotation_flexibility_2016.pdf,T Honda Y Kitao O,Nakai,H Vreven T Montgomery J
tongarewa,19,SNS,Plant_Science,2015,microsatellite_markers_for_the_new_zealand_endemic_myosotis_pygmaea_species_group_amplify_across_species_2015.pdf,of New Zealand Te Papa,Tongarewa,P O Box 467 Cable
tongarewa,19,SNS,Plant_Science,2018,bolstering_species_delimitation_in_difficult_species_complexes_by_analyzing_herbarium_and_common_garden_morphological_data_2018.pdf,of New Zealand Te Papa,Tongarewa,P O Box 467 Cable
paenga,20,SNS,Zoology_and_Ecology,2014,"evaluating_edge_of_range_genetic_patterns_for_tropical_echinoderms,_acanthaster_planci_and_tripneustes_gratilla_of_the_kermadec_islands_southwest_pacific_2014.pdf",the Auckland Museum t amaki,Paenga,Hira Department of c onservation
paenga,20,SNS,Zoology_and_Ecology,2015,not_the_time_or_the_place_2015.pdf,War Memorial Museum T C22amaki,Paenga,Hira Auckland 1142 New Zealand
paenga,20,SNS,Zoology_and_Ecology,2015,scleractinian_corals_and_crown_of_thorns_seastars_of_the_kermadec_islands_2015.pdf,Auckland War Memorial Museum Tamaki,Paenga,Hira Auckland 1142 New Zealand
paenga,20,SNS,Zoology_and_Ecology,2017,cryptic_speciation_in_pan_tropical_sea_urchins_2017.pdf,Auckland War Memorial Museum Tāmaki,Paenga,Hira Massey University Auckland New
