term,total_frequency,document_frequency,document_percent,schools_present,fields_present,years_present,max_single_document_share
aotearoa,88,86,6.182602444284687,3,12,8,0.022727272727272728
waikato,80,71,5.104241552839683,3,10,11,0.025
manawatu,67,67,4.816678648454349,3,7,11,0.014925373134328358
rotorua,56,56,4.02588066139468,3,7,11,0.017857142857142856
porirua,52,52,3.7383177570093453,3,7,11,0.019230769230769232
maori,51,47,3.378864126527678,3,8,11,0.058823529411764705
taranaki,49,47,3.378864126527678,2,4,11,0.04081632653061224
iwi,45,42,3.01941049604601,3,8,10,0.044444444444444446
māori,41,41,2.9475197699496762,3,9,8,0.024390243902439025
whenua,39,34,2.4442846872753416,3,7,8,0.05128205128205128
taupo,31,31,2.2286125089863407,2,5,10,0.03225806451612903
tonga,30,29,2.0848310567936736,3,5,11,0.06666666666666667
kiwi,25,24,1.7253774263120056,2,6,8,0.08
tongariro,24,24,1.7253774263120056,2,4,10,0.041666666666666664
moana,25,23,1.6534867002156721,1,4,9,0.08
pare,23,23,1.6534867002156721,3,7,10,0.043478260869565216
ruapehu,22,21,1.509705248023005,1,1,10,0.09090909090909091
motu,20,20,1.4378145219266714,3,6,8,0.05
mori,20,20,1.4378145219266714,3,7,6,0.05
paenga,20,20,1.4378145219266714,1,2,8,0.05
tongarewa,19,19,1.3659237958303379,1,3,7,0.05263157894736842
pape,18,18,1.2940330697340043,3,7,8,0.05555555555555555
maki,18,18,1.2940330697340043,3,6,7,0.05555555555555555
kaka,19,17,1.2221423436376708,3,5,8,0.10526315789473684
rana,18,17,1.2221423436376708,3,7,8,0.1111111111111111
kauri,22,16,1.1502516175413373,3,5,6,0.09090909090909091
ngai,18,16,1.1502516175413373,2,5,6,0.1111111111111111
mata,18,16,1.1502516175413373,3,8,9,0.1111111111111111
whanganui,18,15,1.0783608914450036,3,5,7,0.1111111111111111
hone,16,15,1.0783608914450036,3,8,10,0.125
manaaki,15,15,1.0783608914450036,3,6,6,0.06666666666666667
kaikoura,15,15,1.0783608914450036,3,7,5,0.06666666666666667
ehara,15,15,1.0783608914450036,1,2,8,0.06666666666666667
taonga,15,14,1.00647016534867,2,5,4,0.13333333333333333
rohe,14,14,1.00647016534867,2,6,5,0.07142857142857142
kuri,14,14,1.00647016534867,3,4,6,0.07142857142857142
waka,14,14,1.00647016534867,3,6,5,0.07142857142857142
hauraki,14,14,1.00647016534867,2,4,8,0.07142857142857142
manu,15,13,0.9345794392523363,3,6,5,0.13333333333333333
okataina,13,13,0.9345794392523363,2,2,7,0.07692307692307693
rapa,13,13,0.9345794392523363,2,4,5,0.07692307692307693
koki,13,13,0.9345794392523363,1,1,10,0.07692307692307693
hemi,16,12,0.8626887131560028,1,3,5,0.125
pena,15,12,0.8626887131560028,3,6,7,0.13333333333333333
tahu,14,12,0.8626887131560028,2,4,6,0.14285714285714285
tuna,13,12,0.8626887131560028,2,4,6,0.15384615384615385
topo,13,12,0.8626887131560028,2,7,9,0.15384615384615385
iterature,12,12,0.8626887131560028,2,4,7,0.08333333333333333
kare,12,12,0.8626887131560028,3,5,9,0.08333333333333333
iate,12,12,0.8626887131560028,2,4,6,0.08333333333333333
opine,12,12,0.8626887131560028,1,3,6,0.08333333333333333
kumara,12,12,0.8626887131560028,1,3,4,0.08333333333333333
manukau,12,12,0.8626887131560028,3,6,7,0.08333333333333333
kotahi,12,12,0.8626887131560028,2,4,3,0.08333333333333333
kawakawa,12,12,0.8626887131560028,3,3,5,0.08333333333333333
tania,12,12,0.8626887131560028,3,5,5,0.08333333333333333
paine,12,12,0.8626887131560028,2,4,4,0.08333333333333333
rangitoto,12,12,0.8626887131560028,2,2,8,0.08333333333333333
toro,12,12,0.8626887131560028,2,4,6,0.08333333333333333
totowa,12,12,0.8626887131560028,1,4,7,0.08333333333333333
amine,12,12,0.8626887131560028,1,4,9,0.08333333333333333
automa,17,11,0.7907979870596693,2,3,5,0.11764705882352941
oneonone,12,11,0.7907979870596693,2,4,6,0.16666666666666666
maire,12,11,0.7907979870596693,3,5,6,0.16666666666666666
mauro,12,11,0.7907979870596693,3,7,5,0.16666666666666666
aori,12,11,0.7907979870596693,2,4,6,0.16666666666666666
tauranga,11,11,0.7907979870596693,3,7,7,0.09090909090909091
wiri,11,11,0.7907979870596693,2,3,6,0.09090909090909091
mangere,11,11,0.7907979870596693,2,3,5,0.09090909090909091
hetero,11,11,0.7907979870596693,3,6,4,0.09090909090909091
amato,11,11,0.7907979870596693,3,5,9,0.09090909090909091
ingo,11,11,0.7907979870596693,3,4,8,0.09090909090909091
towa,11,11,0.7907979870596693,3,5,7,0.09090909090909091
arou,11,11,0.7907979870596693,3,4,5,0.09090909090909091
rine,11,11,0.7907979870596693,2,2,4,0.09090909090909091
enumerate,11,11,0.7907979870596693,3,5,8,0.09090909090909091
kumari,11,11,0.7907979870596693,3,5,4,0.09090909090909091
mapa,11,11,0.7907979870596693,3,4,5,0.09090909090909091
otimi,11,11,0.7907979870596693,1,2,4,0.09090909090909091
maeno,11,11,0.7907979870596693,2,3,5,0.09090909090909091
murata,11,11,0.7907979870596693,3,4,7,0.09090909090909091
tāmaki,11,11,0.7907979870596693,2,3,5,0.09090909090909091
mutate,11,11,0.7907979870596693,2,4,7,0.09090909090909091
pita,11,11,0.7907979870596693,2,3,6,0.09090909090909091
waite,11,11,0.7907979870596693,2,4,5,0.09090909090909091
tarawera,11,11,0.7907979870596693,1,1,6,0.09090909090909091
hookeri,11,11,0.7907979870596693,2,3,8,0.09090909090909091
matatini,11,11,0.7907979870596693,2,2,6,0.09090909090909091
minimi,13,10,0.7189072609633357,1,3,6,0.15384615384615385
taro,13,10,0.7189072609633357,2,3,7,0.15384615384615385
neuro,12,10,0.7189072609633357,3,5,8,0.16666666666666666
ngene,11,10,0.7189072609633357,2,3,3,0.18181818181818182
huia,11,10,0.7189072609633357,2,5,3,0.18181818181818182
tangata,11,10,0.7189072609633357,3,5,5,0.18181818181818182
nawari,11,10,0.7189072609633357,1,3,4,0.18181818181818182
aoki,10,10,0.7189072609633357,3,7,4,0.1
tiwari,10,10,0.7189072609633357,3,5,6,0.1
paramete,10,10,0.7189072609633357,3,4,7,0.1
pineau,10,10,0.7189072609633357,3,5,5,0.1
waitakere,10,10,0.7189072609633357,3,6,4,0.1
nume,10,10,0.7189072609633357,3,5,4,0.1
matara,10,10,0.7189072609633357,1,1,3,0.1
whakapapa,10,10,0.7189072609633357,3,4,5,0.1
rati,10,10,0.7189072609633357,2,5,7,0.1
ngāti,10,10,0.7189072609633357,2,4,5,0.1
araki,10,10,0.7189072609633357,3,7,7,0.1
kamara,10,10,0.7189072609633357,2,2,5,0.1
operatio,10,10,0.7189072609633357,1,2,3,0.1
waitangi,10,10,0.7189072609633357,3,5,7,0.1
imitate,10,10,0.7189072609633357,3,4,5,0.1
hera,10,10,0.7189072609633357,3,5,6,0.1
morana,10,10,0.7189072609633357,1,1,2,0.1
whangarei,10,10,0.7189072609633357,3,4,6,0.1
kāinga,10,10,0.7189072609633357,2,3,2,0.1
hina,10,10,0.7189072609633357,2,3,4,0.1
pareto,10,10,0.7189072609633357,2,4,6,0.1
aotea,10,10,0.7189072609633357,2,4,3,0.1
waimakariri,10,10,0.7189072609633357,3,3,5,0.1
kura,10,10,0.7189072609633357,3,3,5,0.1
humaine,10,10,0.7189072609633357,2,2,8,0.1
hine,10,10,0.7189072609633357,2,3,8,0.1
apārangi,10,10,0.7189072609633357,2,4,3,0.1
oruanui,10,10,0.7189072609633357,2,2,7,0.1
maere,10,10,0.7189072609633357,1,3,6,0.1
auwera,10,10,0.7189072609633357,1,2,3,0.1
peramine,16,9,0.6470165348670022,1,2,7,0.125
takahe,13,9,0.6470165348670022,2,2,5,0.15384615384615385
retina,11,9,0.6470165348670022,2,4,6,0.2727272727272727
rapanui,11,9,0.6470165348670022,2,3,5,0.18181818181818182
tomake,9,9,0.6470165348670022,3,5,5,0.1111111111111111
nationa,9,9,0.6470165348670022,2,6,7,0.1111111111111111
peri,9,9,0.6470165348670022,3,5,6,0.1111111111111111
miura,9,9,0.6470165348670022,2,6,5,0.1111111111111111
kawai,9,9,0.6470165348670022,2,4,6,0.1111111111111111
kakitahi,9,9,0.6470165348670022,1,2,3,0.1111111111111111
nuria,9,9,0.6470165348670022,2,3,3,0.1111111111111111
ahuri,9,9,0.6470165348670022,1,3,4,0.1111111111111111
waitemata,9,9,0.6470165348670022,3,4,5,0.1111111111111111
ange,9,9,0.6470165348670022,2,7,7,0.1111111111111111
inga,9,9,0.6470165348670022,3,3,6,0.1111111111111111
hara,9,9,0.6470165348670022,3,6,5,0.1111111111111111
nini,9,9,0.6470165348670022,2,4,3,0.1111111111111111
wate,9,9,0.6470165348670022,3,5,6,0.1111111111111111
rata,9,9,0.6470165348670022,2,5,6,0.1111111111111111
hange,9,9,0.6470165348670022,3,7,6,0.1111111111111111
whare,9,9,0.6470165348670022,2,4,2,0.1111111111111111
āori,9,9,0.6470165348670022,3,6,6,0.1111111111111111
okoro,9,9,0.6470165348670022,3,4,4,0.1111111111111111
wairarapa,9,9,0.6470165348670022,3,4,6,0.1111111111111111
wuni,9,9,0.6470165348670022,1,3,2,0.1111111111111111
moreo,9,9,0.6470165348670022,3,3,3,0.1111111111111111
erature,9,9,0.6470165348670022,2,4,5,0.1111111111111111
teria,9,9,0.6470165348670022,2,2,7,0.1111111111111111
maiti,9,9,0.6470165348670022,3,5,6,0.1111111111111111
howie,9,9,0.6470165348670022,3,3,6,0.1111111111111111
ikuma,9,9,0.6470165348670022,1,2,3,0.1111111111111111
kawamoto,9,9,0.6470165348670022,3,7,7,0.1111111111111111
murua,9,9,0.6470165348670022,1,1,6,0.1111111111111111
aihara,9,9,0.6470165348670022,2,2,5,0.1111111111111111
orakei,9,9,0.6470165348670022,2,2,6,0.1111111111111111
pukeiti,9,9,0.6470165348670022,1,1,6,0.1111111111111111
pupuke,9,9,0.6470165348670022,1,1,6,0.1111111111111111
onepoto,9,9,0.6470165348670022,1,1,7,0.1111111111111111
tepapa,9,9,0.6470165348670022,2,4,6,0.1111111111111111
hikurangi,9,9,0.6470165348670022,2,3,6,0.1111111111111111
murine,9,9,0.6470165348670022,2,3,7,0.1111111111111111
takemoto,9,9,0.6470165348670022,1,2,6,0.1111111111111111
itami,9,9,0.6470165348670022,1,1,6,0.1111111111111111
omae,9,9,0.6470165348670022,1,1,6,0.1111111111111111
muni,11,8,0.5751258087706687,3,3,5,0.18181818181818182
enginee,10,8,0.5751258087706687,2,4,5,0.2
runanga,10,8,0.5751258087706687,1,2,3,0.2
pera,10,8,0.5751258087706687,1,2,5,0.2
miro,9,8,0.5751258087706687,3,6,5,0.2222222222222222
kaupapa,9,8,0.5751258087706687,2,3,2,0.2222222222222222
whau,9,8,0.5751258087706687,3,3,3,0.2222222222222222
wehi,9,8,0.5751258087706687,2,3,6,0.2222222222222222
iramoana,9,8,0.5751258087706687,1,1,4,0.2222222222222222
huma,8,8,0.5751258087706687,3,7,6,0.125
rota,8,8,0.5751258087706687,3,6,5,0.125
animate,8,8,0.5751258087706687,2,3,5,0.125
uehara,8,8,0.5751258087706687,3,4,5,0.125
tute,8,8,0.5751258087706687,3,5,4,0.125
memari,8,8,0.5751258087706687,1,3,3,0.125
hirai,8,8,0.5751258087706687,2,4,4,0.125
oikonomou,8,8,0.5751258087706687,2,4,3,0.125
arai,8,8,0.5751258087706687,3,7,6,0.125
noma,8,8,0.5751258087706687,3,5,5,0.125
nara,8,8,0.5751258087706687,2,3,4,0.125
mote,8,8,0.5751258087706687,3,6,3,0.125
waipara,8,8,0.5751258087706687,3,4,4,0.125
kano,8,8,0.5751258087706687,3,6,5,0.125
wewere,8,8,0.5751258087706687,3,5,6,0.125
mota,8,8,0.5751258087706687,1,3,3,0.125
arange,8,8,0.5751258087706687,3,5,5,0.125
ngati,8,8,0.5751258087706687,2,3,7,0.125
kingi,8,8,0.5751258087706687,1,2,1,0.125
initia,8,8,0.5751258087706687,2,4,5,0.125
motawa,8,8,0.5751258087706687,1,1,3,0.125
nonaka,8,8,0.5751258087706687,1,2,4,0.125
taha,8,8,0.5751258087706687,3,4,4,0.125
arawomo,8,8,0.5751258087706687,1,1,2,0.125
kuwaiti,8,8,0.5751258087706687,1,2,2,0.125
moreau,8,8,0.5751258087706687,3,6,4,0.125
mura,8,8,0.5751258087706687,3,6,4,0.125
kaingaora,8,8,0.5751258087706687,1,2,1,0.125
tari,8,8,0.5751258087706687,3,3,3,0.125
rani,8,8,0.5751258087706687,2,3,3,0.125
whangaparaoa,8,8,0.5751258087706687,3,3,3,0.125
hirota,8,8,0.5751258087706687,2,2,6,0.125
mito,8,8,0.5751258087706687,2,3,6,0.125
aparangi,8,8,0.5751258087706687,2,3,3,0.125
tomita,8,8,0.5751258087706687,2,5,5,0.125
pukaki,8,8,0.5751258087706687,1,1,6,0.125
hopua,8,8,0.5751258087706687,1,1,6,0.125
ngeo,8,8,0.5751258087706687,1,1,6,0.125
pora,8,8,0.5751258087706687,2,2,5,0.125
ruakura,8,8,0.5751258087706687,2,4,6,0.125
hawai,8,8,0.5751258087706687,2,4,5,0.125
rito,8,8,0.5751258087706687,1,1,7,0.125
takano,8,8,0.5751258087706687,1,3,6,0.125
morikawa,8,8,0.5751258087706687,1,3,6,0.125
kawharu,8,8,0.5751258087706687,1,2,4,0.125
rangitāhua,8,8,0.5751258087706687,1,1,3,0.125
raupo,13,7,0.503235082674335,2,2,2,0.15384615384615385
marae,12,7,0.503235082674335,3,3,6,0.25
teara,10,7,0.503235082674335,3,4,5,0.2
hamani,9,7,0.503235082674335,1,3,2,0.2222222222222222
arawa,9,7,0.503235082674335,2,2,5,0.2222222222222222
herewini,8,7,0.503235082674335,2,3,4,0.25
whena,8,7,0.503235082674335,2,4,4,0.25
onetime,8,7,0.503235082674335,2,4,5,0.25
purine,8,7,0.503235082674335,2,3,4,0.25
nino,7,7,0.503235082674335,2,4,5,0.14285714285714285
kono,7,7,0.503235082674335,3,4,6,0.14285714285714285
omori,7,7,0.503235082674335,3,3,7,0.14285714285714285
riate,7,7,0.503235082674335,3,6,4,0.14285714285714285
opie,7,7,0.503235082674335,3,3,5,0.14285714285714285
maunganui,7,7,0.503235082674335,3,4,3,0.14285714285714285
nawawi,7,7,0.503235082674335,1,3,1,0.14285714285714285
rino,7,7,0.503235082674335,2,3,3,0.14285714285714285
romo,7,7,0.503235082674335,2,3,3,0.14285714285714285
makaremi,7,7,0.503235082674335,1,3,3,0.14285714285714285
hori,7,7,0.503235082674335,3,4,6,0.14285714285714285
operati,7,7,0.503235082674335,2,4,5,0.14285714285714285
uate,7,7,0.503235082674335,1,4,5,0.14285714285714285
huitema,7,7,0.503235082674335,2,4,3,0.14285714285714285
nati,7,7,0.503235082674335,3,5,6,0.14285714285714285
riteria,7,7,0.503235082674335,1,3,4,0.14285714285714285
rera,7,7,0.503235082674335,1,2,2,0.14285714285714285
kawamura,7,7,0.503235082674335,3,4,6,0.14285714285714285
maru,7,7,0.503235082674335,3,4,4,0.14285714285714285
enga,7,7,0.503235082674335,3,3,4,0.14285714285714285
tewari,7,7,0.503235082674335,3,4,5,0.14285714285714285
nani,7,7,0.503235082674335,1,3,3,0.14285714285714285
maturana,7,7,0.503235082674335,1,1,2,0.14285714285714285
uture,7,7,0.503235082674335,3,5,6,0.14285714285714285
natio,7,7,0.503235082674335,3,5,5,0.14285714285714285
nota,7,7,0.503235082674335,3,5,5,0.14285714285714285
henao,7,7,0.503235082674335,3,4,4,0.14285714285714285
tamaki,7,7,0.503235082674335,3,7,5,0.14285714285714285
karangahape,7,7,0.503235082674335,2,2,1,0.14285714285714285
heine,7,7,0.503235082674335,2,2,2,0.14285714285714285
raha,7,7,0.503235082674335,2,2,2,0.14285714285714285
kamakura,7,7,0.503235082674335,2,2,2,0.14285714285714285
mutu,7,7,0.503235082674335,2,2,1,0.14285714285714285
tatauranga,7,7,0.503235082674335,2,2,2,0.14285714285714285
repai,7,7,0.503235082674335,1,2,2,0.14285714285714285
perona,7,7,0.503235082674335,1,2,5,0.14285714285714285
poore,7,7,0.503235082674335,2,3,6,0.14285714285714285
mato,7,7,0.503235082674335,2,4,4,0.14285714285714285
ongaro,7,7,0.503235082674335,1,2,6,0.14285714285714285
rotokare,7,7,0.503235082674335,1,1,7,0.14285714285714285
otuataua,7,7,0.503235082674335,1,1,5,0.14285714285714285
maungataketake,7,7,0.503235082674335,1,1,6,0.14285714285714285
ruaumoko,7,7,0.503235082674335,1,1,5,0.14285714285714285
mahoe,7,7,0.503235082674335,1,1,6,0.14285714285714285
ruahine,7,7,0.503235082674335,2,2,6,0.14285714285714285
urea,7,7,0.503235082674335,2,4,3,0.14285714285714285
aeta,7,7,0.503235082674335,1,1,7,0.14285714285714285
amaki,7,7,0.503235082674335,1,1,5,0.14285714285714285
whakatipu,12,6,0.4313443565780014,1,1,1,0.16666666666666666
kumamoto,7,6,0.4313443565780014,3,4,4,0.2857142857142857
arima,7,6,0.4313443565780014,2,3,3,0.2857142857142857
rangahau,7,6,0.4313443565780014,3,5,3,0.2857142857142857
minami,7,6,0.4313443565780014,2,5,5,0.2857142857142857
kaitiaki,7,6,0.4313443565780014,1,3,6,0.2857142857142857
monika,7,6,0.4313443565780014,1,1,5,0.2857142857142857
automati,6,6,0.4313443565780014,2,3,4,0.16666666666666666
moura,6,6,0.4313443565780014,2,4,6,0.16666666666666666
amou,6,6,0.4313443565780014,2,5,4,0.16666666666666666
imate,6,6,0.4313443565780014,2,4,3,0.16666666666666666
rooke,6,6,0.4313443565780014,1,3,3,0.16666666666666666
mane,6,6,0.4313443565780014,2,4,4,0.16666666666666666
puke,6,6,0.4313443565780014,3,4,3,0.16666666666666666
keio,6,6,0.4313443565780014,3,3,4,0.16666666666666666
kāhui,6,6,0.4313443565780014,2,3,2,0.16666666666666666
mimeo,6,6,0.4313443565780014,1,2,2,0.16666666666666666
emeka,6,6,0.4313443565780014,1,2,2,0.16666666666666666
iene,6,6,0.4313443565780014,2,3,1,0.16666666666666666
putu,6,6,0.4313443565780014,1,3,2,0.16666666666666666
petone,6,6,0.4313443565780014,2,3,1,0.16666666666666666
atie,6,6,0.4313443565780014,2,3,2,0.16666666666666666
makerere,6,6,0.4313443565780014,2,3,2,0.16666666666666666
mauri,6,6,0.4313443565780014,3,5,4,0.16666666666666666
renata,6,6,0.4313443565780014,3,5,4,0.16666666666666666
rature,6,6,0.4313443565780014,2,4,4,0.16666666666666666
aiii,6,6,0.4313443565780014,3,4,5,0.16666666666666666
perio,6,6,0.4313443565780014,2,5,4,0.16666666666666666
aika,6,6,0.4313443565780014,2,3,3,0.16666666666666666
wairakei,6,6,0.4313443565780014,2,3,4,0.16666666666666666
inone,6,6,0.4313443565780014,3,3,4,0.16666666666666666
meteo,6,6,0.4313443565780014,2,2,3,0.16666666666666666
paho,6,6,0.4313443565780014,2,2,5,0.16666666666666666
hora,6,6,0.4313443565780014,2,4,4,0.16666666666666666
pino,6,6,0.4313443565780014,3,4,3,0.16666666666666666
whoare,6,6,0.4313443565780014,2,3,3,0.16666666666666666
imamura,6,6,0.4313443565780014,3,4,4,0.16666666666666666
toru,6,6,0.4313443565780014,3,4,3,0.16666666666666666
amara,6,6,0.4313443565780014,2,4,1,0.16666666666666666
wherewe,6,6,0.4313443565780014,3,3,3,0.16666666666666666
tonote,6,6,0.4313443565780014,3,3,4,0.16666666666666666
penamora,6,6,0.4313443565780014,1,2,3,0.16666666666666666
meena,6,6,0.4313443565780014,2,3,3,0.16666666666666666
haikou,6,6,0.4313443565780014,1,2,3,0.16666666666666666
kira,6,6,0.4313443565780014,3,4,2,0.16666666666666666
toma,6,6,0.4313443565780014,2,3,4,0.16666666666666666
akure,6,6,0.4313443565780014,1,2,4,0.16666666666666666
enge,6,6,0.4313443565780014,2,3,4,0.16666666666666666
hawawini,6,6,0.4313443565780014,1,1,4,0.16666666666666666
pere,6,6,0.4313443565780014,3,4,3,0.16666666666666666
aini,6,6,0.4313443565780014,2,3,3,0.16666666666666666
hana,6,6,0.4313443565780014,3,4,4,0.16666666666666666
timaru,6,6,0.4313443565780014,3,3,5,0.16666666666666666
noname,6,6,0.4313443565780014,2,4,5,0.16666666666666666
amano,6,6,0.4313443565780014,2,4,4,0.16666666666666666
otero,6,6,0.4313443565780014,3,5,3,0.16666666666666666
maree,6,6,0.4313443565780014,3,4,2,0.16666666666666666
hokoi,6,6,0.4313443565780014,1,1,1,0.16666666666666666
rouhani,6,6,0.4313443565780014,1,1,1,0.16666666666666666
tūāpapa,6,6,0.4313443565780014,1,1,1,0.16666666666666666
aama,6,6,0.4313443565780014,1,1,1,0.16666666666666666
pahi,6,6,0.4313443565780014,1,1,1,0.16666666666666666
nowehere,6,6,0.4313443565780014,1,1,1,0.16666666666666666
patangaroa,6,6,0.4313443565780014,1,1,1,0.16666666666666666
nirupama,6,6,0.4313443565780014,1,1,1,0.16666666666666666
arataki,6,6,0.4313443565780014,1,1,1,0.16666666666666666
onuki,6,6,0.4313443565780014,1,1,1,0.16666666666666666
tumu,6,6,0.4313443565780014,1,1,1,0.16666666666666666
tōpūtanga,6,6,0.4313443565780014,1,1,1,0.16666666666666666
kumano,6,6,0.4313443565780014,1,1,1,0.16666666666666666
karanga,6,6,0.4313443565780014,1,1,1,0.16666666666666666
neingo,6,6,0.4313443565780014,1,1,1,0.16666666666666666
oriani,6,6,0.4313443565780014,1,1,1,0.16666666666666666
toitoi,6,6,0.4313443565780014,1,1,1,0.16666666666666666
ruta,6,6,0.4313443565780014,1,1,1,0.16666666666666666
erino,6,6,0.4313443565780014,1,1,1,0.16666666666666666
rieko,6,6,0.4313443565780014,1,1,1,0.16666666666666666
nuru,6,6,0.4313443565780014,1,1,1,0.16666666666666666
waihanga,6,6,0.4313443565780014,1,1,1,0.16666666666666666
emina,6,6,0.4313443565780014,1,1,1,0.16666666666666666
hape,6,6,0.4313443565780014,1,1,1,0.16666666666666666
korou,6,6,0.4313443565780014,1,1,1,0.16666666666666666
rawai,6,6,0.4313443565780014,1,1,1,0.16666666666666666
unine,6,6,0.4313443565780014,1,1,1,0.16666666666666666
turanga,6,6,0.4313443565780014,1,1,1,0.16666666666666666
nonino,6,6,0.4313443565780014,1,1,1,0.16666666666666666
raina,6,6,0.4313443565780014,2,5,4,0.16666666666666666
kapiti,6,6,0.4313443565780014,3,4,5,0.16666666666666666
tahiti,6,6,0.4313443565780014,2,4,6,0.16666666666666666
niki,6,6,0.4313443565780014,2,3,5,0.16666666666666666
tonini,6,6,0.4313443565780014,1,2,4,0.16666666666666666
hata,6,6,0.4313443565780014,2,4,4,0.16666666666666666
kanai,6,6,0.4313443565780014,2,3,5,0.16666666666666666
mariani,6,6,0.4313443565780014,2,3,4,0.16666666666666666
whereu,6,6,0.4313443565780014,1,2,5,0.16666666666666666
ohau,6,6,0.4313443565780014,2,4,6,0.16666666666666666
hake,6,6,0.4313443565780014,2,4,3,0.16666666666666666
uterine,6,6,0.4313443565780014,2,3,3,0.16666666666666666
umutekai,6,6,0.4313443565780014,1,1,6,0.16666666666666666
motukorea,6,6,0.4313443565780014,1,1,4,0.16666666666666666
puketutu,6,6,0.4313443565780014,1,1,4,0.16666666666666666
mauna,6,6,0.4313443565780014,1,1,3,0.16666666666666666
nari,6,6,0.4313443565780014,2,3,4,0.16666666666666666
kohuora,6,6,0.4313443565780014,1,1,5,0.16666666666666666
otara,6,6,0.4313443565780014,1,1,5,0.16666666666666666
kaipo,6,6,0.4313443565780014,1,1,6,0.16666666666666666
maungatautari,6,6,0.4313443565780014,2,3,5,0.16666666666666666
pukeko,6,6,0.4313443565780014,2,2,4,0.16666666666666666
rotariu,6,6,0.4313443565780014,2,2,5,0.16666666666666666
ataro,6,6,0.4313443565780014,2,2,3,0.16666666666666666
reporoa,6,6,0.4313443565780014,2,3,4,0.16666666666666666
atawhai,6,6,0.4313443565780014,2,3,2,0.16666666666666666
wunga,6,6,0.4313443565780014,1,1,4,0.16666666666666666
poae,6,6,0.4313443565780014,1,2,4,0.16666666666666666
takahara,6,6,0.4313443565780014,1,3,4,0.16666666666666666
taketake,6,6,0.4313443565780014,1,3,3,0.16666666666666666
raraunga,6,6,0.4313443565780014,1,2,3,0.16666666666666666
keri,6,6,0.4313443565780014,1,2,5,0.16666666666666666
akita,6,6,0.4313443565780014,1,1,4,0.16666666666666666
takaku,6,6,0.4313443565780014,1,1,6,0.16666666666666666
kouno,6,6,0.4313443565780014,1,1,5,0.16666666666666666
katahira,6,6,0.4313443565780014,1,1,5,0.16666666666666666
atema,6,6,0.4313443565780014,1,1,6,0.16666666666666666
urenio,10,5,0.35945363048166784,1,2,1,0.2
whanau,7,5,0.35945363048166784,2,2,4,0.2857142857142857
opoko,7,5,0.35945363048166784,1,2,3,0.2857142857142857
timeaware,7,5,0.35945363048166784,1,1,3,0.2857142857142857
weta,7,5,0.35945363048166784,2,2,4,0.2857142857142857
whaanga,7,5,0.35945363048166784,1,2,4,0.42857142857142855
kahawai,7,5,0.35945363048166784,1,2,4,0.2857142857142857
hauora,6,5,0.35945363048166784,3,3,4,0.3333333333333333
ketone,6,5,0.35945363048166784,2,3,4,0.3333333333333333
apatite,6,5,0.35945363048166784,1,1,4,0.3333333333333333
rimu,6,5,0.35945363048166784,1,2,2,0.3333333333333333
imino,6,5,0.35945363048166784,1,1,4,0.3333333333333333
teoria,5,5,0.35945363048166784,2,3,5,0.2
morimoto,5,5,0.35945363048166784,2,3,3,0.2
kuwahara,5,5,0.35945363048166784,3,4,4,0.2
aime,5,5,0.35945363048166784,2,5,4,0.2
ingame,5,5,0.35945363048166784,2,3,3,0.2
mikami,5,5,0.35945363048166784,2,3,3,0.2
aeaoa,5,5,0.35945363048166784,1,2,1,0.2
panuku,5,5,0.35945363048166784,1,2,1,0.2
wakita,5,5,0.35945363048166784,1,2,1,0.2
otakaro,5,5,0.35945363048166784,1,2,1,0.2
wengui,5,5,0.35945363048166784,1,2,1,0.2
akoma,5,5,0.35945363048166784,1,2,1,0.2
oionomou,5,5,0.35945363048166784,1,2,1,0.2
ikau,5,5,0.35945363048166784,1,2,1,0.2
tawie,5,5,0.35945363048166784,1,2,1,0.2
tumi,5,5,0.35945363048166784,1,2,1,0.2
nakamato,5,5,0.35945363048166784,1,2,1,0.2
waimairi,5,5,0.35945363048166784,1,2,1,0.2
uare,5,5,0.35945363048166784,2,3,4,0.2
pune,5,5,0.35945363048166784,3,4,3,0.2
moro,5,5,0.35945363048166784,2,3,2,0.2
natura,5,5,0.35945363048166784,3,5,4,0.2
wanga,5,5,0.35945363048166784,2,4,4,0.2
temitope,5,5,0.35945363048166784,1,3,4,0.2
puna,5,5,0.35945363048166784,3,4,4,0.2
roanu,5,5,0.35945363048166784,1,1,2,0.2
whakatane,5,5,0.35945363048166784,3,4,4,0.2
aone,5,5,0.35945363048166784,2,5,3,0.2
erera,5,5,0.35945363048166784,1,1,3,0.2
takea,5,5,0.35945363048166784,2,2,3,0.2
rohana,5,5,0.35945363048166784,2,2,2,0.2
wipo,5,5,0.35945363048166784,1,3,1,0.2
ranatunga,5,5,0.35945363048166784,2,2,3,0.2
perini,5,5,0.35945363048166784,2,3,3,0.2
takahata,5,5,0.35945363048166784,2,3,3,0.2
kitano,5,5,0.35945363048166784,2,3,2,0.2
whoweare,5,5,0.35945363048166784,1,3,1,0.2
maha,5,5,0.35945363048166784,2,3,2,0.2
aine,5,5,0.35945363048166784,3,3,4,0.2
pupo,5,5,0.35945363048166784,3,4,3,0.2
teri,5,5,0.35945363048166784,2,3,4,0.2
aremore,5,5,0.35945363048166784,3,3,4,0.2
timate,5,5,0.35945363048166784,3,3,4,0.2
totake,5,5,0.35945363048166784,2,4,3,0.2
onone,5,5,0.35945363048166784,2,2,4,0.2
terature,5,5,0.35945363048166784,2,3,3,0.2
homeo,5,5,0.35945363048166784,3,3,3,0.2
makaurau,5,5,0.35945363048166784,2,3,3,0.2
tato,5,5,0.35945363048166784,3,5,3,0.2
wome,5,5,0.35945363048166784,3,4,3,0.2
kooi,5,5,0.35945363048166784,2,3,4,0.2
eature,5,5,0.35945363048166784,2,2,4,0.2
takeo,5,5,0.35945363048166784,2,2,5,0.2
rainie,5,5,0.35945363048166784,2,2,3,0.2
nute,5,5,0.35945363048166784,2,3,4,0.2
totara,5,5,0.35945363048166784,2,5,4,0.2
netune,5,5,0.35945363048166784,2,2,3,0.2
tangaroa,5,5,0.35945363048166784,2,2,4,0.2
toki,5,5,0.35945363048166784,2,3,5,0.2
okinawa,5,5,0.35945363048166784,2,2,5,0.2
manganui,5,5,0.35945363048166784,1,2,4,0.2
konini,5,5,0.35945363048166784,1,2,4,0.2
muri,5,5,0.35945363048166784,2,3,5,0.2
pouakai,5,5,0.35945363048166784,2,2,5,0.2
manaia,5,5,0.35945363048166784,1,1,5,0.2
matakarua,5,5,0.35945363048166784,1,1,3,0.2
hirano,5,5,0.35945363048166784,2,2,4,0.2
kaingaroa,5,5,0.35945363048166784,2,2,3,0.2
waitomokia,5,5,0.35945363048166784,1,1,4,0.2
waipapa,5,5,0.35945363048166784,2,3,2,0.2
pukekiwiriki,5,5,0.35945363048166784,1,1,4,0.2
pouhawaiki,5,5,0.35945363048166784,1,1,4,0.2
kenepuru,5,5,0.35945363048166784,2,2,3,0.2
otaki,5,5,0.35945363048166784,2,3,4,0.2
matamatapiako,5,5,0.35945363048166784,2,2,3,0.2
mina,5,5,0.35945363048166784,2,3,5,0.2
wanganui,5,5,0.35945363048166784,2,2,5,0.2
manuka,5,5,0.35945363048166784,2,3,5,0.2
kanamori,5,5,0.35945363048166784,2,2,3,0.2
maungauika,5,5,0.35945363048166784,2,2,3,0.2
iwamoto,5,5,0.35945363048166784,2,2,3,0.2
koene,5,5,0.35945363048166784,2,2,3,0.2
manoa,5,5,0.35945363048166784,2,4,3,0.2
peto,5,5,0.35945363048166784,2,2,4,0.2
tungurahua,5,5,0.35945363048166784,1,1,3,0.2
opunake,5,5,0.35945363048166784,2,2,4,0.2
iuta,5,5,0.35945363048166784,2,2,3,0.2
puia,5,5,0.35945363048166784,2,4,4,0.2
whakaari,5,5,0.35945363048166784,2,2,2,0.2
moni,5,5,0.35945363048166784,2,3,3,0.2
wanokaka,5,5,0.35945363048166784,1,1,5,0.2
ingenome,5,5,0.35945363048166784,1,2,3,0.2
tuhinga,5,5,0.35945363048166784,1,3,4,0.2
takara,5,5,0.35945363048166784,1,3,4,0.2
enome,5,5,0.35945363048166784,1,2,3,0.2
nuraini,5,5,0.35945363048166784,1,1,5,0.2
pinea,5,5,0.35945363048166784,1,2,3,0.2
temanararaunga,5,5,0.35945363048166784,1,2,4,0.2
puta,5,5,0.35945363048166784,1,2,4,0.2
taiao,5,5,0.35945363048166784,1,2,5,0.2
pani,5,5,0.35945363048166784,1,3,4,0.2
pirina,5,5,0.35945363048166784,1,2,4,0.2
meme,5,5,0.35945363048166784,1,2,3,0.2
muke,5,5,0.35945363048166784,1,1,3,0.2
maio,5,5,0.35945363048166784,1,3,4,0.2
waipoua,5,5,0.35945363048166784,1,2,3,0.2
pepe,5,5,0.35945363048166784,1,2,4,0.2
europaea,5,5,0.35945363048166784,1,4,5,0.2
nanowire,5,5,0.35945363048166784,1,1,4,0.2
kanu,5,5,0.35945363048166784,1,1,4,0.2
munga,5,5,0.35945363048166784,1,1,3,0.2
epitope,5,5,0.35945363048166784,1,1,4,0.2
mitarai,5,5,0.35945363048166784,1,1,4,0.2
rangitahua,5,5,0.35945363048166784,1,1,4,0.2
rapu,5,5,0.35945363048166784,1,1,2,0.2
koha,6,4,0.28756290438533433,2,2,3,0.3333333333333333
nana,6,4,0.28756290438533433,3,4,4,0.3333333333333333
pate,5,4,0.28756290438533433,3,4,3,0.4
urai,5,4,0.28756290438533433,2,3,3,0.4
repa,5,4,0.28756290438533433,2,3,3,0.4
paua,5,4,0.28756290438533433,2,3,3,0.4
heri,5,4,0.28756290438533433,2,3,3,0.4
tamu,5,4,0.28756290438533433,1,2,2,0.4
hore,5,4,0.28756290438533433,2,3,4,0.4
wenote,5,4,0.28756290438533433,2,3,4,0.4
kahu,5,4,0.28756290438533433,1,1,2,0.4
iota,5,4,0.28756290438533433,2,3,4,0.4
irina,5,4,0.28756290438533433,2,3,3,0.4
hoki,5,4,0.28756290438533433,1,2,3,0.4
hematite,5,4,0.28756290438533433,1,2,3,0.4
tane,5,4,0.28756290438533433,1,3,3,0.4
notake,5,4,0.28756290438533433,1,1,4,0.4
anemone,5,4,0.28756290438533433,1,1,4,0.4
turitea,4,4,0.28756290438533433,3,4,4,0.25
namiki,4,4,0.28756290438533433,3,4,4,0.25
retana,4,4,0.28756290438533433,1,1,4,0.25
nieto,4,4,0.28756290438533433,2,4,2,0.25
ahouti,4,4,0.28756290438533433,1,1,3,0.25
takimoto,4,4,0.28756290438533433,3,4,2,0.25
rema,4,4,0.28756290438533433,1,2,2,0.25
nakatani,4,4,0.28756290438533433,2,2,3,0.25
kahui,4,4,0.28756290438533433,2,2,4,0.25
arango,4,4,0.28756290438533433,2,4,2,0.25
maia,4,4,0.28756290438533433,2,3,2,0.25
nuno,4,4,0.28756290438533433,2,4,4,0.25
enario,4,4,0.28756290438533433,2,4,3,0.25
amora,4,4,0.28756290438533433,1,2,3,0.25
orewa,4,4,0.28756290438533433,2,3,3,0.25
noone,4,4,0.28756290438533433,3,3,3,0.25
miniati,4,4,0.28756290438533433,1,1,3,0.25
rehua,4,4,0.28756290438533433,2,3,3,0.25
hapu,4,4,0.28756290438533433,2,2,4,0.25
puni,4,4,0.28756290438533433,2,2,3,0.25
tikanga,4,4,0.28756290438533433,2,3,3,0.25
pounamu,4,4,0.28756290438533433,2,3,3,0.25
kata,4,4,0.28756290438533433,3,4,3,0.25
apia,4,4,0.28756290438533433,2,4,3,0.25
waiheke,4,4,0.28756290438533433,3,3,3,0.25
ramani,4,4,0.28756290438533433,2,2,4,0.25
moti,4,4,0.28756290438533433,2,3,3,0.25
mepa,4,4,0.28756290438533433,1,1,2,0.25
minamoto,4,4,0.28756290438533433,2,2,2,0.25
iteria,4,4,0.28756290438533433,2,3,3,0.25
mimura,4,4,0.28756290438533433,2,2,3,0.25
iana,4,4,0.28756290438533433,1,1,2,0.25
pouhere,4,4,0.28756290438533433,1,2,2,0.25
ohueri,4,4,0.28756290438533433,1,2,2,0.25
nario,4,4,0.28756290438533433,3,3,3,0.25
wewa,4,4,0.28756290438533433,2,2,2,0.25
anama,4,4,0.28756290438533433,2,2,2,0.25
neme,4,4,0.28756290438533433,2,2,2,0.25
piao,4,4,0.28756290438533433,2,2,2,0.25
mungo,4,4,0.28756290438533433,2,2,2,0.25
amani,4,4,0.28756290438533433,2,2,2,0.25
ruhuna,4,4,0.28756290438533433,1,1,1,0.25
moha,4,4,0.28756290438533433,1,1,1,0.25
puhe,4,4,0.28756290438533433,1,1,1,0.25
nuwara,4,4,0.28756290438533433,2,2,2,0.25
peta,4,4,0.28756290438533433,2,2,2,0.25
noro,4,4,0.28756290438533433,2,2,2,0.25
hura,4,4,0.28756290438533433,2,2,1,0.25
hunga,4,4,0.28756290438533433,2,2,2,0.25
naira,4,4,0.28756290438533433,1,2,2,0.25
kukutai,4,4,0.28756290438533433,2,2,2,0.25
meho,4,4,0.28756290438533433,1,3,2,0.25
taheri,4,4,0.28756290438533433,3,4,3,0.25
neupane,4,4,0.28756290438533433,2,4,4,0.25
epoa,4,4,0.28756290438533433,2,3,2,0.25
kiani,4,4,0.28756290438533433,2,2,3,0.25
nieuwe,4,4,0.28756290438533433,2,3,3,0.25
riahi,4,4,0.28756290438533433,1,2,3,0.25
oria,4,4,0.28756290438533433,2,2,2,0.25
awarene,4,4,0.28756290438533433,1,2,2,0.25
hani,4,4,0.28756290438533433,3,3,2,0.25
taki,4,4,0.28756290438533433,2,2,3,0.25
karami,4,4,0.28756290438533433,2,3,3,0.25
maina,4,4,0.28756290438533433,3,4,2,0.25
hamari,4,4,0.28756290438533433,2,4,2,0.25
automatio,4,4,0.28756290438533433,1,2,2,0.25
kamari,4,4,0.28756290438533433,1,2,2,0.25
rahimi,4,4,0.28756290438533433,2,2,3,0.25
mika,4,4,0.28756290438533433,2,3,3,0.25
pima,4,4,0.28756290438533433,2,2,4,0.25
popa,4,4,0.28756290438533433,2,3,3,0.25
erika,4,4,0.28756290438533433,2,2,3,0.25
moira,4,4,0.28756290438533433,2,3,4,0.25
mita,4,4,0.28756290438533433,2,3,3,0.25
atime,4,4,0.28756290438533433,2,3,3,0.25
arie,4,4,0.28756290438533433,2,4,4,0.25
manawatū,4,4,0.28756290438533433,2,3,2,0.25
morio,4,4,0.28756290438533433,2,3,3,0.25
wiare,4,4,0.28756290438533433,1,1,3,0.25
patera,4,4,0.28756290438533433,1,1,2,0.25
areo,4,4,0.28756290438533433,1,1,4,0.25
wheree,4,4,0.28756290438533433,1,1,3,0.25
hirotakimura,4,4,0.28756290438533433,1,1,4,0.25
arawhata,4,4,0.28756290438533433,2,2,4,0.25
oroua,4,4,0.28756290438533433,2,3,3,0.25
kihara,4,4,0.28756290438533433,1,1,2,0.25
marini,4,4,0.28756290438533433,1,2,2,0.25
makino,4,4,0.28756290438533433,2,4,3,0.25
ngatutura,4,4,0.28756290438533433,1,1,2,0.25
okete,4,4,0.28756290438533433,1,1,2,0.25
hawaiite,4,4,0.28756290438533433,1,1,3,0.25
romani,4,4,0.28756290438533433,2,3,3,0.25
hunua,4,4,0.28756290438533433,1,1,3,0.25
kuiti,4,4,0.28756290438533433,2,2,2,0.25
maketu,4,4,0.28756290438533433,1,1,3,0.25
poto,4,4,0.28756290438533433,1,1,3,0.25
perature,4,4,0.28756290438533433,2,3,3,0.25
aike,4,4,0.28756290438533433,1,1,3,0.25
ngauruhoe,4,4,0.28756290438533433,1,1,3,0.25
keene,4,4,0.28756290438533433,2,3,4,0.25
ipomoea,4,4,0.28756290438533433,2,2,3,0.25
karori,4,4,0.28756290438533433,2,2,3,0.25
kaharoa,4,4,0.28756290438533433,1,1,3,0.25
wairoa,4,4,0.28756290438533433,2,3,3,0.25
taieri,4,4,0.28756290438533433,2,2,4,0.25
tekapo,4,4,0.28756290438533433,2,2,3,0.25
rotoma,4,4,0.28756290438533433,1,1,4,0.25
eaea,4,4,0.28756290438533433,2,2,4,0.25
kaneene,4,4,0.28756290438533433,2,2,2,0.25
tariki,4,4,0.28756290438533433,1,1,4,0.25
maari,4,4,0.28756290438533433,1,1,4,0.25
okawa,4,4,0.28756290438533433,2,2,4,0.25
okuno,4,4,0.28756290438533433,2,3,3,0.25
humanape,4,4,0.28756290438533433,2,2,3,0.25
meio,4,4,0.28756290438533433,2,4,3,0.25
maero,4,4,0.28756290438533433,1,1,3,0.25
pūnaha,4,4,0.28756290438533433,2,2,3,0.25
kaikōura,4,4,0.28756290438533433,2,2,4,0.25
wani,4,4,0.28756290438533433,2,3,4,0.25
whakamaru,4,4,0.28756290438533433,2,2,3,0.25
hinengaro,4,4,0.28756290438533433,1,1,3,0.25
kateri,4,4,0.28756290438533433,1,1,4,0.25
puiu,4,4,0.28756290438533433,1,3,2,0.25
iiii,4,4,0.28756290438533433,1,4,4,0.25
titute,4,4,0.28756290438533433,1,2,4,0.25
kohara,4,4,0.28756290438533433,1,3,2,0.25
okamura,4,4,0.28756290438533433,1,3,4,0.25
porou,4,4,0.28756290438533433,1,3,4,0.25
hapū,4,4,0.28756290438533433,1,2,3,0.25
ūnaha,4,4,0.28756290438533433,1,1,2,0.25
rakiura,4,4,0.28756290438533433,1,3,2,0.25
rākau,4,4,0.28756290438533433,1,3,2,0.25
maomao,4,4,0.28756290438533433,1,2,4,0.25
pareora,4,4,0.28756290438533433,1,2,3,0.25
tuke,4,4,0.28756290438533433,1,1,4,0.25
takai,4,4,0.28756290438533433,1,1,3,0.25
piou,4,4,0.28756290438533433,1,2,2,0.25
wairere,4,4,0.28756290438533433,1,2,2,0.25
tini,4,4,0.28756290438533433,1,2,3,0.25
rupene,4,4,0.28756290438533433,1,2,3,0.25
muta,4,4,0.28756290438533433,1,3,3,0.25
kapa,4,4,0.28756290438533433,1,2,3,0.25
roroa,4,4,0.28756290438533433,1,2,2,0.25
ngātiwai,4,4,0.28756290438533433,1,4,2,0.25
momota,4,4,0.28756290438533433,1,2,4,0.25
arene,4,4,0.28756290438533433,1,1,4,0.25
tomatine,4,4,0.28756290438533433,1,1,3,0.25
atauranga,4,4,0.28756290438533433,1,2,3,0.25
terete,4,4,0.28756290438533433,1,1,3,0.25
puketapu,4,4,0.28756290438533433,1,1,4,0.25
tapuaeouenuku,4,4,0.28756290438533433,1,1,4,0.25
kahurangi,4,4,0.28756290438533433,1,1,3,0.25
aorangi,4,4,0.28756290438533433,1,1,3,0.25
moorea,4,4,0.28756290438533433,1,2,4,0.25
whakawe,4,4,0.28756290438533433,1,1,4,0.25
kotahitanga,4,4,0.28756290438533433,1,1,4,0.25
nerita,4,4,0.28756290438533433,1,1,4,0.25
kākāpō,6,3,0.2156721782890007,1,1,2,0.3333333333333333
rahui,5,3,0.2156721782890007,2,2,2,0.4
emea,5,3,0.2156721782890007,1,1,2,0.4
monero,4,3,0.2156721782890007,2,2,2,0.5
hohai,4,3,0.2156721782890007,1,1,3,0.5
pahoehoe,4,3,0.2156721782890007,1,1,1,0.5
oura,4,3,0.2156721782890007,2,3,2,0.5
ipomoeae,4,3,0.2156721782890007,1,1,3,0.5
tiriti,4,3,0.2156721782890007,1,2,2,0.5
kakapo,4,3,0.2156721782890007,1,1,1,0.5
kowhai,4,3,0.2156721782890007,1,1,3,0.5
hite,3,3,0.2156721782890007,2,3,2,0.3333333333333333
mone,3,3,0.2156721782890007,2,3,2,0.3333333333333333
moke,3,3,0.2156721782890007,2,2,3,0.3333333333333333
iwaka,3,3,0.2156721782890007,1,1,2,0.3333333333333333
rete,3,3,0.2156721782890007,3,3,3,0.3333333333333333
neira,3,3,0.2156721782890007,1,3,2,0.3333333333333333
ariate,3,3,0.2156721782890007,2,2,3,0.3333333333333333
renato,3,3,0.2156721782890007,2,2,2,0.3333333333333333
amini,3,3,0.2156721782890007,2,2,2,0.3333333333333333
nore,3,3,0.2156721782890007,2,2,3,0.3333333333333333
nemoto,3,3,0.2156721782890007,2,2,2,0.3333333333333333
rapi,3,3,0.2156721782890007,2,3,3,0.3333333333333333
uniroma,3,3,0.2156721782890007,1,2,2,0.3333333333333333
orono,3,3,0.2156721782890007,3,3,2,0.3333333333333333
iterati,3,3,0.2156721782890007,2,2,3,0.3333333333333333
ripepe,3,3,0.2156721782890007,2,2,3,0.3333333333333333
matata,3,3,0.2156721782890007,2,3,3,0.3333333333333333
koria,3,3,0.2156721782890007,1,2,3,0.3333333333333333
taumata,3,3,0.2156721782890007,2,2,3,0.3333333333333333
oraka,3,3,0.2156721782890007,2,2,3,0.3333333333333333
manawhenua,3,3,0.2156721782890007,2,2,3,0.3333333333333333
wananga,3,3,0.2156721782890007,1,1,2,0.3333333333333333
hanau,3,3,0.2156721782890007,2,2,3,0.3333333333333333
parata,3,3,0.2156721782890007,2,2,2,0.3333333333333333
mihi,3,3,0.2156721782890007,2,2,3,0.3333333333333333
aranui,3,3,0.2156721782890007,1,1,3,0.3333333333333333
rura,3,3,0.2156721782890007,1,2,2,0.3333333333333333
eate,3,3,0.2156721782890007,1,3,2,0.3333333333333333
enerate,3,3,0.2156721782890007,1,2,2,0.3333333333333333
pite,3,3,0.2156721782890007,1,2,3,0.3333333333333333
eeri,3,3,0.2156721782890007,1,3,2,0.3333333333333333
nokonoko,3,3,0.2156721782890007,1,1,3,0.3333333333333333
rakiraki,3,3,0.2156721782890007,1,1,3,0.3333333333333333
monitori,3,3,0.2156721782890007,2,2,3,0.3333333333333333
emai,3,3,0.2156721782890007,2,3,3,0.3333333333333333
pura,3,3,0.2156721782890007,2,3,3,0.3333333333333333
awatere,3,3,0.2156721782890007,2,2,2,0.3333333333333333
whānau,3,3,0.2156721782890007,2,3,2,0.3333333333333333
ngāi,3,3,0.2156721782890007,2,3,3,0.3333333333333333
kaimoana,3,3,0.2156721782890007,2,2,2,0.3333333333333333
ōura,3,3,0.2156721782890007,2,3,2,0.3333333333333333
menoni,3,3,0.2156721782890007,1,2,2,0.3333333333333333
makihara,3,3,0.2156721782890007,1,1,1,0.3333333333333333
renou,3,3,0.2156721782890007,1,1,1,0.3333333333333333
panahatapanaha,3,3,0.2156721782890007,1,1,1,0.3333333333333333
amarutanga,3,3,0.2156721782890007,1,1,1,0.3333333333333333
nangi,3,3,0.2156721782890007,1,1,1,0.3333333333333333
kemana,3,3,0.2156721782890007,1,1,1,0.3333333333333333
okita,3,3,0.2156721782890007,1,1,1,0.3333333333333333
umeki,3,3,0.2156721782890007,1,1,1,0.3333333333333333
naruto,3,3,0.2156721782890007,1,1,1,0.3333333333333333
raape,3,3,0.2156721782890007,1,1,1,0.3333333333333333
kapu,3,3,0.2156721782890007,1,1,1,0.3333333333333333
powei,3,3,0.2156721782890007,1,1,1,0.3333333333333333
ateneo,3,3,0.2156721782890007,1,1,1,0.3333333333333333
kepeema,3,3,0.2156721782890007,1,1,1,0.3333333333333333
kumana,3,3,0.2156721782890007,1,1,1,0.3333333333333333
romenia,3,3,0.2156721782890007,1,1,1,0.3333333333333333
rawana,3,3,0.2156721782890007,1,1,1,0.3333333333333333
wiia,3,3,0.2156721782890007,1,1,1,0.3333333333333333
karunaweera,3,3,0.2156721782890007,1,1,1,0.3333333333333333
kimoto,3,3,0.2156721782890007,1,1,1,0.3333333333333333
pingi,3,3,0.2156721782890007,1,1,1,0.3333333333333333
horana,3,3,0.2156721782890007,1,1,1,0.3333333333333333
marapana,3,3,0.2156721782890007,1,1,1,0.3333333333333333
ratioo,3,3,0.2156721782890007,1,1,1,0.3333333333333333
popuri,3,3,0.2156721782890007,1,1,1,0.3333333333333333
momani,3,3,0.2156721782890007,1,1,1,0.3333333333333333
nekama,3,3,0.2156721782890007,1,1,1,0.3333333333333333
nakanowatari,3,3,0.2156721782890007,1,1,1,0.3333333333333333
anua,3,3,0.2156721782890007,1,1,1,0.3333333333333333
muara,3,3,0.2156721782890007,1,1,1,0.3333333333333333
koei,3,3,0.2156721782890007,1,1,1,0.3333333333333333
nowhe,3,3,0.2156721782890007,1,1,1,0.3333333333333333
kiri,3,3,0.2156721782890007,1,1,1,0.3333333333333333
weerakoongama,3,3,0.2156721782890007,1,1,1,0.3333333333333333
tena,3,3,0.2156721782890007,1,1,1,0.3333333333333333
ratanakiri,3,3,0.2156721782890007,1,1,1,0.3333333333333333
moratuwamoratuwa,3,3,0.2156721782890007,1,1,1,0.3333333333333333
wereno,3,3,0.2156721782890007,1,1,1,0.3333333333333333
muraro,3,3,0.2156721782890007,1,1,1,0.3333333333333333
rakou,3,3,0.2156721782890007,1,1,1,0.3333333333333333
niranga,3,3,0.2156721782890007,1,1,1,0.3333333333333333
kuta,3,3,0.2156721782890007,1,1,1,0.3333333333333333
iwanami,3,3,0.2156721782890007,1,1,1,0.3333333333333333
epii,3,3,0.2156721782890007,1,1,1,0.3333333333333333
onuma,3,3,0.2156721782890007,1,1,1,0.3333333333333333
areawho,3,3,0.2156721782890007,1,1,1,0.3333333333333333
nika,3,3,0.2156721782890007,1,1,1,0.3333333333333333
mueke,3,3,0.2156721782890007,1,1,1,0.3333333333333333
komino,3,3,0.2156721782890007,1,1,1,0.3333333333333333
ongee,3,3,0.2156721782890007,1,1,1,0.3333333333333333
tunga,3,3,0.2156721782890007,1,1,1,0.3333333333333333
urawa,3,3,0.2156721782890007,1,1,1,0.3333333333333333
emenike,3,3,0.2156721782890007,1,1,1,0.3333333333333333
perotoni,3,3,0.2156721782890007,1,1,1,0.3333333333333333
erepo,3,3,0.2156721782890007,1,1,1,0.3333333333333333
toure,3,3,0.2156721782890007,1,1,1,0.3333333333333333
katu,3,3,0.2156721782890007,1,1,1,0.3333333333333333
ranau,3,3,0.2156721782890007,1,1,1,0.3333333333333333
ohara,3,3,0.2156721782890007,1,1,1,0.3333333333333333
karo,3,3,0.2156721782890007,2,2,2,0.3333333333333333
orate,3,3,0.2156721782890007,1,1,2,0.3333333333333333
rame,3,3,0.2156721782890007,1,2,3,0.3333333333333333
tooperate,3,3,0.2156721782890007,2,2,3,0.3333333333333333
iture,3,3,0.2156721782890007,1,2,2,0.3333333333333333
hari,3,3,0.2156721782890007,2,2,3,0.3333333333333333
haapio,3,3,0.2156721782890007,1,2,2,0.3333333333333333
tamo,3,3,0.2156721782890007,1,1,2,0.3333333333333333
urope,3,3,0.2156721782890007,2,2,2,0.3333333333333333
aitiene,3,3,0.2156721782890007,1,1,2,0.3333333333333333
numero,3,3,0.2156721782890007,2,2,3,0.3333333333333333
nema,3,3,0.2156721782890007,2,2,3,0.3333333333333333
kari,3,3,0.2156721782890007,3,3,3,0.3333333333333333
omote,3,3,0.2156721782890007,2,2,2,0.3333333333333333
aputo,3,3,0.2156721782890007,2,2,2,0.3333333333333333
aaee,3,3,0.2156721782890007,2,2,2,0.3333333333333333
kota,3,3,0.2156721782890007,2,2,2,0.3333333333333333
piki,3,3,0.2156721782890007,2,2,2,0.3333333333333333
noori,3,3,0.2156721782890007,1,1,2,0.3333333333333333
itate,3,3,0.2156721782890007,2,2,2,0.3333333333333333
arate,3,3,0.2156721782890007,2,2,2,0.3333333333333333
iorio,3,3,0.2156721782890007,2,2,2,0.3333333333333333
nikou,3,3,0.2156721782890007,2,2,1,0.3333333333333333
operato,3,3,0.2156721782890007,2,2,1,0.3333333333333333
heate,3,3,0.2156721782890007,2,2,3,0.3333333333333333
okie,3,3,0.2156721782890007,2,3,2,0.3333333333333333
miki,3,3,0.2156721782890007,2,3,1,0.3333333333333333
aera,3,3,0.2156721782890007,2,3,2,0.3333333333333333
inaotearoa,3,3,0.2156721782890007,2,3,2,0.3333333333333333
topi,3,3,0.2156721782890007,2,3,2,0.3333333333333333
arewa,3,3,0.2156721782890007,2,3,2,0.3333333333333333
initi,3,3,0.2156721782890007,2,3,2,0.3333333333333333
tamara,3,3,0.2156721782890007,2,3,2,0.3333333333333333
kotera,3,3,0.2156721782890007,2,3,2,0.3333333333333333
kamei,3,3,0.2156721782890007,2,3,2,0.3333333333333333
omani,3,3,0.2156721782890007,2,3,1,0.3333333333333333
morita,3,3,0.2156721782890007,2,3,2,0.3333333333333333
pute,3,3,0.2156721782890007,3,3,2,0.3333333333333333
murao,3,3,0.2156721782890007,3,3,3,0.3333333333333333
aina,3,3,0.2156721782890007,2,2,3,0.3333333333333333
kataria,3,3,0.2156721782890007,2,2,2,0.3333333333333333
rohani,3,3,0.2156721782890007,2,3,3,0.3333333333333333
moroni,3,3,0.2156721782890007,3,3,3,0.3333333333333333
morini,3,3,0.2156721782890007,2,2,2,0.3333333333333333
nene,3,3,0.2156721782890007,2,3,3,0.3333333333333333
wheni,3,3,0.2156721782890007,1,2,3,0.3333333333333333
atio,3,3,0.2156721782890007,1,2,3,0.3333333333333333
eare,3,3,0.2156721782890007,1,2,3,0.3333333333333333
roto,3,3,0.2156721782890007,2,3,3,0.3333333333333333
weremore,3,3,0.2156721782890007,2,3,3,0.3333333333333333
akira,3,3,0.2156721782890007,2,3,2,0.3333333333333333
heme,3,3,0.2156721782890007,2,3,3,0.3333333333333333
ekaterina,3,3,0.2156721782890007,2,2,3,0.3333333333333333
teaa,3,3,0.2156721782890007,2,2,3,0.3333333333333333
rote,3,3,0.2156721782890007,2,2,2,0.3333333333333333
tine,3,3,0.2156721782890007,2,3,3,0.3333333333333333
iaai,3,3,0.2156721782890007,1,2,3,0.3333333333333333
angi,3,3,0.2156721782890007,2,3,2,0.3333333333333333
monga,3,3,0.2156721782890007,1,2,2,0.3333333333333333
kawahara,3,3,0.2156721782890007,2,2,2,0.3333333333333333
rieure,3,3,0.2156721782890007,2,3,3,0.3333333333333333
kanatani,3,3,0.2156721782890007,2,3,3,0.3333333333333333
takaki,3,3,0.2156721782890007,2,3,3,0.3333333333333333
iawi,3,3,0.2156721782890007,1,1,2,0.3333333333333333
tomei,3,3,0.2156721782890007,1,1,2,0.3333333333333333
touma,3,3,0.2156721782890007,1,1,3,0.3333333333333333
teramae,3,3,0.2156721782890007,1,1,3,0.3333333333333333
kori,3,3,0.2156721782890007,1,1,3,0.3333333333333333
uramoto,3,3,0.2156721782890007,1,1,3,0.3333333333333333
hungate,3,3,0.2156721782890007,2,2,3,0.3333333333333333
takenaka,3,3,0.2156721782890007,2,3,3,0.3333333333333333
kito,3,3,0.2156721782890007,1,2,2,0.3333333333333333
kahuterawa,3,3,0.2156721782890007,1,2,3,0.3333333333333333
runo,3,3,0.2156721782890007,2,3,3,0.3333333333333333
waikawa,3,3,0.2156721782890007,2,3,2,0.3333333333333333
mangaweka,3,3,0.2156721782890007,2,2,3,0.3333333333333333
tokomaru,3,3,0.2156721782890007,1,2,2,0.3333333333333333
ohakune,3,3,0.2156721782890007,2,3,3,0.3333333333333333
waiouru,3,3,0.2156721782890007,1,2,3,0.3333333333333333
taihape,3,3,0.2156721782890007,2,2,3,0.3333333333333333
whangaehu,3,3,0.2156721782890007,1,2,3,0.3333333333333333
akahi,3,3,0.2156721782890007,2,2,3,0.3333333333333333
miai,3,3,0.2156721782890007,2,2,3,0.3333333333333333
nona,3,3,0.2156721782890007,2,2,1,0.3333333333333333
titi,3,3,0.2156721782890007,2,2,3,0.3333333333333333
papo,3,3,0.2156721782890007,1,1,3,0.3333333333333333
kawakami,3,3,0.2156721782890007,1,1,2,0.3333333333333333
tomore,3,3,0.2156721782890007,1,2,3,0.3333333333333333
takemura,3,3,0.2156721782890007,2,3,2,0.3333333333333333
rongo,3,3,0.2156721782890007,2,2,3,0.3333333333333333
rotomahana,3,3,0.2156721782890007,1,1,2,0.3333333333333333
minuta,3,3,0.2156721782890007,2,2,2,0.3333333333333333
kaawa,3,3,0.2156721782890007,1,1,2,0.3333333333333333
manea,3,3,0.2156721782890007,1,1,2,0.3333333333333333
moho,3,3,0.2156721782890007,1,1,2,0.3333333333333333
kone,3,3,0.2156721782890007,2,2,2,0.3333333333333333
raine,3,3,0.2156721782890007,2,2,2,0.3333333333333333
reme,3,3,0.2156721782890007,2,2,2,0.3333333333333333
murihiku,3,3,0.2156721782890007,1,1,2,0.3333333333333333
moire,3,3,0.2156721782890007,2,2,1,0.3333333333333333
tuakau,3,3,0.2156721782890007,2,2,2,0.3333333333333333
waitaki,3,3,0.2156721782890007,1,1,2,0.3333333333333333
wainuiomata,3,3,0.2156721782890007,2,3,3,0.3333333333333333
ngaruroro,3,3,0.2156721782890007,2,2,3,0.3333333333333333
paraparaumu,3,3,0.2156721782890007,2,2,3,0.3333333333333333
waingongoro,3,3,0.2156721782890007,1,1,3,0.3333333333333333
rangitata,3,3,0.2156721782890007,2,2,3,0.3333333333333333
waioeka,3,3,0.2156721782890007,2,2,3,0.3333333333333333
raukumara,3,3,0.2156721782890007,2,2,3,0.3333333333333333
poihipi,3,3,0.2156721782890007,1,1,3,0.3333333333333333
okaia,3,3,0.2156721782890007,1,1,3,0.3333333333333333
mamaku,3,3,0.2156721782890007,1,1,3,0.3333333333333333
opepe,3,3,0.2156721782890007,1,1,3,0.3333333333333333
ānuka,3,3,0.2156721782890007,2,3,3,0.3333333333333333
manawatuwanganui,3,3,0.2156721782890007,1,1,3,0.3333333333333333
tiritiri,3,3,0.2156721782890007,2,2,2,0.3333333333333333
matangi,3,3,0.2156721782890007,2,2,2,0.3333333333333333
anau,3,3,0.2156721782890007,2,2,2,0.3333333333333333
paetahi,3,3,0.2156721782890007,1,1,3,0.3333333333333333
kaponga,3,3,0.2156721782890007,1,1,3,0.3333333333333333
tuikonga,3,3,0.2156721782890007,1,1,3,0.3333333333333333
koru,3,3,0.2156721782890007,1,1,3,0.3333333333333333
korito,3,3,0.2156721782890007,1,1,3,0.3333333333333333
rane,3,3,0.2156721782890007,2,3,3,0.3333333333333333
maketawa,3,3,0.2156721782890007,1,1,3,0.3333333333333333
ngaere,3,3,0.2156721782890007,1,1,3,0.3333333333333333
tahurangi,3,3,0.2156721782890007,1,1,3,0.3333333333333333
opua,3,3,0.2156721782890007,1,1,3,0.3333333333333333
hipo,3,3,0.2156721782890007,2,2,1,0.3333333333333333
eaewere,3,3,0.2156721782890007,2,2,2,0.3333333333333333
pinene,3,3,0.2156721782890007,2,2,3,0.3333333333333333
anuka,3,3,0.2156721782890007,2,2,2,0.3333333333333333
ieno,3,3,0.2156721782890007,2,3,3,0.3333333333333333
kaupokonui,3,3,0.2156721782890007,2,2,3,0.3333333333333333
karanika,3,3,0.2156721782890007,2,2,2,0.3333333333333333
rangita,3,3,0.2156721782890007,2,2,3,0.3333333333333333
haroharo,3,3,0.2156721782890007,1,1,2,0.3333333333333333
timu,3,3,0.2156721782890007,2,2,2,0.3333333333333333
rotoiti,3,3,0.2156721782890007,2,2,2,0.3333333333333333
taupō,3,3,0.2156721782890007,2,2,1,0.3333333333333333
winata,3,3,0.2156721782890007,1,1,3,0.3333333333333333
mahu,3,3,0.2156721782890007,1,1,3,0.3333333333333333
waimangura,3,3,0.2156721782890007,1,1,3,0.3333333333333333
uinea,3,3,0.2156721782890007,1,1,3,0.3333333333333333
rengo,3,3,0.2156721782890007,1,1,2,0.3333333333333333
mikea,3,3,0.2156721782890007,1,1,3,0.3333333333333333
raimanawe,3,3,0.2156721782890007,1,1,3,0.3333333333333333
anote,3,3,0.2156721782890007,1,2,3,0.3333333333333333
tuangi,3,3,0.2156721782890007,1,2,3,0.3333333333333333
apuku,3,3,0.2156721782890007,1,2,2,0.3333333333333333
ahua,3,3,0.2156721782890007,1,2,2,0.3333333333333333
tarakihi,3,3,0.2156721782890007,1,2,3,0.3333333333333333
tahi,3,3,0.2156721782890007,1,3,3,0.3333333333333333
ueki,3,3,0.2156721782890007,1,2,3,0.3333333333333333
aotearoae,3,3,0.2156721782890007,1,1,3,0.3333333333333333
tipu,3,3,0.2156721782890007,1,1,3,0.3333333333333333
mahia,3,3,0.2156721782890007,1,2,3,0.3333333333333333
oota,3,3,0.2156721782890007,1,2,3,0.3333333333333333
onge,3,3,0.2156721782890007,1,1,2,0.3333333333333333
teouma,3,3,0.2156721782890007,1,1,2,0.3333333333333333
kokako,3,3,0.2156721782890007,1,1,3,0.3333333333333333
hihi,3,3,0.2156721782890007,1,1,2,0.3333333333333333
takami,3,3,0.2156721782890007,1,2,3,0.3333333333333333
wakatipu,3,3,0.2156721782890007,1,2,2,0.3333333333333333
hawaiki,3,3,0.2156721782890007,1,1,1,0.3333333333333333
uerata,3,3,0.2156721782890007,1,2,3,0.3333333333333333
moki,3,3,0.2156721782890007,1,2,3,0.3333333333333333
tuku,3,3,0.2156721782890007,1,2,2,0.3333333333333333
maramataka,3,3,0.2156721782890007,1,2,2,0.3333333333333333
mahi,3,3,0.2156721782890007,1,3,3,0.3333333333333333
maritima,3,3,0.2156721782890007,1,3,3,0.3333333333333333
inamoto,3,3,0.2156721782890007,1,3,2,0.3333333333333333
nuka,3,3,0.2156721782890007,1,2,3,0.3333333333333333
matute,3,3,0.2156721782890007,1,2,2,0.3333333333333333
aimee,3,3,0.2156721782890007,1,2,3,0.3333333333333333
kinipi,3,3,0.2156721782890007,1,1,3,0.3333333333333333
tino,3,3,0.2156721782890007,1,2,2,0.3333333333333333
arauna,3,3,0.2156721782890007,1,1,2,0.3333333333333333
wiehe,3,3,0.2156721782890007,1,2,2,0.3333333333333333
patuawa,3,3,0.2156721782890007,1,2,2,0.3333333333333333
taoho,3,3,0.2156721782890007,1,2,2,0.3333333333333333
ueno,3,3,0.2156721782890007,1,2,3,0.3333333333333333
arita,3,3,0.2156721782890007,1,2,3,0.3333333333333333
torii,3,3,0.2156721782890007,1,1,2,0.3333333333333333
okuma,3,3,0.2156721782890007,1,1,2,0.3333333333333333
menge,3,3,0.2156721782890007,1,2,3,0.3333333333333333
tito,3,3,0.2156721782890007,1,1,3,0.3333333333333333
perone,3,3,0.2156721782890007,1,1,3,0.3333333333333333
iwai,3,3,0.2156721782890007,1,2,2,0.3333333333333333
anie,3,3,0.2156721782890007,1,1,3,0.3333333333333333
pakiari,3,3,0.2156721782890007,1,1,2,0.3333333333333333
apii,3,3,0.2156721782890007,1,1,3,0.3333333333333333
inia,3,3,0.2156721782890007,1,2,2,0.3333333333333333
keiko,3,3,0.2156721782890007,1,1,3,0.3333333333333333
angio,3,3,0.2156721782890007,1,3,3,0.3333333333333333
motueka,3,3,0.2156721782890007,1,1,2,0.3333333333333333
aharoni,3,3,0.2156721782890007,1,1,2,0.3333333333333333
rotoroa,3,3,0.2156721782890007,1,1,3,0.3333333333333333
panero,3,3,0.2156721782890007,1,1,3,0.3333333333333333
maungamahue,3,3,0.2156721782890007,1,1,3,0.3333333333333333
waipuna,3,3,0.2156721782890007,1,1,3,0.3333333333333333
moawhango,3,3,0.2156721782890007,1,1,2,0.3333333333333333
paturau,3,3,0.2156721782890007,1,1,3,0.3333333333333333
wipaki,3,3,0.2156721782890007,1,1,3,0.3333333333333333
wanaka,3,3,0.2156721782890007,1,1,3,0.3333333333333333
ngawi,3,3,0.2156721782890007,1,1,3,0.3333333333333333
awarua,3,3,0.2156721782890007,1,1,3,0.3333333333333333
tama,3,3,0.2156721782890007,1,1,3,0.3333333333333333
ikaamaru,3,3,0.2156721782890007,1,1,3,0.3333333333333333
waipakihi,3,3,0.2156721782890007,1,1,3,0.3333333333333333
kaimanawa,3,3,0.2156721782890007,1,1,2,0.3333333333333333
manihi,3,3,0.2156721782890007,1,1,3,0.3333333333333333
ārangi,3,3,0.2156721782890007,1,2,3,0.3333333333333333
tatea,3,3,0.2156721782890007,1,1,1,0.3333333333333333
neritina,3,3,0.2156721782890007,1,1,3,0.3333333333333333
renema,3,3,0.2156721782890007,1,1,3,0.3333333333333333
tiki,3,3,0.2156721782890007,1,1,2,0.3333333333333333
motupore,3,3,0.2156721782890007,1,1,2,0.3333333333333333
moananui,3,3,0.2156721782890007,1,1,1,0.3333333333333333
āmaki,3,3,0.2156721782890007,1,1,3,0.3333333333333333
toha,3,3,0.2156721782890007,1,1,2,0.3333333333333333
whakatupu,3,3,0.2156721782890007,1,1,2,0.3333333333333333
rona,3,3,0.2156721782890007,1,1,2,0.3333333333333333
perate,3,3,0.2156721782890007,1,1,2,0.3333333333333333
kaitahu,6,2,0.14378145219266716,1,1,2,0.5
katene,4,2,0.14378145219266716,1,1,2,0.5
hepi,4,2,0.14378145219266716,2,2,2,0.75
hauri,4,2,0.14378145219266716,1,1,1,0.5
pereiro,4,2,0.14378145219266716,1,2,1,0.5
makua,4,2,0.14378145219266716,1,2,1,0.5
tanimoto,4,2,0.14378145219266716,1,2,1,0.5
karia,4,2,0.14378145219266716,1,2,1,0.5
harangi,4,2,0.14378145219266716,1,1,1,0.5
toheroa,4,2,0.14378145219266716,1,1,2,0.5
pipi,4,2,0.14378145219266716,1,1,2,0.5
rimea,3,2,0.14378145219266716,1,1,1,0.6666666666666666
matai,3,2,0.14378145219266716,1,1,1,0.6666666666666666
aree,3,2,0.14378145219266716,2,2,1,0.6666666666666666
weihua,3,2,0.14378145219266716,2,2,2,0.6666666666666666
tuatara,3,2,0.14378145219266716,2,2,1,0.6666666666666666
akoaotearoa,3,2,0.14378145219266716,2,2,2,0.6666666666666666
hoarau,3,2,0.14378145219266716,1,2,2,0.6666666666666666
whakataukī,3,2,0.14378145219266716,1,1,1,0.6666666666666666
tika,3,2,0.14378145219266716,1,2,1,0.6666666666666666
kohei,3,2,0.14378145219266716,1,1,2,0.6666666666666666
eioa,2,2,0.14378145219266716,1,1,2,0.5
pina,2,2,0.14378145219266716,1,2,2,0.5
tete,2,2,0.14378145219266716,1,1,2,0.5
timetime,2,2,0.14378145219266716,2,2,2,0.5
amoore,2,2,0.14378145219266716,2,2,2,0.5
miua,2,2,0.14378145219266716,1,1,2,0.5
noreau,2,2,0.14378145219266716,1,1,2,0.5
nierie,2,2,0.14378145219266716,1,1,2,0.5
rotati,2,2,0.14378145219266716,2,2,2,0.5
rainio,2,2,0.14378145219266716,1,2,2,0.5
atia,2,2,0.14378145219266716,2,2,1,0.5
autono,2,2,0.14378145219266716,2,2,2,0.5
torero,2,2,0.14378145219266716,1,1,2,0.5
urata,2,2,0.14378145219266716,2,2,2,0.5
uite,2,2,0.14378145219266716,2,2,2,0.5
tanimura,2,2,0.14378145219266716,1,1,1,0.5
ramona,2,2,0.14378145219266716,2,2,2,0.5
nima,2,2,0.14378145219266716,1,2,2,0.5
etopio,2,2,0.14378145219266716,1,2,2,0.5
kaimara,2,2,0.14378145219266716,1,2,2,0.5
romeu,2,2,0.14378145219266716,2,2,2,0.5
monito,2,2,0.14378145219266716,1,2,2,0.5
ikemoto,2,2,0.14378145219266716,1,1,1,0.5
ario,2,2,0.14378145219266716,2,2,2,0.5
tirana,2,2,0.14378145219266716,2,2,2,0.5
kanakati,2,2,0.14378145219266716,1,2,1,0.5
panorami,2,2,0.14378145219266716,1,2,1,0.5
piana,2,2,0.14378145219266716,1,1,1,0.5
ramu,2,2,0.14378145219266716,2,2,2,0.5
taurine,2,2,0.14378145219266716,2,2,2,0.5
nurie,2,2,0.14378145219266716,1,2,2,0.5
mene,2,2,0.14378145219266716,1,2,2,0.5
huanga,2,2,0.14378145219266716,2,2,2,0.5
hanaoka,2,2,0.14378145219266716,2,2,2,0.5
minimu,2,2,0.14378145219266716,2,2,2,0.5
aroha,2,2,0.14378145219266716,2,2,2,0.5
manawai,2,2,0.14378145219266716,1,1,2,0.5
kaiapoi,2,2,0.14378145219266716,1,1,2,0.5
ruwhenua,2,2,0.14378145219266716,1,1,2,0.5
whakamoemiti,2,2,0.14378145219266716,1,1,2,0.5
maatawaka,2,2,0.14378145219266716,1,1,2,0.5
mahaanui,2,2,0.14378145219266716,1,1,2,0.5
wainoni,2,2,0.14378145219266716,1,1,2,0.5
rapaki,2,2,0.14378145219266716,1,1,2,0.5
otautahi,2,2,0.14378145219266716,1,1,2,0.5
manaakitanga,2,2,0.14378145219266716,2,2,1,0.5
taurahere,2,2,0.14378145219266716,1,1,2,0.5
kaumatua,2,2,0.14378145219266716,1,1,2,0.5
kapahaka,2,2,0.14378145219266716,1,1,2,0.5
runaka,2,2,0.14378145219266716,1,1,2,0.5
tainui,2,2,0.14378145219266716,1,1,2,0.5
kurataio,2,2,0.14378145219266716,1,1,2,0.5
awheawhe,2,2,0.14378145219266716,1,1,2,0.5
anake,2,2,0.14378145219266716,2,2,2,0.5
kipa,2,2,0.14378145219266716,1,1,2,0.5
huria,2,2,0.14378145219266716,1,1,2,0.5
tuahuriri,2,2,0.14378145219266716,1,1,2,0.5
ratima,2,2,0.14378145219266716,1,1,2,0.5
whakatau,2,2,0.14378145219266716,1,1,2,0.5
oranga,2,2,0.14378145219266716,1,1,2,0.5
rangiora,2,2,0.14378145219266716,1,1,2,0.5
whakauae,2,2,0.14378145219266716,1,1,2,0.5
tapu,2,2,0.14378145219266716,1,1,2,0.5
kohanga,2,2,0.14378145219266716,1,1,2,0.5
tuahiwi,2,2,0.14378145219266716,1,1,2,0.5
pikia,2,2,0.14378145219266716,1,1,2,0.5
kokakoka,2,2,0.14378145219266716,1,1,2,0.5
kokiri,2,2,0.14378145219266716,1,1,2,0.5
unge,2,2,0.14378145219266716,2,2,2,0.5
karena,2,2,0.14378145219266716,2,2,2,0.5
ongoi,2,2,0.14378145219266716,2,2,2,0.5
potangaroaa,2,2,0.14378145219266716,1,1,1,0.5
hita,2,2,0.14378145219266716,1,1,2,0.5
utami,2,2,0.14378145219266716,2,2,2,0.5
remaini,2,2,0.14378145219266716,1,2,2,0.5
moroi,2,2,0.14378145219266716,1,2,1,0.5
muramoto,2,2,0.14378145219266716,1,1,2,0.5
aroa,2,2,0.14378145219266716,2,2,2,0.5
peketa,2,2,0.14378145219266716,2,2,2,0.5
karakia,2,2,0.14378145219266716,2,2,1,0.5
kaha,2,2,0.14378145219266716,2,2,2,0.5
tamatea,2,2,0.14378145219266716,2,2,2,0.5
itaukei,2,2,0.14378145219266716,2,2,2,0.5
atuwa,2,2,0.14378145219266716,1,1,2,0.5
nomi,2,2,0.14378145219266716,2,2,2,0.5
heke,2,2,0.14378145219266716,2,2,2,0.5
anae,2,2,0.14378145219266716,2,2,2,0.5
ania,2,2,0.14378145219266716,2,2,2,0.5
ekonomi,2,2,0.14378145219266716,1,2,2,0.5
rone,2,2,0.14378145219266716,1,1,2,0.5
ohariu,2,2,0.14378145219266716,2,2,2,0.5
moma,2,2,0.14378145219266716,2,2,2,0.5
timeto,2,2,0.14378145219266716,2,2,2,0.5
ranaweera,2,2,0.14378145219266716,1,1,2,0.5
kahungunu,2,2,0.14378145219266716,2,2,2,0.5
moreu,2,2,0.14378145219266716,1,2,1,0.5
ineurope,2,2,0.14378145219266716,2,2,2,0.5
meeti,2,2,0.14378145219266716,1,2,2,0.5
mahanama,2,2,0.14378145219266716,1,1,1,0.5
nipa,2,2,0.14378145219266716,1,2,1,0.5
kuei,2,2,0.14378145219266716,1,1,2,0.5
wana,2,2,0.14378145219266716,1,1,2,0.5
eria,2,2,0.14378145219266716,2,2,2,0.5
papakura,2,2,0.14378145219266716,2,2,2,0.5
marano,2,2,0.14378145219266716,2,2,2,0.5
oneo,2,2,0.14378145219266716,2,2,2,0.5
kometa,2,2,0.14378145219266716,1,1,2,0.5
timi,2,2,0.14378145219266716,2,2,2,0.5
kangari,2,2,0.14378145219266716,1,1,2,0.5
newhome,2,2,0.14378145219266716,2,2,2,0.5
rotimia,2,2,0.14378145219266716,1,1,2,0.5
kurokawa,2,2,0.14378145219266716,2,2,2,0.5
retiree,2,2,0.14378145219266716,2,2,2,0.5
nonu,2,2,0.14378145219266716,2,2,2,0.5
muro,2,2,0.14378145219266716,2,2,2,0.5
iera,2,2,0.14378145219266716,2,2,2,0.5
minutiae,2,2,0.14378145219266716,2,2,2,0.5
moita,2,2,0.14378145219266716,2,2,2,0.5
ipate,2,2,0.14378145219266716,2,2,2,0.5
omono,2,2,0.14378145219266716,2,2,2,0.5
pake,2,2,0.14378145219266716,2,2,2,0.5
haito,2,2,0.14378145219266716,1,1,2,0.5
komite,2,2,0.14378145219266716,2,2,2,0.5
hameri,2,2,0.14378145219266716,1,1,2,0.5
itute,2,2,0.14378145219266716,2,2,2,0.5
anona,2,2,0.14378145219266716,1,1,1,0.5
reau,2,2,0.14378145219266716,1,1,1,0.5
emoti,2,2,0.14378145219266716,1,1,1,0.5
ioki,2,2,0.14378145219266716,1,1,1,0.5
nomu,2,2,0.14378145219266716,1,1,1,0.5
matipa,2,2,0.14378145219266716,1,1,1,0.5
pātea,2,2,0.14378145219266716,1,1,1,0.5
tema,2,2,0.14378145219266716,1,1,1,0.5
muiruri,2,2,0.14378145219266716,1,1,1,0.5
mangakino,2,2,0.14378145219266716,1,1,1,0.5
turo,2,2,0.14378145219266716,1,1,1,0.5
powe,2,2,0.14378145219266716,1,1,1,0.5
metu,2,2,0.14378145219266716,1,1,1,0.5
howi,2,2,0.14378145219266716,1,1,1,0.5
hiripi,2,2,0.14378145219266716,1,1,1,0.5
anganui,2,2,0.14378145219266716,1,1,1,0.5
nangia,2,2,0.14378145219266716,1,1,1,0.5
remo,2,2,0.14378145219266716,1,1,1,0.5
akaka,2,2,0.14378145219266716,1,1,1,0.5
enue,2,2,0.14378145219266716,1,1,1,0.5
raipa,2,2,0.14378145219266716,1,1,1,0.5
ramoroka,2,2,0.14378145219266716,1,1,1,0.5
aritua,2,2,0.14378145219266716,1,1,1,0.5
noke,2,2,0.14378145219266716,1,1,1,0.5
niminga,2,2,0.14378145219266716,1,1,1,0.5
heterotopia,2,2,0.14378145219266716,1,1,1,0.5
moraiti,2,2,0.14378145219266716,1,1,1,0.5
repu,2,2,0.14378145219266716,1,1,1,0.5
eone,2,2,0.14378145219266716,1,1,1,0.5
rangamuwa,2,2,0.14378145219266716,1,1,1,0.5
amee,2,2,0.14378145219266716,1,1,1,0.5
harare,2,2,0.14378145219266716,1,1,1,0.5
iroha,2,2,0.14378145219266716,1,1,1,0.5
tiona,2,2,0.14378145219266716,1,1,1,0.5
hutu,2,2,0.14378145219266716,1,1,1,0.5
atatoa,2,2,0.14378145219266716,1,1,1,0.5
omonori,2,2,0.14378145219266716,1,1,1,0.5
ōhakune,2,2,0.14378145219266716,1,1,1,0.5
opara,2,2,0.14378145219266716,1,1,1,0.5
inue,2,2,0.14378145219266716,1,1,1,0.5
akina,2,2,0.14378145219266716,1,1,1,0.5
ruane,2,2,0.14378145219266716,1,1,1,0.5
komi,2,2,0.14378145219266716,1,1,1,0.5
romote,2,2,0.14378145219266716,1,1,1,0.5
riteri,2,2,0.14378145219266716,1,1,1,0.5
oamaru,2,2,0.14378145219266716,1,1,1,0.5
kanungo,2,2,0.14378145219266716,2,2,2,0.5
tame,2,2,0.14378145219266716,2,2,1,0.5
aire,2,2,0.14378145219266716,1,2,2,0.5
anga,2,2,0.14378145219266716,2,2,1,0.5
otieno,2,2,0.14378145219266716,1,2,1,0.5
wheniwo,2,2,0.14378145219266716,1,2,1,0.5
tarawa,2,2,0.14378145219266716,1,2,1,0.5
wairire,2,2,0.14378145219266716,1,2,1,0.5
heui,2,2,0.14378145219266716,1,2,1,0.5
aiaa,2,2,0.14378145219266716,1,2,1,0.5
marouani,2,2,0.14378145219266716,1,2,1,0.5
tinue,2,2,0.14378145219266716,1,2,1,0.5
hiera,2,2,0.14378145219266716,1,2,1,0.5
morote,2,2,0.14378145219266716,1,2,1,0.5
huotari,2,2,0.14378145219266716,1,2,1,0.5
ewee,2,2,0.14378145219266716,1,2,1,0.5
omari,2,2,0.14378145219266716,1,2,1,0.5
hauari,2,2,0.14378145219266716,1,2,1,0.5
matiko,2,2,0.14378145219266716,1,2,1,0.5
hirotaka,2,2,0.14378145219266716,1,2,1,0.5
enau,2,2,0.14378145219266716,1,2,1,0.5
onuiri,2,2,0.14378145219266716,1,2,1,0.5
aaramaa,2,2,0.14378145219266716,1,2,1,0.5
piaia,2,2,0.14378145219266716,1,2,1,0.5
kuroki,2,2,0.14378145219266716,1,2,1,0.5
imota,2,2,0.14378145219266716,1,2,1,0.5
murota,2,2,0.14378145219266716,1,2,1,0.5
taiwo,2,2,0.14378145219266716,1,2,1,0.5
emotio,2,2,0.14378145219266716,1,2,1,0.5
tuto,2,2,0.14378145219266716,1,2,1,0.5
operationa,2,2,0.14378145219266716,1,2,1,0.5
akomea,2,2,0.14378145219266716,1,2,1,0.5
humanika,2,2,0.14378145219266716,1,2,1,0.5
toria,2,2,0.14378145219266716,1,2,1,0.5
muna,2,2,0.14378145219266716,1,2,1,0.5
mahao,2,2,0.14378145219266716,1,2,1,0.5
pipitone,2,2,0.14378145219266716,1,2,1,0.5
riana,2,2,0.14378145219266716,1,2,1,0.5
piore,2,2,0.14378145219266716,1,2,1,0.5
rahi,2,2,0.14378145219266716,1,2,1,0.5
parate,2,2,0.14378145219266716,1,2,1,0.5
papaoikonomou,2,2,0.14378145219266716,1,2,1,0.5
mutereko,2,2,0.14378145219266716,1,2,1,0.5
arau,2,2,0.14378145219266716,1,2,1,0.5
manoe,2,2,0.14378145219266716,1,2,1,0.5
wiewiora,2,2,0.14378145219266716,2,2,2,0.5
auni,2,2,0.14378145219266716,1,2,1,0.5
kuno,2,2,0.14378145219266716,2,2,2,0.5
atatime,2,2,0.14378145219266716,2,2,2,0.5
patino,2,2,0.14378145219266716,2,2,2,0.5
parana,2,2,0.14378145219266716,2,2,2,0.5
miri,2,2,0.14378145219266716,2,2,2,0.5
panahi,2,2,0.14378145219266716,2,2,2,0.5
horonuku,2,2,0.14378145219266716,1,2,1,0.5
pūkenga,2,2,0.14378145219266716,1,2,1,0.5
repea,2,2,0.14378145219266716,2,2,2,0.5
atatu,2,2,0.14378145219266716,2,2,2,0.5
iteratio,2,2,0.14378145219266716,2,2,2,0.5
marome,2,2,0.14378145219266716,1,1,1,0.5
oteha,2,2,0.14378145219266716,2,2,1,0.5
kotuitui,2,2,0.14378145219266716,2,2,2,0.5
mape,2,2,0.14378145219266716,2,2,2,0.5
nita,2,2,0.14378145219266716,2,2,2,0.5
makuhari,2,2,0.14378145219266716,1,1,2,0.5
inieee,2,2,0.14378145219266716,1,1,2,0.5
areno,2,2,0.14378145219266716,1,2,2,0.5
nouri,2,2,0.14378145219266716,1,1,2,0.5
epia,2,2,0.14378145219266716,1,1,2,0.5
ereira,2,2,0.14378145219266716,2,2,2,0.5
hoare,2,2,0.14378145219266716,2,2,2,0.5
nauka,2,2,0.14378145219266716,1,2,2,0.5
areaone,2,2,0.14378145219266716,1,1,2,0.5
wito,2,2,0.14378145219266716,1,1,2,0.5
teto,2,2,0.14378145219266716,2,2,2,0.5
meri,2,2,0.14378145219266716,2,2,2,0.5
herea,2,2,0.14378145219266716,2,2,1,0.5
mariano,2,2,0.14378145219266716,2,2,2,0.5
anare,2,2,0.14378145219266716,1,2,2,0.5
rowi,2,2,0.14378145219266716,2,2,2,0.5
arikawa,2,2,0.14378145219266716,2,2,2,0.5
oare,2,2,0.14378145219266716,1,2,2,0.5
kōkiri,2,2,0.14378145219266716,1,1,1,0.5
imia,2,2,0.14378145219266716,1,1,2,0.5
rune,2,2,0.14378145219266716,1,1,1,0.5
renate,2,2,0.14378145219266716,2,2,2,0.5
poutama,2,2,0.14378145219266716,2,2,1,0.5
oeru,2,2,0.14378145219266716,1,1,2,0.5
takehome,2,2,0.14378145219266716,2,2,2,0.5
ānanga,2,2,0.14378145219266716,2,2,2,0.5
wingate,2,2,0.14378145219266716,2,2,2,0.5
retake,2,2,0.14378145219266716,1,1,2,0.5
uito,2,2,0.14378145219266716,1,1,2,0.5
ameri,2,2,0.14378145219266716,2,2,2,0.5
ariani,2,2,0.14378145219266716,1,1,2,0.5
watu,2,2,0.14378145219266716,1,1,2,0.5
ngii,2,2,0.14378145219266716,1,1,2,0.5
humo,2,2,0.14378145219266716,1,2,2,0.5
ouni,2,2,0.14378145219266716,1,1,1,0.5
timee,2,2,0.14378145219266716,1,2,2,0.5
numa,2,2,0.14378145219266716,1,2,2,0.5
eaai,2,2,0.14378145219266716,2,2,2,0.5
atoi,2,2,0.14378145219266716,2,2,2,0.5
hereare,2,2,0.14378145219266716,1,2,2,0.5
noura,2,2,0.14378145219266716,1,1,1,0.5
weikai,2,2,0.14378145219266716,2,2,2,0.5
hiare,2,2,0.14378145219266716,1,2,2,0.5
kahou,2,2,0.14378145219266716,1,1,2,0.5
kataoka,2,2,0.14378145219266716,1,1,2,0.5
mangia,2,2,0.14378145219266716,2,2,2,0.5
rena,2,2,0.14378145219266716,2,2,2,0.5
kameoka,2,2,0.14378145219266716,2,2,1,0.5
wherewi,2,2,0.14378145219266716,1,2,2,0.5
noku,2,2,0.14378145219266716,1,1,1,0.5
neta,2,2,0.14378145219266716,1,2,2,0.5
karenina,2,2,0.14378145219266716,2,2,2,0.5
hewi,2,2,0.14378145219266716,1,1,1,0.5
neura,2,2,0.14378145219266716,1,1,2,0.5
kuramo,2,2,0.14378145219266716,1,1,2,0.5
hete,2,2,0.14378145219266716,1,1,2,0.5
ramoto,2,2,0.14378145219266716,1,1,2,0.5
emotiona,2,2,0.14378145219266716,1,1,2,0.5
piare,2,2,0.14378145219266716,1,1,2,0.5
iiare,2,2,0.14378145219266716,1,1,2,0.5
hereu,2,2,0.14378145219266716,1,1,2,0.5
hietae,2,2,0.14378145219266716,1,1,2,0.5
ranu,2,2,0.14378145219266716,1,1,2,0.5
inate,2,2,0.14378145219266716,1,2,2,0.5
mangatainoka,2,2,0.14378145219266716,1,2,2,0.5
mangahao,2,2,0.14378145219266716,1,2,2,0.5
rangitawa,2,2,0.14378145219266716,1,2,2,0.5
turakina,2,2,0.14378145219266716,2,2,2,0.5
pakihi,2,2,0.14378145219266716,2,2,2,0.5
porewa,2,2,0.14378145219266716,1,2,2,0.5
waipu,2,2,0.14378145219266716,1,2,2,0.5
horowhenua,2,2,0.14378145219266716,2,2,2,0.5
tutaenui,2,2,0.14378145219266716,2,2,2,0.5
hokio,2,2,0.14378145219266716,2,2,2,0.5
ohura,2,2,0.14378145219266716,2,2,2,0.5
iname,2,2,0.14378145219266716,1,2,2,0.5
hautapu,2,2,0.14378145219266716,2,2,2,0.5
raparapawai,2,2,0.14378145219266716,1,2,2,0.5
tiare,2,2,0.14378145219266716,1,2,2,0.5
mangawhero,2,2,0.14378145219266716,1,2,1,0.5
pohangina,2,2,0.14378145219266716,2,2,2,0.5
mangapapa,2,2,0.14378145219266716,1,2,2,0.5
nakao,2,2,0.14378145219266716,1,1,2,0.5
haro,2,2,0.14378145219266716,2,2,2,0.5
wetake,2,2,0.14378145219266716,2,2,2,0.5
moate,2,2,0.14378145219266716,2,2,2,0.5
whereri,2,2,0.14378145219266716,2,2,2,0.5
manapouri,2,2,0.14378145219266716,2,2,2,0.5
hiroaki,2,2,0.14378145219266716,2,2,1,0.5
neuroni,2,2,0.14378145219266716,1,1,1,0.5
peraire,2,2,0.14378145219266716,1,1,2,0.5
eorie,2,2,0.14378145219266716,1,1,2,0.5
aaaa,2,2,0.14378145219266716,1,1,2,0.5
kiare,2,2,0.14378145219266716,1,2,2,0.5
maini,2,2,0.14378145219266716,2,2,2,0.5
remate,2,2,0.14378145219266716,1,1,1,0.5
napi,2,2,0.14378145219266716,1,1,1,0.5
rapae,2,2,0.14378145219266716,1,1,1,0.5
pieri,2,2,0.14378145219266716,1,1,2,0.5
karoo,2,2,0.14378145219266716,1,1,1,0.5
puhina,2,2,0.14378145219266716,1,1,1,0.5
moreteau,2,2,0.14378145219266716,1,1,1,0.5
inahue,2,2,0.14378145219266716,1,1,1,0.5
meimei,2,2,0.14378145219266716,1,1,1,0.5
haneke,2,2,0.14378145219266716,1,1,1,0.5
waipiata,2,2,0.14378145219266716,1,1,1,0.5
panaiotu,2,2,0.14378145219266716,1,1,1,0.5
powai,2,2,0.14378145219266716,1,1,1,0.5
maro,2,2,0.14378145219266716,1,1,1,0.5
maungaika,2,2,0.14378145219266716,1,1,1,0.5
titano,2,2,0.14378145219266716,1,1,1,0.5
pukekohe,2,2,0.14378145219266716,1,1,1,0.5
kaikohe,2,2,0.14378145219266716,1,1,1,0.5
meti,2,2,0.14378145219266716,1,1,1,0.5
pakaha,2,2,0.14378145219266716,1,1,1,0.5
korako,2,2,0.14378145219266716,1,1,1,0.5
maungatakatake,2,2,0.14378145219266716,1,1,1,0.5
hetu,2,2,0.14378145219266716,1,1,1,0.5
airakei,2,2,0.14378145219266716,1,1,1,0.5
hopi,2,2,0.14378145219266716,1,1,1,0.5
inanga,2,2,0.14378145219266716,1,1,1,0.5
himu,2,2,0.14378145219266716,1,1,1,0.5
kuritani,2,2,0.14378145219266716,1,1,1,0.5
earina,2,2,0.14378145219266716,1,1,1,0.5
kawa,2,2,0.14378145219266716,1,1,1,0.5
engaruka,2,2,0.14378145219266716,1,1,1,0.5
rangitihi,2,2,0.14378145219266716,1,1,1,0.5
karinga,2,2,0.14378145219266716,1,1,1,0.5
marieno,2,2,0.14378145219266716,1,1,1,0.5
tutura,2,2,0.14378145219266716,1,1,1,0.5
rotomakariri,2,2,0.14378145219266716,1,1,1,0.5
kaupia,2,2,0.14378145219266716,1,1,1,0.5
waitomokoia,2,2,0.14378145219266716,1,1,1,0.5
waiuku,2,2,0.14378145219266716,1,1,1,0.5
motio,2,2,0.14378145219266716,1,1,1,0.5
peperite,2,2,0.14378145219266716,1,1,1,0.5
minu,2,2,0.14378145219266716,1,1,1,0.5
romina,2,2,0.14378145219266716,1,1,1,0.5
waimangu,2,2,0.14378145219266716,1,1,1,0.5
anukau,2,2,0.14378145219266716,1,1,1,0.5
irakei,2,2,0.14378145219266716,1,1,1,0.5
mangatawhiri,2,2,0.14378145219266716,1,1,1,0.5
onewhero,2,2,0.14378145219266716,1,1,1,0.5
pokeno,2,2,0.14378145219266716,1,1,1,0.5
iwata,2,2,0.14378145219266716,2,2,2,0.5
tutira,2,2,0.14378145219266716,1,1,2,0.5
matukutureia,2,2,0.14378145219266716,1,1,2,0.5
hokowhitu,2,2,0.14378145219266716,1,1,2,0.5
waipaoa,2,2,0.14378145219266716,1,1,2,0.5
rangitaiki,2,2,0.14378145219266716,1,1,2,0.5
paringa,2,2,0.14378145219266716,2,2,2,0.5
poerua,2,2,0.14378145219266716,1,1,2,0.5
waikanae,2,2,0.14378145219266716,2,2,2,0.5
waipa,2,2,0.14378145219266716,1,1,2,0.5
whataroa,2,2,0.14378145219266716,2,2,2,0.5
whirinaki,2,2,0.14378145219266716,1,1,2,0.5
waihora,2,2,0.14378145219266716,2,2,1,0.5
ruamahanga,2,2,0.14378145219266716,2,2,2,0.5
wairau,2,2,0.14378145219266716,2,2,2,0.5
akai,2,2,0.14378145219266716,2,2,2,0.5
urewera,2,2,0.14378145219266716,2,2,2,0.5
rakaia,2,2,0.14378145219266716,2,2,2,0.5
rere,2,2,0.14378145219266716,1,1,2,0.5
okareka,2,2,0.14378145219266716,1,1,2,0.5
tahuna,2,2,0.14378145219266716,1,1,2,0.5
tuhua,2,2,0.14378145219266716,1,1,2,0.5
waiohau,2,2,0.14378145219266716,1,1,2,0.5
rerewhakaaitu,2,2,0.14378145219266716,1,1,2,0.5
rotoehu,2,2,0.14378145219266716,1,1,2,0.5
harakeke,2,2,0.14378145219266716,2,2,2,0.5
taupata,2,2,0.14378145219266716,1,1,2,0.5
kanuka,2,2,0.14378145219266716,1,1,2,0.5
roea,2,2,0.14378145219266716,1,1,2,0.5
rangiwahia,2,2,0.14378145219266716,2,2,2,0.5
aramaki,2,2,0.14378145219266716,1,1,2,0.5
paki,2,2,0.14378145219266716,2,2,2,0.5
oronoi,2,2,0.14378145219266716,2,2,1,0.5
tiene,2,2,0.14378145219266716,2,2,1,0.5
toenepi,2,2,0.14378145219266716,2,2,2,0.5
waipuku,2,2,0.14378145219266716,1,1,2,0.5
uneo,2,2,0.14378145219266716,2,2,2,0.5
opuha,2,2,0.14378145219266716,1,1,1,0.5
aoraki,2,2,0.14378145219266716,1,1,1,0.5
muraoka,2,2,0.14378145219266716,2,2,2,0.5
enema,2,2,0.14378145219266716,2,2,2,0.5
operario,2,2,0.14378145219266716,2,2,1,0.5
ariro,2,2,0.14378145219266716,1,1,2,0.5
patea,2,2,0.14378145219266716,1,1,2,0.5
nameiii,2,2,0.14378145219266716,1,1,2,0.5
kaihouri,2,2,0.14378145219266716,1,1,2,0.5
piero,2,2,0.14378145219266716,2,2,2,0.5
manipu,2,2,0.14378145219266716,2,2,2,0.5
motumate,2,2,0.14378145219266716,1,1,2,0.5
iotare,2,2,0.14378145219266716,1,1,2,0.5
tenorio,2,2,0.14378145219266716,1,1,2,0.5
himatangi,2,2,0.14378145219266716,2,2,2,0.5
rumi,2,2,0.14378145219266716,2,2,2,0.5
takehiro,2,2,0.14378145219266716,2,2,1,0.5
naikare,2,2,0.14378145219266716,2,2,1,0.5
umene,2,2,0.14378145219266716,2,2,1,0.5
maue,2,2,0.14378145219266716,2,2,1,0.5
amako,2,2,0.14378145219266716,2,2,1,0.5
katani,2,2,0.14378145219266716,2,2,1,0.5
mekata,2,2,0.14378145219266716,2,2,1,0.5
taukau,2,2,0.14378145219266716,2,2,1,0.5
anou,2,2,0.14378145219266716,2,2,1,0.5
timema,2,2,0.14378145219266716,2,2,2,0.5
inaha,2,2,0.14378145219266716,1,1,2,0.5
uorine,2,2,0.14378145219266716,2,2,2,0.5
oakura,2,2,0.14378145219266716,1,1,1,0.5
kokowai,2,2,0.14378145219266716,1,1,2,0.5
paritutu,2,2,0.14378145219266716,1,1,2,0.5
hangatahua,2,2,0.14378145219266716,1,1,2,0.5
kaitake,2,2,0.14378145219266716,1,1,2,0.5
pange,2,2,0.14378145219266716,2,2,1,0.5
peruana,2,2,0.14378145219266716,2,2,1,0.5
mangino,2,2,0.14378145219266716,2,2,1,0.5
utiwere,2,2,0.14378145219266716,2,2,1,0.5
maiuro,2,2,0.14378145219266716,2,2,1,0.5
teta,2,2,0.14378145219266716,2,2,1,0.5
ngaio,2,2,0.14378145219266716,2,2,2,0.5
takapuna,2,2,0.14378145219266716,1,1,2,0.5
waipawa,2,2,0.14378145219266716,2,2,2,0.5
kawerau,2,2,0.14378145219266716,2,2,2,0.5
rangitikei,2,2,0.14378145219266716,2,2,2,0.5
toome,2,2,0.14378145219266716,2,2,2,0.5
erate,2,2,0.14378145219266716,2,2,2,0.5
tauhara,2,2,0.14378145219266716,1,1,2,0.5
whakaipo,2,2,0.14378145219266716,1,1,2,0.5
maheeka,2,2,0.14378145219266716,1,1,2,0.5
hanea,2,2,0.14378145219266716,1,1,2,0.5
oikawa,2,2,0.14378145219266716,2,2,2,0.5
waiau,2,2,0.14378145219266716,2,2,2,0.5
waitara,2,2,0.14378145219266716,2,2,2,0.5
waihi,2,2,0.14378145219266716,1,1,2,0.5
mauriohooho,2,2,0.14378145219266716,1,1,1,0.5
temaari,2,2,0.14378145219266716,1,1,1,0.5
namikawa,2,2,0.14378145219266716,2,2,2,0.5
motuoapa,2,2,0.14378145219266716,2,2,2,0.5
hapa,2,2,0.14378145219266716,1,1,2,0.5
noumea,2,2,0.14378145219266716,1,2,2,0.5
heino,2,2,0.14378145219266716,1,2,2,0.5
wheke,2,2,0.14378145219266716,1,1,2,0.5
ururoa,2,2,0.14378145219266716,1,1,2,0.5
whai,2,2,0.14378145219266716,1,1,2,0.5
engari,2,2,0.14378145219266716,1,2,2,0.5
kaitiakitanga,2,2,0.14378145219266716,1,1,2,0.5
kanae,2,2,0.14378145219266716,1,1,2,0.5
paka,2,2,0.14378145219266716,1,1,2,0.5
meroiti,2,2,0.14378145219266716,1,1,2,0.5
tuamotu,2,2,0.14378145219266716,1,2,2,0.5
tamarereti,2,2,0.14378145219266716,1,1,2,0.5
koura,2,2,0.14378145219266716,1,2,2,0.5
naro,2,2,0.14378145219266716,1,2,2,0.5
kope,2,2,0.14378145219266716,1,2,2,0.5
waikare,2,2,0.14378145219266716,1,2,2,0.5
roure,2,2,0.14378145219266716,1,2,2,0.5
noike,2,2,0.14378145219266716,1,1,2,0.5
roreri,2,2,0.14378145219266716,1,2,2,0.5
weare,2,2,0.14378145219266716,1,1,2,0.5
kutai,2,2,0.14378145219266716,1,1,2,0.5
naeimi,2,2,0.14378145219266716,1,2,1,0.5
tana,2,2,0.14378145219266716,1,2,2,0.5
tikopia,2,2,0.14378145219266716,1,1,2,0.5
tatara,2,2,0.14378145219266716,1,1,2,0.5
huteau,2,2,0.14378145219266716,1,2,2,0.5
kuraku,2,2,0.14378145219266716,1,1,2,0.5
huneau,2,2,0.14378145219266716,1,2,2,0.5
makita,2,2,0.14378145219266716,1,2,2,0.5
otari,2,2,0.14378145219266716,1,1,2,0.5
rengarenga,2,2,0.14378145219266716,1,1,2,0.5
unaha,2,2,0.14378145219266716,1,1,2,0.5
rotuma,2,2,0.14378145219266716,1,1,1,0.5
hautū,2,2,0.14378145219266716,1,1,2,0.5
kupu,2,2,0.14378145219266716,1,1,1,0.5
pūrākau,2,2,0.14378145219266716,1,1,1,0.5
tītī,2,2,0.14378145219266716,1,1,2,0.5
īwere,2,2,0.14378145219266716,1,1,1,0.5
moorei,2,2,0.14378145219266716,1,2,1,0.5
waiata,2,2,0.14378145219266716,1,1,1,0.5
ātīpuna,2,2,0.14378145219266716,1,1,1,0.5
hēmi,2,2,0.14378145219266716,1,1,1,0.5
īare,2,2,0.14378145219266716,1,1,1,0.5
whakarite,2,2,0.14378145219266716,1,1,1,0.5
humu,2,2,0.14378145219266716,1,2,2,0.5
ētahi,2,2,0.14378145219266716,1,2,2,0.5
ātauranga,2,2,0.14378145219266716,1,2,2,0.5
nanga,2,2,0.14378145219266716,1,2,2,0.5
ānau,2,2,0.14378145219266716,1,2,2,0.5
kuku,2,2,0.14378145219266716,1,1,2,0.5
tāne,2,2,0.14378145219266716,1,1,2,0.5
kitea,2,2,0.14378145219266716,1,2,2,0.5
rerenga,2,2,0.14378145219266716,1,2,2,0.5
taitokerau,2,2,0.14378145219266716,1,2,2,0.5
kōura,2,2,0.14378145219266716,1,2,2,0.5
hapori,2,2,0.14378145219266716,1,1,2,0.5
paku,2,2,0.14378145219266716,1,2,1,0.5
maungaroa,2,2,0.14378145219266716,1,2,2,0.5
kore,2,2,0.14378145219266716,1,2,2,0.5
parāoa,2,2,0.14378145219266716,1,2,2,0.5
wono,2,2,0.14378145219266716,1,1,2,0.5
oromo,2,2,0.14378145219266716,1,1,2,0.5
noire,2,2,0.14378145219266716,1,2,2,0.5
morooka,2,2,0.14378145219266716,1,1,2,0.5
morea,2,2,0.14378145219266716,1,1,2,0.5
tani,2,2,0.14378145219266716,1,2,2,0.5
horikawa,2,2,0.14378145219266716,1,1,2,0.5
tuomi,2,2,0.14378145219266716,1,2,2,0.5
takahiro,2,2,0.14378145219266716,1,2,1,0.5
arakawa,2,2,0.14378145219266716,1,1,2,0.5
kame,2,2,0.14378145219266716,1,2,1,0.5
netea,2,2,0.14378145219266716,1,1,1,0.5
okumura,2,2,0.14378145219266716,1,1,2,0.5
tapanari,2,2,0.14378145219266716,1,1,2,0.5
karaka,2,2,0.14378145219266716,1,1,2,0.5
aupouri,2,2,0.14378145219266716,1,2,2,0.5
pepori,2,2,0.14378145219266716,1,2,1,0.5
kaiho,2,2,0.14378145219266716,1,2,1,0.5
homini,2,2,0.14378145219266716,1,1,2,0.5
moineau,2,2,0.14378145219266716,1,2,2,0.5
houte,2,2,0.14378145219266716,1,2,2,0.5
nerea,2,2,0.14378145219266716,1,2,1,0.5
teine,2,2,0.14378145219266716,1,2,1,0.5
oome,2,2,0.14378145219266716,1,2,1,0.5
mohoua,2,2,0.14378145219266716,1,2,2,0.5
aramini,2,2,0.14378145219266716,1,1,2,0.5
koiora,2,2,0.14378145219266716,1,2,1,0.5
ruru,2,2,0.14378145219266716,1,1,2,0.5
kawaura,2,2,0.14378145219266716,1,1,2,0.5
hingorani,2,2,0.14378145219266716,1,1,2,0.5
amia,2,2,0.14378145219266716,1,2,2,0.5
ruwini,2,2,0.14378145219266716,1,1,2,0.5
okatani,2,2,0.14378145219266716,1,1,2,0.5
kurihara,2,2,0.14378145219266716,1,2,2,0.5
paparini,2,2,0.14378145219266716,1,1,1,0.5
kuroiwa,2,2,0.14378145219266716,1,1,2,0.5
anaura,2,2,0.14378145219266716,1,1,1,0.5
momorangi,2,2,0.14378145219266716,1,1,1,0.5
totaranui,2,2,0.14378145219266716,1,1,1,0.5
kohaihai,2,2,0.14378145219266716,1,1,1,0.5
waikawau,2,2,0.14378145219266716,1,1,1,0.5
waikaremoana,2,2,0.14378145219266716,1,1,1,0.5
whatamango,2,2,0.14378145219266716,1,1,1,0.5
kaipu,2,2,0.14378145219266716,1,1,2,0.5
korowai,2,2,0.14378145219266716,1,1,1,0.5
riae,2,2,0.14378145219266716,1,1,1,0.5
kamatani,2,2,0.14378145219266716,1,2,2,0.5
pukenui,2,2,0.14378145219266716,1,1,1,0.5
teome,2,2,0.14378145219266716,1,2,2,0.5
aimi,2,2,0.14378145219266716,1,2,2,0.5
tauwhare,2,2,0.14378145219266716,1,2,1,0.5
tararua,2,2,0.14378145219266716,1,2,2,0.5
naoki,2,2,0.14378145219266716,1,2,2,0.5
tomitori,2,2,0.14378145219266716,1,1,2,0.5
matano,2,2,0.14378145219266716,1,1,2,0.5
namai,2,2,0.14378145219266716,1,1,1,0.5
amama,2,2,0.14378145219266716,1,1,1,0.5
inaa,2,2,0.14378145219266716,1,1,2,0.5
karakawa,2,2,0.14378145219266716,1,1,2,0.5
tokuno,2,2,0.14378145219266716,1,1,2,0.5
kitaura,2,2,0.14378145219266716,1,1,1,0.5
komaromi,2,2,0.14378145219266716,1,1,1,0.5
pome,2,2,0.14378145219266716,1,1,2,0.5
taira,2,2,0.14378145219266716,1,2,2,0.5
kataura,2,2,0.14378145219266716,1,1,2,0.5
tuma,2,2,0.14378145219266716,1,1,2,0.5
wuite,2,2,0.14378145219266716,1,1,2,0.5
tinatina,2,2,0.14378145219266716,1,1,2,0.5
okano,2,2,0.14378145219266716,1,2,2,0.5
eratu,2,2,0.14378145219266716,1,1,2,0.5
parato,2,2,0.14378145219266716,1,1,2,0.5
naimo,2,2,0.14378145219266716,1,2,2,0.5
nanaimo,2,2,0.14378145219266716,1,2,2,0.5
murina,2,2,0.14378145219266716,1,1,2,0.5
iwatani,2,2,0.14378145219266716,1,1,2,0.5
tokonami,2,2,0.14378145219266716,1,1,2,0.5
tanuma,2,2,0.14378145219266716,1,1,2,0.5
ngoepe,2,2,0.14378145219266716,1,1,2,0.5
hakata,2,2,0.14378145219266716,1,1,2,0.5
uoro,2,2,0.14378145219266716,1,1,2,0.5
patutina,2,2,0.14378145219266716,1,1,1,0.5
maruoka,2,2,0.14378145219266716,1,2,2,0.5
aikake,2,2,0.14378145219266716,1,1,1,0.5
ingene,2,2,0.14378145219266716,1,1,1,0.5
aihu,2,2,0.14378145219266716,1,1,1,0.5
inito,2,2,0.14378145219266716,1,1,1,0.5
apai,2,2,0.14378145219266716,1,1,2,0.5
atomatine,2,2,0.14378145219266716,1,1,2,0.5
manao,2,2,0.14378145219266716,1,1,2,0.5
hikuroa,2,2,0.14378145219266716,1,2,2,0.5
rewarewa,2,2,0.14378145219266716,1,2,2,0.5
winge,2,2,0.14378145219266716,1,1,2,0.5
pureora,2,2,0.14378145219266716,1,1,2,0.5
reinga,2,2,0.14378145219266716,1,2,2,0.5
kakutani,2,2,0.14378145219266716,1,1,2,0.5
ainge,2,2,0.14378145219266716,1,1,2,0.5
hinewai,2,2,0.14378145219266716,1,1,2,0.5
petunia,2,2,0.14378145219266716,1,1,2,0.5
ahuriri,2,2,0.14378145219266716,1,1,2,0.5
tarone,2,2,0.14378145219266716,1,2,2,0.5
ruminate,2,2,0.14378145219266716,1,1,2,0.5
paengaroa,2,2,0.14378145219266716,1,1,2,0.5
atiwai,2,2,0.14378145219266716,1,1,2,0.5
matamau,2,2,0.14378145219266716,1,1,2,0.5
waituna,2,2,0.14378145219266716,1,1,2,0.5
tahakopa,2,2,0.14378145219266716,1,1,2,0.5
makirikiri,2,2,0.14378145219266716,1,1,2,0.5
hekenga,2,2,0.14378145219266716,1,1,2,0.5
tihia,2,2,0.14378145219266716,1,1,2,0.5
rongotea,2,2,0.14378145219266716,1,1,2,0.5
aramoana,2,2,0.14378145219266716,1,1,2,0.5
kaiteriteri,2,2,0.14378145219266716,1,1,2,0.5
kerikeri,2,2,0.14378145219266716,1,1,2,0.5
kaipara,2,2,0.14378145219266716,1,2,2,0.5
kohi,2,2,0.14378145219266716,1,2,2,0.5
mānuka,2,2,0.14378145219266716,1,2,2,0.5
aurea,2,2,0.14378145219266716,1,2,2,0.5
orare,2,2,0.14378145219266716,1,2,2,0.5
hukanui,2,2,0.14378145219266716,1,1,2,0.5
mataau,2,2,0.14378145219266716,1,1,2,0.5
anoa,2,2,0.14378145219266716,1,2,2,0.5
awie,2,2,0.14378145219266716,1,1,1,0.5
ēinga,2,2,0.14378145219266716,1,1,1,0.5
waio,2,2,0.14378145219266716,1,1,1,0.5
ikaamāui,2,2,0.14378145219266716,1,1,1,0.5
aikio,2,2,0.14378145219266716,1,1,1,0.5
taputeranga,2,2,0.14378145219266716,1,1,2,0.5
tarekena,2,2,0.14378145219266716,1,1,2,0.5
raekaihau,2,2,0.14378145219266716,1,1,2,0.5
patiria,2,2,0.14378145219266716,1,1,2,0.5
onga,2,2,0.14378145219266716,1,1,1,0.5
amuranei,2,2,0.14378145219266716,1,1,1,0.5
marinone,2,2,0.14378145219266716,1,1,2,0.5
pari,2,2,0.14378145219266716,1,1,1,0.5
atua,2,2,0.14378145219266716,1,1,1,0.5
tikapa,2,2,0.14378145219266716,1,1,1,0.5
amakipaengahira,2,2,0.14378145219266716,1,1,1,0.5
taipari,2,2,0.14378145219266716,1,1,1,0.5
tangatawhenua,2,2,0.14378145219266716,1,1,1,0.5
okahu,2,2,0.14378145219266716,1,1,1,0.5
whatua,2,2,0.14378145219266716,1,1,2,0.5
akei,2,2,0.14378145219266716,1,1,1,0.5
utai,2,2,0.14378145219266716,1,1,1,0.5
kokita,2,2,0.14378145219266716,1,1,2,0.5
harii,2,2,0.14378145219266716,1,1,2,0.5
arakaki,2,2,0.14378145219266716,1,1,2,0.5
pūtea,2,2,0.14378145219266716,1,1,2,0.5
motomura,2,2,0.14378145219266716,1,1,2,0.5
tāonga,2,2,0.14378145219266716,1,1,2,0.5
rauranga,2,2,0.14378145219266716,1,1,2,0.5
tuākiri,2,2,0.14378145219266716,1,1,2,0.5
iramo,2,2,0.14378145219266716,1,1,1,0.5
wainio,2,2,0.14378145219266716,1,1,2,0.5
nuri,2,2,0.14378145219266716,1,1,2,0.5
akapu,2,2,0.14378145219266716,1,1,2,0.5
tepano,2,2,0.14378145219266716,1,1,2,0.5
anakana,2,2,0.14378145219266716,1,1,2,0.5
motiro,2,2,0.14378145219266716,1,1,2,0.5
rirapa,2,2,0.14378145219266716,1,1,2,0.5
tuki,2,2,0.14378145219266716,1,1,2,0.5
tautara,2,2,0.14378145219266716,1,1,2,0.5
tahai,2,2,0.14378145219266716,1,1,2,0.5
rotenone,2,2,0.14378145219266716,1,1,2,0.5
amatoukaupapa,2,2,0.14378145219266716,1,1,2,0.5
teaomaori,2,2,0.14378145219266716,1,1,2,0.5
mātauranga,2,2,0.14378145219266716,1,1,1,0.5
kōtahi,2,2,0.14378145219266716,1,1,1,0.5
autonomo,2,1,0.07189072609633358,1,1,1,1.0
itemi,2,1,0.07189072609633358,1,1,1,1.0
huihui,2,1,0.07189072609633358,1,1,1,1.0
roni,2,1,0.07189072609633358,1,1,1,1.0
heta,2,1,0.07189072609633358,1,1,1,1.0
wānanga,2,1,0.07189072609633358,1,1,1,1.0
miaopai,2,1,0.07189072609633358,1,1,1,1.0
niramai,2,1,0.07189072609633358,1,1,1,1.0
iiou,2,1,0.07189072609633358,1,1,1,1.0
eneuro,2,1,0.07189072609633358,1,1,1,1.0
anaemia,2,1,0.07189072609633358,1,1,1,1.0
akima,2,1,0.07189072609633358,1,1,1,1.0
kuroo,2,1,0.07189072609633358,1,1,1,1.0
waiho,2,1,0.07189072609633358,1,1,1,1.0
tamure,2,1,0.07189072609633358,1,1,1,1.0
peno,2,1,0.07189072609633358,1,1,1,1.0
huna,2,1,0.07189072609633358,1,1,1,1.0
anei,2,1,0.07189072609633358,1,1,1,1.0
upeka,2,1,0.07189072609633358,1,1,1,1.0
oroo,2,1,0.07189072609633358,1,1,1,1.0
hamua,2,1,0.07189072609633358,1,1,1,1.0
rimutaka,2,1,0.07189072609633358,1,1,1,1.0
tamuranei,2,1,0.07189072609633358,1,1,1,1.0
ionome,2,1,0.07189072609633358,1,1,1,1.0
ahakoa,2,1,0.07189072609633358,1,1,1,1.0
tokerau,2,1,0.07189072609633358,1,1,1,1.0
kāore,2,1,0.07189072609633358,1,1,1,1.0
naito,1,1,0.07189072609633358,1,1,1,1.0
haake,1,1,0.07189072609633358,1,1,1,1.0
ingenieria,1,1,0.07189072609633358,1,1,1,1.0
teti,1,1,0.07189072609633358,1,1,1,1.0
umeo,1,1,0.07189072609633358,1,1,1,1.0
eene,1,1,0.07189072609633358,1,1,1,1.0
tatano,1,1,0.07189072609633358,1,1,1,1.0
aoweu,1,1,0.07189072609633358,1,1,1,1.0
aoea,1,1,0.07189072609633358,1,1,1,1.0
ahome,1,1,0.07189072609633358,1,1,1,1.0
miare,1,1,0.07189072609633358,1,1,1,1.0
roihu,1,1,0.07189072609633358,1,1,1,1.0
autonomou,1,1,0.07189072609633358,1,1,1,1.0
mahato,1,1,0.07189072609633358,1,1,1,1.0
hepara,1,1,0.07189072609633358,1,1,1,1.0
taoka,1,1,0.07189072609633358,1,1,1,1.0
meanitiei,1,1,0.07189072609633358,1,1,1,1.0
kawato,1,1,0.07189072609633358,1,1,1,1.0
katikati,1,1,0.07189072609633358,1,1,1,1.0
huete,1,1,0.07189072609633358,1,1,1,1.0
rini,1,1,0.07189072609633358,1,1,1,1.0
warei,1,1,0.07189072609633358,1,1,1,1.0
aitemata,1,1,0.07189072609633358,1,1,1,1.0
mawani,1,1,0.07189072609633358,1,1,1,1.0
uana,1,1,0.07189072609633358,1,1,1,1.0
uahi,1,1,0.07189072609633358,1,1,1,1.0
rahoutia,1,1,0.07189072609633358,1,1,1,1.0
kaiai,1,1,0.07189072609633358,1,1,1,1.0
tatua,1,1,0.07189072609633358,1,1,1,1.0
munera,1,1,0.07189072609633358,1,1,1,1.0
weerite,1,1,0.07189072609633358,1,1,1,1.0
humi,1,1,0.07189072609633358,1,1,1,1.0
haipo,1,1,0.07189072609633358,1,1,1,1.0
wikiu,1,1,0.07189072609633358,1,1,1,1.0
wapa,1,1,0.07189072609633358,1,1,1,1.0
naramata,1,1,0.07189072609633358,1,1,1,1.0
peeta,1,1,0.07189072609633358,1,1,1,1.0
awoke,1,1,0.07189072609633358,1,1,1,1.0
wateri,1,1,0.07189072609633358,1,1,1,1.0
ieta,1,1,0.07189072609633358,1,1,1,1.0
morena,1,1,0.07189072609633358,1,1,1,1.0
oamu,1,1,0.07189072609633358,1,1,1,1.0
mowi,1,1,0.07189072609633358,1,1,1,1.0
iaona,1,1,0.07189072609633358,1,1,1,1.0
hoto,1,1,0.07189072609633358,1,1,1,1.0
nahangi,1,1,0.07189072609633358,1,1,1,1.0
areai,1,1,0.07189072609633358,1,1,1,1.0
wheremi,1,1,0.07189072609633358,1,1,1,1.0
tiru,1,1,0.07189072609633358,1,1,1,1.0
reka,1,1,0.07189072609633358,1,1,1,1.0
aturupane,1,1,0.07189072609633358,1,1,1,1.0
hometo,1,1,0.07189072609633358,1,1,1,1.0
peeie,1,1,0.07189072609633358,1,1,1,1.0
routino,1,1,0.07189072609633358,1,1,1,1.0
kaitai,1,1,0.07189072609633358,1,1,1,1.0
tuite,1,1,0.07189072609633358,1,1,1,1.0
homea,1,1,0.07189072609633358,1,1,1,1.0
totaroa,1,1,0.07189072609633358,1,1,1,1.0
piene,1,1,0.07189072609633358,1,1,1,1.0
totaro,1,1,0.07189072609633358,1,1,1,1.0
umeoka,1,1,0.07189072609633358,1,1,1,1.0
kuuramo,1,1,0.07189072609633358,1,1,1,1.0
paranoia,1,1,0.07189072609633358,1,1,1,1.0
whowere,1,1,0.07189072609633358,1,1,1,1.0
huta,1,1,0.07189072609633358,1,1,1,1.0
atai,1,1,0.07189072609633358,1,1,1,1.0
hure,1,1,0.07189072609633358,1,1,1,1.0
haumaha,1,1,0.07189072609633358,1,1,1,1.0
ngaire,1,1,0.07189072609633358,1,1,1,1.0
manuhiri,1,1,0.07189072609633358,1,1,1,1.0
tikao,1,1,0.07189072609633358,1,1,1,1.0
punamatariki,1,1,0.07189072609633358,1,1,1,1.0
terehia,1,1,0.07189072609633358,1,1,1,1.0
ngata,1,1,0.07189072609633358,1,1,1,1.0
aperahama,1,1,0.07189072609633358,1,1,1,1.0
meikura,1,1,0.07189072609633358,1,1,1,1.0
ripeka,1,1,0.07189072609633358,1,1,1,1.0
henare,1,1,0.07189072609633358,1,1,1,1.0
panapa,1,1,0.07189072609633358,1,1,1,1.0
rongoa,1,1,0.07189072609633358,1,1,1,1.0
kanohi,1,1,0.07189072609633358,1,1,1,1.0
arapata,1,1,0.07189072609633358,1,1,1,1.0
paepae,1,1,0.07189072609633358,1,1,1,1.0
tautoko,1,1,0.07189072609633358,1,1,1,1.0
eparate,1,1,0.07189072609633358,1,1,1,1.0
kioe,1,1,0.07189072609633358,1,1,1,1.0
ionaire,1,1,0.07189072609633358,1,1,1,1.0
menerima,1,1,0.07189072609633358,1,1,1,1.0
komu,1,1,0.07189072609633358,1,1,1,1.0
atau,1,1,0.07189072609633358,1,1,1,1.0
rime,1,1,0.07189072609633358,1,1,1,1.0
unita,1,1,0.07189072609633358,1,1,1,1.0
whakahaumanu,1,1,0.07189072609633358,1,1,1,1.0
mahere,1,1,0.07189072609633358,1,1,1,1.0
keipi,1,1,0.07189072609633358,1,1,1,1.0
karana,1,1,0.07189072609633358,1,1,1,1.0
utama,1,1,0.07189072609633358,1,1,1,1.0
tenou,1,1,0.07189072609633358,1,1,1,1.0
nami,1,1,0.07189072609633358,1,1,1,1.0
aitakere,1,1,0.07189072609633358,1,1,1,1.0
humanitaria,1,1,0.07189072609633358,1,1,1,1.0
retai,1,1,0.07189072609633358,1,1,1,1.0
auma,1,1,0.07189072609633358,1,1,1,1.0
riihu,1,1,0.07189072609633358,1,1,1,1.0
pehu,1,1,0.07189072609633358,1,1,1,1.0
whoo,1,1,0.07189072609633358,1,1,1,1.0
petaia,1,1,0.07189072609633358,1,1,1,1.0
nanuku,1,1,0.07189072609633358,1,1,1,1.0
takatiko,1,1,0.07189072609633358,1,1,1,1.0
waiti,1,1,0.07189072609633358,1,1,1,1.0
pomona,1,1,0.07189072609633358,1,1,1,1.0
iora,1,1,0.07189072609633358,1,1,1,1.0
awanuiarangi,1,1,0.07189072609633358,1,1,1,1.0
roupe,1,1,0.07189072609633358,1,1,1,1.0
mātaitai,1,1,0.07189072609633358,1,1,1,1.0
māmoe,1,1,0.07189072609633358,1,1,1,1.0
runangaokaikoura,1,1,0.07189072609633358,1,1,1,1.0
āpaki,1,1,0.07189072609633358,1,1,1,1.0
takahanga,1,1,0.07189072609633358,1,1,1,1.0
poho,1,1,0.07189072609633358,1,1,1,1.0
tohunga,1,1,0.07189072609633358,1,1,1,1.0
putahitanga,1,1,0.07189072609633358,1,1,1,1.0
ōkai,1,1,0.07189072609633358,1,1,1,1.0
ōtautahi,1,1,0.07189072609633358,1,1,1,1.0
nuhu,1,1,0.07189072609633358,1,1,1,1.0
koroipita,1,1,0.07189072609633358,1,1,1,1.0
pereraa,1,1,0.07189072609633358,1,1,1,1.0
opini,1,1,0.07189072609633358,1,1,1,1.0
emae,1,1,0.07189072609633358,1,1,1,1.0
penama,1,1,0.07189072609633358,1,1,1,1.0
narea,1,1,0.07189072609633358,1,1,1,1.0
ikumi,1,1,0.07189072609633358,1,1,1,1.0
teherane,1,1,0.07189072609633358,1,1,1,1.0
amenia,1,1,0.07189072609633358,1,1,1,1.0
ekonomika,1,1,0.07189072609633358,1,1,1,1.0
nemati,1,1,0.07189072609633358,1,1,1,1.0
enea,1,1,0.07189072609633358,1,1,1,1.0
herita,1,1,0.07189072609633358,1,1,1,1.0
kamani,1,1,0.07189072609633358,1,1,1,1.0
wakui,1,1,0.07189072609633358,1,1,1,1.0
pukerua,1,1,0.07189072609633358,1,1,1,1.0
titahi,1,1,0.07189072609633358,1,1,1,1.0
ūwāhia,1,1,0.07189072609633358,1,1,1,1.0
kiemute,1,1,0.07189072609633358,1,1,1,1.0
ohoku,1,1,0.07189072609633358,1,1,1,1.0
rowena,1,1,0.07189072609633358,1,1,1,1.0
whoa,1,1,0.07189072609633358,1,1,1,1.0
maharani,1,1,0.07189072609633358,1,1,1,1.0
akee,1,1,0.07189072609633358,1,1,1,1.0
marono,1,1,0.07189072609633358,1,1,1,1.0
uake,1,1,0.07189072609633358,1,1,1,1.0
notaro,1,1,0.07189072609633358,1,1,1,1.0
iaeme,1,1,0.07189072609633358,1,1,1,1.0
mukaka,1,1,0.07189072609633358,1,1,1,1.0
miara,1,1,0.07189072609633358,1,1,1,1.0
tumeo,1,1,0.07189072609633358,1,1,1,1.0
mero,1,1,0.07189072609633358,1,1,1,1.0
okura,1,1,0.07189072609633358,1,1,1,1.0
amaratunge,1,1,0.07189072609633358,1,1,1,1.0
onime,1,1,0.07189072609633358,1,1,1,1.0
okereke,1,1,0.07189072609633358,1,1,1,1.0
oniru,1,1,0.07189072609633358,1,1,1,1.0
amukoko,1,1,0.07189072609633358,1,1,1,1.0
maitama,1,1,0.07189072609633358,1,1,1,1.0
kimutai,1,1,0.07189072609633358,1,1,1,1.0
mera,1,1,0.07189072609633358,1,1,1,1.0
enia,1,1,0.07189072609633358,1,1,1,1.0
namepo,1,1,0.07189072609633358,1,1,1,1.0
moumita,1,1,0.07189072609633358,1,1,1,1.0
outa,1,1,0.07189072609633358,1,1,1,1.0
maua,1,1,0.07189072609633358,1,1,1,1.0
peniwati,1,1,0.07189072609633358,1,1,1,1.0
paia,1,1,0.07189072609633358,1,1,1,1.0
monie,1,1,0.07189072609633358,1,1,1,1.0
kiere,1,1,0.07189072609633358,1,1,1,1.0
wonga,1,1,0.07189072609633358,1,1,1,1.0
ngoro,1,1,0.07189072609633358,1,1,1,1.0
oirere,1,1,0.07189072609633358,1,1,1,1.0
koinuma,1,1,0.07189072609633358,1,1,1,1.0
kaoma,1,1,0.07189072609633358,1,1,1,1.0
miketa,1,1,0.07189072609633358,1,1,1,1.0
tanemoto,1,1,0.07189072609633358,1,1,1,1.0
ituma,1,1,0.07189072609633358,1,1,1,1.0
amoako,1,1,0.07189072609633358,1,1,1,1.0
roarea,1,1,0.07189072609633358,1,1,1,1.0
europea,1,1,0.07189072609633358,1,1,1,1.0
poki,1,1,0.07189072609633358,1,1,1,1.0
hieminga,1,1,0.07189072609633358,1,1,1,1.0
hiete,1,1,0.07189072609633358,1,1,1,1.0
parahoo,1,1,0.07189072609633358,1,1,1,1.0
autio,1,1,0.07189072609633358,1,1,1,1.0
pekuri,1,1,0.07189072609633358,1,1,1,1.0
niemira,1,1,0.07189072609633358,1,1,1,1.0
maione,1,1,0.07189072609633358,1,1,1,1.0
ekiti,1,1,0.07189072609633358,1,1,1,1.0
oree,1,1,0.07189072609633358,1,1,1,1.0
utiome,1,1,0.07189072609633358,1,1,1,1.0
eipaha,1,1,0.07189072609633358,1,1,1,1.0
mihee,1,1,0.07189072609633358,1,1,1,1.0
eurima,1,1,0.07189072609633358,1,1,1,1.0
poteete,1,1,0.07189072609633358,1,1,1,1.0
mairea,1,1,0.07189072609633358,1,1,1,1.0
temepere,1,1,0.07189072609633358,1,1,1,1.0
peine,1,1,0.07189072609633358,1,1,1,1.0
heene,1,1,0.07189072609633358,1,1,1,1.0
purini,1,1,0.07189072609633358,1,1,1,1.0
aneta,1,1,0.07189072609633358,1,1,1,1.0
kune,1,1,0.07189072609633358,1,1,1,1.0
areuea,1,1,0.07189072609633358,1,1,1,1.0
apea,1,1,0.07189072609633358,1,1,1,1.0
hepihea,1,1,0.07189072609633358,1,1,1,1.0
hote,1,1,0.07189072609633358,1,1,1,1.0
reti,1,1,0.07189072609633358,1,1,1,1.0
aioti,1,1,0.07189072609633358,1,1,1,1.0
hautamaki,1,1,0.07189072609633358,1,1,1,1.0
nowongu,1,1,0.07189072609633358,1,1,1,1.0
keune,1,1,0.07189072609633358,1,1,1,1.0
piara,1,1,0.07189072609633358,1,1,1,1.0
ohia,1,1,0.07189072609633358,1,1,1,1.0
huuka,1,1,0.07189072609633358,1,1,1,1.0
konomi,1,1,0.07189072609633358,1,1,1,1.0
ingeni,1,1,0.07189072609633358,1,1,1,1.0
monge,1,1,0.07189072609633358,1,1,1,1.0
renature,1,1,0.07189072609633358,1,1,1,1.0
umatera,1,1,0.07189072609633358,1,1,1,1.0
monora,1,1,0.07189072609633358,1,1,1,1.0
kereta,1,1,0.07189072609633358,1,1,1,1.0
kakimoto,1,1,0.07189072609633358,1,1,1,1.0
hato,1,1,0.07189072609633358,1,1,1,1.0
kainuma,1,1,0.07189072609633358,1,1,1,1.0
heihe,1,1,0.07189072609633358,1,1,1,1.0
kaku,1,1,0.07189072609633358,1,1,1,1.0
areatoarea,1,1,0.07189072609633358,1,1,1,1.0
okuro,1,1,0.07189072609633358,1,1,1,1.0
roiu,1,1,0.07189072609633358,1,1,1,1.0
emori,1,1,0.07189072609633358,1,1,1,1.0
raoni,1,1,0.07189072609633358,1,1,1,1.0
roraima,1,1,0.07189072609633358,1,1,1,1.0
memoire,1,1,0.07189072609633358,1,1,1,1.0
whanga,1,1,0.07189072609633358,1,1,1,1.0
terito,1,1,0.07189072609633358,1,1,1,1.0
ohanga,1,1,0.07189072609633358,1,1,1,1.0
waire,1,1,0.07189072609633358,1,1,1,1.0
openi,1,1,0.07189072609633358,1,1,1,1.0
ratu,1,1,0.07189072609633358,1,1,1,1.0
awareaware,1,1,0.07189072609633358,1,1,1,1.0
mumuni,1,1,0.07189072609633358,1,1,1,1.0
noru,1,1,0.07189072609633358,1,1,1,1.0
iniu,1,1,0.07189072609633358,1,1,1,1.0
pakura,1,1,0.07189072609633358,1,1,1,1.0
hetemi,1,1,0.07189072609633358,1,1,1,1.0
moripe,1,1,0.07189072609633358,1,1,1,1.0
paiho,1,1,0.07189072609633358,1,1,1,1.0
irena,1,1,0.07189072609633358,1,1,1,1.0
haruo,1,1,0.07189072609633358,1,1,1,1.0
marengo,1,1,0.07189072609633358,1,1,1,1.0
munari,1,1,0.07189072609633358,1,1,1,1.0
aromaa,1,1,0.07189072609633358,1,1,1,1.0
emirate,1,1,0.07189072609633358,1,1,1,1.0
rotana,1,1,0.07189072609633358,1,1,1,1.0
utoikamanu,1,1,0.07189072609633358,1,1,1,1.0
purao,1,1,0.07189072609633358,1,1,1,1.0
taminiau,1,1,0.07189072609633358,1,1,1,1.0
ohori,1,1,0.07189072609633358,1,1,1,1.0
kumarapu,1,1,0.07189072609633358,1,1,1,1.0
muraka,1,1,0.07189072609633358,1,1,1,1.0
patania,1,1,0.07189072609633358,1,1,1,1.0
eati,1,1,0.07189072609633358,1,1,1,1.0
norie,1,1,0.07189072609633358,1,1,1,1.0
ooke,1,1,0.07189072609633358,1,1,1,1.0
minera,1,1,0.07189072609633358,1,1,1,1.0
apoio,1,1,0.07189072609633358,1,1,1,1.0
muianga,1,1,0.07189072609633358,1,1,1,1.0
waha,1,1,0.07189072609633358,1,1,1,1.0
terano,1,1,0.07189072609633358,1,1,1,1.0
mahame,1,1,0.07189072609633358,1,1,1,1.0
hatami,1,1,0.07189072609633358,1,1,1,1.0
peruta,1,1,0.07189072609633358,1,1,1,1.0
mahura,1,1,0.07189072609633358,1,1,1,1.0
oere,1,1,0.07189072609633358,1,1,1,1.0
otautau,1,1,0.07189072609633358,1,1,1,1.0
teanau,1,1,0.07189072609633358,1,1,1,1.0
kainga,1,1,0.07189072609633358,1,1,1,1.0
omoraka,1,1,0.07189072609633358,1,1,1,1.0
meroni,1,1,0.07189072609633358,1,1,1,1.0
atite,1,1,0.07189072609633358,1,1,1,1.0
iaee,1,1,0.07189072609633358,1,1,1,1.0
repetiti,1,1,0.07189072609633358,1,1,1,1.0
ooperate,1,1,0.07189072609633358,1,1,1,1.0
toitu,1,1,0.07189072609633358,1,1,1,1.0
ekawati,1,1,0.07189072609633358,1,1,1,1.0
ukia,1,1,0.07189072609633358,1,1,1,1.0
nakata,1,1,0.07189072609633358,1,1,1,1.0
teama,1,1,0.07189072609633358,1,1,1,1.0
maturi,1,1,0.07189072609633358,1,1,1,1.0
hopeto,1,1,0.07189072609633358,1,1,1,1.0
teni,1,1,0.07189072609633358,1,1,1,1.0
poma,1,1,0.07189072609633358,1,1,1,1.0
oiare,1,1,0.07189072609633358,1,1,1,1.0
weeke,1,1,0.07189072609633358,1,1,1,1.0
reteoo,1,1,0.07189072609633358,1,1,1,1.0
inanimate,1,1,0.07189072609633358,1,1,1,1.0
punie,1,1,0.07189072609633358,1,1,1,1.0
marieke,1,1,0.07189072609633358,1,1,1,1.0
iwamura,1,1,0.07189072609633358,1,1,1,1.0
ionita,1,1,0.07189072609633358,1,1,1,1.0
heiko,1,1,0.07189072609633358,1,1,1,1.0
humanaware,1,1,0.07189072609633358,1,1,1,1.0
kaiuwe,1,1,0.07189072609633358,1,1,1,1.0
maike,1,1,0.07189072609633358,1,1,1,1.0
tomohiro,1,1,0.07189072609633358,1,1,1,1.0
puto,1,1,0.07189072609633358,1,1,1,1.0
maei,1,1,0.07189072609633358,1,1,1,1.0
anieto,1,1,0.07189072609633358,1,1,1,1.0
toriwaki,1,1,0.07189072609633358,1,1,1,1.0
hemakumara,1,1,0.07189072609633358,1,1,1,1.0
wupe,1,1,0.07189072609633358,1,1,1,1.0
roume,1,1,0.07189072609633358,1,1,1,1.0
enierie,1,1,0.07189072609633358,1,1,1,1.0
hapire,1,1,0.07189072609633358,1,1,1,1.0
ipiranga,1,1,0.07189072609633358,1,1,1,1.0
uwere,1,1,0.07189072609633358,1,1,1,1.0
kourie,1,1,0.07189072609633358,1,1,1,1.0
rouane,1,1,0.07189072609633358,1,1,1,1.0
utara,1,1,0.07189072609633358,1,1,1,1.0
aaaaaaaaa,1,1,0.07189072609633358,1,1,1,1.0
inamura,1,1,0.07189072609633358,1,1,1,1.0
wimo,1,1,0.07189072609633358,1,1,1,1.0
kurata,1,1,0.07189072609633358,1,1,1,1.0
toto,1,1,0.07189072609633358,1,1,1,1.0
rateto,1,1,0.07189072609633358,1,1,1,1.0
eatinga,1,1,0.07189072609633358,1,1,1,1.0
eperimete,1,1,0.07189072609633358,1,1,1,1.0
topoi,1,1,0.07189072609633358,1,1,1,1.0
otare,1,1,0.07189072609633358,1,1,1,1.0
whereia,1,1,0.07189072609633358,1,1,1,1.0
turi,1,1,0.07189072609633358,1,1,1,1.0
poama,1,1,0.07189072609633358,1,1,1,1.0
itemie,1,1,0.07189072609633358,1,1,1,1.0
awhere,1,1,0.07189072609633358,1,1,1,1.0
mouna,1,1,0.07189072609633358,1,1,1,1.0
etare,1,1,0.07189072609633358,1,1,1,1.0
naoi,1,1,0.07189072609633358,1,1,1,1.0
pami,1,1,0.07189072609633358,1,1,1,1.0
makemore,1,1,0.07189072609633358,1,1,1,1.0
maimone,1,1,0.07189072609633358,1,1,1,1.0
auai,1,1,0.07189072609633358,1,1,1,1.0
whereami,1,1,0.07189072609633358,1,1,1,1.0
makea,1,1,0.07189072609633358,1,1,1,1.0
nomao,1,1,0.07189072609633358,1,1,1,1.0
tarau,1,1,0.07189072609633358,1,1,1,1.0
aomaru,1,1,0.07189072609633358,1,1,1,1.0
hariri,1,1,0.07189072609633358,1,1,1,1.0
niwhere,1,1,0.07189072609633358,1,1,1,1.0
hanui,1,1,0.07189072609633358,1,1,1,1.0
kunii,1,1,0.07189072609633358,1,1,1,1.0
maruatona,1,1,0.07189072609633358,1,1,1,1.0
hioa,1,1,0.07189072609633358,1,1,1,1.0
motie,1,1,0.07189072609633358,1,1,1,1.0
winu,1,1,0.07189072609633358,1,1,1,1.0
aono,1,1,0.07189072609633358,1,1,1,1.0
kawamae,1,1,0.07189072609633358,1,1,1,1.0
arimura,1,1,0.07189072609633358,1,1,1,1.0
narahari,1,1,0.07189072609633358,1,1,1,1.0
kowai,1,1,0.07189072609633358,1,1,1,1.0
etora,1,1,0.07189072609633358,1,1,1,1.0
peano,1,1,0.07189072609633358,1,1,1,1.0
mieke,1,1,0.07189072609633358,1,1,1,1.0
waikiki,1,1,0.07189072609633358,1,1,1,1.0
ewhere,1,1,0.07189072609633358,1,1,1,1.0
monami,1,1,0.07189072609633358,1,1,1,1.0
takanami,1,1,0.07189072609633358,1,1,1,1.0
minate,1,1,0.07189072609633358,1,1,1,1.0
iiie,1,1,0.07189072609633358,1,1,1,1.0
riona,1,1,0.07189072609633358,1,1,1,1.0
hikari,1,1,0.07189072609633358,1,1,1,1.0
mereo,1,1,0.07189072609633358,1,1,1,1.0
turini,1,1,0.07189072609633358,1,1,1,1.0
ketu,1,1,0.07189072609633358,1,1,1,1.0
eeta,1,1,0.07189072609633358,1,1,1,1.0
imei,1,1,0.07189072609633358,1,1,1,1.0
enemie,1,1,0.07189072609633358,1,1,1,1.0
reetu,1,1,0.07189072609633358,1,1,1,1.0
itiate,1,1,0.07189072609633358,1,1,1,1.0
pime,1,1,0.07189072609633358,1,1,1,1.0
whee,1,1,0.07189072609633358,1,1,1,1.0
puukari,1,1,0.07189072609633358,1,1,1,1.0
iiaiaai,1,1,0.07189072609633358,1,1,1,1.0
marika,1,1,0.07189072609633358,1,1,1,1.0
mukama,1,1,0.07189072609633358,1,1,1,1.0
onenote,1,1,0.07189072609633358,1,1,1,1.0
rihe,1,1,0.07189072609633358,1,1,1,1.0
kona,1,1,0.07189072609633358,1,1,1,1.0
kehoe,1,1,0.07189072609633358,1,1,1,1.0
itero,1,1,0.07189072609633358,1,1,1,1.0
ereputati,1,1,0.07189072609633358,1,1,1,1.0
mahara,1,1,0.07189072609633358,1,1,1,1.0
amake,1,1,0.07189072609633358,1,1,1,1.0
hawe,1,1,0.07189072609633358,1,1,1,1.0
hurihuri,1,1,0.07189072609633358,1,1,1,1.0
oneto,1,1,0.07189072609633358,1,1,1,1.0
nameno,1,1,0.07189072609633358,1,1,1,1.0
piuri,1,1,0.07189072609633358,1,1,1,1.0
maehara,1,1,0.07189072609633358,1,1,1,1.0
wutao,1,1,0.07189072609633358,1,1,1,1.0
iita,1,1,0.07189072609633358,1,1,1,1.0
raiko,1,1,0.07189072609633358,1,1,1,1.0
mehu,1,1,0.07189072609633358,1,1,1,1.0
reminga,1,1,0.07189072609633358,1,1,1,1.0
porate,1,1,0.07189072609633358,1,1,1,1.0
hirata,1,1,0.07189072609633358,1,1,1,1.0
inite,1,1,0.07189072609633358,1,1,1,1.0
torio,1,1,0.07189072609633358,1,1,1,1.0
taware,1,1,0.07189072609633358,1,1,1,1.0
whate,1,1,0.07189072609633358,1,1,1,1.0
toiu,1,1,0.07189072609633358,1,1,1,1.0
pota,1,1,0.07189072609633358,1,1,1,1.0
iete,1,1,0.07189072609633358,1,1,1,1.0
kieu,1,1,0.07189072609633358,1,1,1,1.0
emote,1,1,0.07189072609633358,1,1,1,1.0
teemu,1,1,0.07189072609633358,1,1,1,1.0
omaima,1,1,0.07189072609633358,1,1,1,1.0
ouri,1,1,0.07189072609633358,1,1,1,1.0
tomoharu,1,1,0.07189072609633358,1,1,1,1.0
komei,1,1,0.07189072609633358,1,1,1,1.0
enginge,1,1,0.07189072609633358,1,1,1,1.0
openapi,1,1,0.07189072609633358,1,1,1,1.0
ranga,1,1,0.07189072609633358,1,1,1,1.0
aote,1,1,0.07189072609633358,1,1,1,1.0
ngare,1,1,0.07189072609633358,1,1,1,1.0
uihe,1,1,0.07189072609633358,1,1,1,1.0
uohe,1,1,0.07189072609633358,1,1,1,1.0
tawara,1,1,0.07189072609633358,1,1,1,1.0
reture,1,1,0.07189072609633358,1,1,1,1.0
ariu,1,1,0.07189072609633358,1,1,1,1.0
mooree,1,1,0.07189072609633358,1,1,1,1.0
koikeakino,1,1,0.07189072609633358,1,1,1,1.0
hemo,1,1,0.07189072609633358,1,1,1,1.0
papineni,1,1,0.07189072609633358,1,1,1,1.0
nourani,1,1,0.07189072609633358,1,1,1,1.0
tuninga,1,1,0.07189072609633358,1,1,1,1.0
nuaa,1,1,0.07189072609633358,1,1,1,1.0
inieto,1,1,0.07189072609633358,1,1,1,1.0
keke,1,1,0.07189072609633358,1,1,1,1.0
peipei,1,1,0.07189072609633358,1,1,1,1.0
iwho,1,1,0.07189072609633358,1,1,1,1.0
ungureanu,1,1,0.07189072609633358,1,1,1,1.0
huihua,1,1,0.07189072609633358,1,1,1,1.0
karame,1,1,0.07189072609633358,1,1,1,1.0
poria,1,1,0.07189072609633358,1,1,1,1.0
weiwei,1,1,0.07189072609633358,1,1,1,1.0
aratio,1,1,0.07189072609633358,1,1,1,1.0
kewei,1,1,0.07189072609633358,1,1,1,1.0
hooi,1,1,0.07189072609633358,1,1,1,1.0
eaware,1,1,0.07189072609633358,1,1,1,1.0
wiwho,1,1,0.07189072609633358,1,1,1,1.0
huami,1,1,0.07189072609633358,1,1,1,1.0
amina,1,1,0.07189072609633358,1,1,1,1.0
huai,1,1,0.07189072609633358,1,1,1,1.0
nokamoto,1,1,0.07189072609633358,1,1,1,1.0
huahui,1,1,0.07189072609633358,1,1,1,1.0
kiamini,1,1,0.07189072609633358,1,1,1,1.0
minutia,1,1,0.07189072609633358,1,1,1,1.0
tataru,1,1,0.07189072609633358,1,1,1,1.0
namee,1,1,0.07189072609633358,1,1,1,1.0
maritati,1,1,0.07189072609633358,1,1,1,1.0
watū,1,1,0.07189072609633358,1,1,1,1.0
nongo,1,1,0.07189072609633358,1,1,1,1.0
akare,1,1,0.07189072609633358,1,1,1,1.0
eirinaki,1,1,0.07189072609633358,1,1,1,1.0
emara,1,1,0.07189072609633358,1,1,1,1.0
utou,1,1,0.07189072609633358,1,1,1,1.0
tinati,1,1,0.07189072609633358,1,1,1,1.0
imeni,1,1,0.07189072609633358,1,1,1,1.0
nito,1,1,0.07189072609633358,1,1,1,1.0
miou,1,1,0.07189072609633358,1,1,1,1.0
ukiou,1,1,0.07189072609633358,1,1,1,1.0
akata,1,1,0.07189072609633358,1,1,1,1.0
umemoto,1,1,0.07189072609633358,1,1,1,1.0
whereei,1,1,0.07189072609633358,1,1,1,1.0
eneko,1,1,0.07189072609633358,1,1,1,1.0
hawi,1,1,0.07189072609633358,1,1,1,1.0
pema,1,1,0.07189072609633358,1,1,1,1.0
waema,1,1,0.07189072609633358,1,1,1,1.0
tuhanio,1,1,0.07189072609633358,1,1,1,1.0
horii,1,1,0.07189072609633358,1,1,1,1.0
amami,1,1,0.07189072609633358,1,1,1,1.0
eiou,1,1,0.07189072609633358,1,1,1,1.0
aite,1,1,0.07189072609633358,1,1,1,1.0
ruie,1,1,0.07189072609633358,1,1,1,1.0
tieniu,1,1,0.07189072609633358,1,1,1,1.0
mitei,1,1,0.07189072609633358,1,1,1,1.0
atare,1,1,0.07189072609633358,1,1,1,1.0
toare,1,1,0.07189072609633358,1,1,1,1.0
towere,1,1,0.07189072609633358,1,1,1,1.0
timeti,1,1,0.07189072609633358,1,1,1,1.0
ehare,1,1,0.07189072609633358,1,1,1,1.0
iwhere,1,1,0.07189072609633358,1,1,1,1.0
imare,1,1,0.07189072609633358,1,1,1,1.0
hirono,1,1,0.07189072609633358,1,1,1,1.0
amitai,1,1,0.07189072609633358,1,1,1,1.0
erieure,1,1,0.07189072609633358,1,1,1,1.0
rieke,1,1,0.07189072609633358,1,1,1,1.0
ngue,1,1,0.07189072609633358,1,1,1,1.0
whereo,1,1,0.07189072609633358,1,1,1,1.0
wherehi,1,1,0.07189072609633358,1,1,1,1.0
iareo,1,1,0.07189072609633358,1,1,1,1.0
totime,1,1,0.07189072609633358,1,1,1,1.0
wewi,1,1,0.07189072609633358,1,1,1,1.0
meineke,1,1,0.07189072609633358,1,1,1,1.0
tateno,1,1,0.07189072609633358,1,1,1,1.0
neurona,1,1,0.07189072609633358,1,1,1,1.0
newu,1,1,0.07189072609633358,1,1,1,1.0
reate,1,1,0.07189072609633358,1,1,1,1.0
okine,1,1,0.07189072609633358,1,1,1,1.0
ewere,1,1,0.07189072609633358,1,1,1,1.0
timehi,1,1,0.07189072609633358,1,1,1,1.0
piii,1,1,0.07189072609633358,1,1,1,1.0
piri,1,1,0.07189072609633358,1,1,1,1.0
herei,1,1,0.07189072609633358,1,1,1,1.0
wakea,1,1,0.07189072609633358,1,1,1,1.0
haretu,1,1,0.07189072609633358,1,1,1,1.0
iaei,1,1,0.07189072609633358,1,1,1,1.0
rire,1,1,0.07189072609633358,1,1,1,1.0
imera,1,1,0.07189072609633358,1,1,1,1.0
emana,1,1,0.07189072609633358,1,1,1,1.0
repeate,1,1,0.07189072609633358,1,1,1,1.0
reia,1,1,0.07189072609633358,1,1,1,1.0
nitetime,1,1,0.07189072609633358,1,1,1,1.0
oruakeretaki,1,1,0.07189072609633358,1,1,1,1.0
mangahei,1,1,0.07189072609633358,1,1,1,1.0
piripiri,1,1,0.07189072609633358,1,1,1,1.0
mangaatua,1,1,0.07189072609633358,1,1,1,1.0
mākuri,1,1,0.07189072609633358,1,1,1,1.0
putara,1,1,0.07189072609633358,1,1,1,1.0
kauangaroa,1,1,0.07189072609633358,1,1,1,1.0
mākākahi,1,1,0.07189072609633358,1,1,1,1.0
mangatewainui,1,1,0.07189072609633358,1,1,1,1.0
taumarunui,1,1,0.07189072609633358,1,1,1,1.0
ōhau,1,1,0.07189072609633358,1,1,1,1.0
onepuhi,1,1,0.07189072609633358,1,1,1,1.0
koputaroa,1,1,0.07189072609633358,1,1,1,1.0
tokorima,1,1,0.07189072609633358,1,1,1,1.0
rehunga,1,1,0.07189072609633358,1,1,1,1.0
piakatutu,1,1,0.07189072609633358,1,1,1,1.0
ōngarue,1,1,0.07189072609633358,1,1,1,1.0
mangarangiora,1,1,0.07189072609633358,1,1,1,1.0
akuri,1,1,0.07189072609633358,1,1,1,1.0
huritini,1,1,0.07189072609633358,1,1,1,1.0
onepuhia,1,1,0.07189072609633358,1,1,1,1.0
mangatera,1,1,0.07189072609633358,1,1,1,1.0
pongaroa,1,1,0.07189072609633358,1,1,1,1.0
hāmua,1,1,0.07189072609633358,1,1,1,1.0
papakai,1,1,0.07189072609633358,1,1,1,1.0
ongarue,1,1,0.07189072609633358,1,1,1,1.0
ngaturi,1,1,0.07189072609633358,1,1,1,1.0
mowhanau,1,1,0.07189072609633358,1,1,1,1.0
oringi,1,1,0.07189072609633358,1,1,1,1.0
mākōtuku,1,1,0.07189072609633358,1,1,1,1.0
ōhura,1,1,0.07189072609633358,1,1,1,1.0
kumeti,1,1,0.07189072609633358,1,1,1,1.0
ruatiti,1,1,0.07189072609633358,1,1,1,1.0
apiti,1,1,0.07189072609633358,1,1,1,1.0
tiraumea,1,1,0.07189072609633358,1,1,1,1.0
owahanga,1,1,0.07189072609633358,1,1,1,1.0
rangataua,1,1,0.07189072609633358,1,1,1,1.0
ngawapurua,1,1,0.07189072609633358,1,1,1,1.0
whirokino,1,1,0.07189072609633358,1,1,1,1.0
awahuri,1,1,0.07189072609633358,1,1,1,1.0
atana,1,1,0.07189072609633358,1,1,1,1.0
otuku,1,1,0.07189072609633358,1,1,1,1.0
patiki,1,1,0.07189072609633358,1,1,1,1.0
taringamotu,1,1,0.07189072609633358,1,1,1,1.0
raetihi,1,1,0.07189072609633358,1,1,1,1.0
mangawhata,1,1,0.07189072609633358,1,1,1,1.0
kaiiwi,1,1,0.07189072609633358,1,1,1,1.0
kawiu,1,1,0.07189072609633358,1,1,1,1.0
atāpiti,1,1,0.07189072609633358,1,1,1,1.0
tokiahuru,1,1,0.07189072609633358,1,1,1,1.0
ngatahaka,1,1,0.07189072609633358,1,1,1,1.0
ahuna,1,1,0.07189072609633358,1,1,1,1.0
mangaehuehu,1,1,0.07189072609633358,1,1,1,1.0
pahiatua,1,1,0.07189072609633358,1,1,1,1.0
mangaore,1,1,0.07189072609633358,1,1,1,1.0
eketāhuna,1,1,0.07189072609633358,1,1,1,1.0
opiki,1,1,0.07189072609633358,1,1,1,1.0
rangitīkei,1,1,0.07189072609633358,1,1,1,1.0
manakau,1,1,0.07189072609633358,1,1,1,1.0
kiwitea,1,1,0.07189072609633358,1,1,1,1.0
mangatoro,1,1,0.07189072609633358,1,1,1,1.0
raupiu,1,1,0.07189072609633358,1,1,1,1.0
pipiriki,1,1,0.07189072609633358,1,1,1,1.0
manawatūatōpiki,1,1,0.07189072609633358,1,1,1,1.0
rewa,1,1,0.07189072609633358,1,1,1,1.0
makomako,1,1,0.07189072609633358,1,1,1,1.0
ōroua,1,1,0.07189072609633358,1,1,1,1.0
rātana,1,1,0.07189072609633358,1,1,1,1.0
pukeokahu,1,1,0.07189072609633358,1,1,1,1.0
amua,1,1,0.07189072609633358,1,1,1,1.0
pipa,1,1,0.07189072609633358,1,1,1,1.0
eaire,1,1,0.07189072609633358,1,1,1,1.0
numeri,1,1,0.07189072609633358,1,1,1,1.0
iarea,1,1,0.07189072609633358,1,1,1,1.0
hooke,1,1,0.07189072609633358,1,1,1,1.0
enuma,1,1,0.07189072609633358,1,1,1,1.0
teapārangi,1,1,0.07189072609633358,1,1,1,1.0
oneai,1,1,0.07189072609633358,1,1,1,1.0
anuma,1,1,0.07189072609633358,1,1,1,1.0
kineti,1,1,0.07189072609633358,1,1,1,1.0
roote,1,1,0.07189072609633358,1,1,1,1.0
takinga,1,1,0.07189072609633358,1,1,1,1.0
oiii,1,1,0.07189072609633358,1,1,1,1.0
aora,1,1,0.07189072609633358,1,1,1,1.0
outo,1,1,0.07189072609633358,1,1,1,1.0
hiai,1,1,0.07189072609633358,1,1,1,1.0
hieai,1,1,0.07189072609633358,1,1,1,1.0
reine,1,1,0.07189072609633358,1,1,1,1.0
aromuri,1,1,0.07189072609633358,1,1,1,1.0
omena,1,1,0.07189072609633358,1,1,1,1.0
mohi,1,1,0.07189072609633358,1,1,1,1.0
arimoto,1,1,0.07189072609633358,1,1,1,1.0
meira,1,1,0.07189072609633358,1,1,1,1.0
akaoa,1,1,0.07189072609633358,1,1,1,1.0
eama,1,1,0.07189072609633358,1,1,1,1.0
herewe,1,1,0.07189072609633358,1,1,1,1.0
tawhere,1,1,0.07189072609633358,1,1,1,1.0
iiwere,1,1,0.07189072609633358,1,1,1,1.0
iwere,1,1,0.07189072609633358,1,1,1,1.0
outu,1,1,0.07189072609633358,1,1,1,1.0
umare,1,1,0.07189072609633358,1,1,1,1.0
riui,1,1,0.07189072609633358,1,1,1,1.0
kaipio,1,1,0.07189072609633358,1,1,1,1.0
pomeau,1,1,0.07189072609633358,1,1,1,1.0
iori,1,1,0.07189072609633358,1,1,1,1.0
rato,1,1,0.07189072609633358,1,1,1,1.0
anea,1,1,0.07189072609633358,1,1,1,1.0
oureau,1,1,0.07189072609633358,1,1,1,1.0
engio,1,1,0.07189072609633358,1,1,1,1.0
eunarine,1,1,0.07189072609633358,1,1,1,1.0
oore,1,1,0.07189072609633358,1,1,1,1.0
tange,1,1,0.07189072609633358,1,1,1,1.0
newhou,1,1,0.07189072609633358,1,1,1,1.0
wherepi,1,1,0.07189072609633358,1,1,1,1.0
hereo,1,1,0.07189072609633358,1,1,1,1.0
morera,1,1,0.07189072609633358,1,1,1,1.0
meane,1,1,0.07189072609633358,1,1,1,1.0
kitai,1,1,0.07189072609633358,1,1,1,1.0
tomoki,1,1,0.07189072609633358,1,1,1,1.0
rihana,1,1,0.07189072609633358,1,1,1,1.0
romeira,1,1,0.07189072609633358,1,1,1,1.0
titoti,1,1,0.07189072609633358,1,1,1,1.0
motutapu,1,1,0.07189072609633358,1,1,1,1.0
hiranoremote,1,1,0.07189072609633358,1,1,1,1.0
paiute,1,1,0.07189072609633358,1,1,1,1.0
areahi,1,1,0.07189072609633358,1,1,1,1.0
aarau,1,1,0.07189072609633358,1,1,1,1.0
okeoma,1,1,0.07189072609633358,1,1,1,1.0
omata,1,1,0.07189072609633358,1,1,1,1.0
uteri,1,1,0.07189072609633358,1,1,1,1.0
tupungatito,1,1,0.07189072609633358,1,1,1,1.0
marapi,1,1,0.07189072609633358,1,1,1,1.0
taipe,1,1,0.07189072609633358,1,1,1,1.0
uiowa,1,1,0.07189072609633358,1,1,1,1.0
tepouhawaiki,1,1,0.07189072609633358,1,1,1,1.0
hoke,1,1,0.07189072609633358,1,1,1,1.0
komatiite,1,1,0.07189072609633358,1,1,1,1.0
oware,1,1,0.07189072609633358,1,1,1,1.0
paunio,1,1,0.07189072609633358,1,1,1,1.0
ruutu,1,1,0.07189072609633358,1,1,1,1.0
waitotara,1,1,0.07189072609633358,1,1,1,1.0
okuru,1,1,0.07189072609633358,1,1,1,1.0
waiongana,1,1,0.07189072609633358,1,1,1,1.0
hinuera,1,1,0.07189072609633358,1,1,1,1.0
takaka,1,1,0.07189072609633358,1,1,1,1.0
karakatuwhero,1,1,0.07189072609633358,1,1,1,1.0
mokihinui,1,1,0.07189072609633358,1,1,1,1.0
manuherikia,1,1,0.07189072609633358,1,1,1,1.0
whangawehi,1,1,0.07189072609633358,1,1,1,1.0
hurunui,1,1,0.07189072609633358,1,1,1,1.0
waimata,1,1,0.07189072609633358,1,1,1,1.0
mohaka,1,1,0.07189072609633358,1,1,1,1.0
awaroa,1,1,0.07189072609633358,1,1,1,1.0
awakino,1,1,0.07189072609633358,1,1,1,1.0
wharekopae,1,1,0.07189072609633358,1,1,1,1.0
oparau,1,1,0.07189072609633358,1,1,1,1.0
otaio,1,1,0.07189072609633358,1,1,1,1.0
hokuri,1,1,0.07189072609633358,1,1,1,1.0
huangarua,1,1,0.07189072609633358,1,1,1,1.0
waita,1,1,0.07189072609633358,1,1,1,1.0
waiiti,1,1,0.07189072609633358,1,1,1,1.0
pakarae,1,1,0.07189072609633358,1,1,1,1.0
waitahanui,1,1,0.07189072609633358,1,1,1,1.0
kaitoke,1,1,0.07189072609633358,1,1,1,1.0
mangakuri,1,1,0.07189072609633358,1,1,1,1.0
mangatea,1,1,0.07189072609633358,1,1,1,1.0
waikaha,1,1,0.07189072609633358,1,1,1,1.0
akatarawa,1,1,0.07189072609633358,1,1,1,1.0
mataura,1,1,0.07189072609633358,1,1,1,1.0
waihuka,1,1,0.07189072609633358,1,1,1,1.0
hopuruahine,1,1,0.07189072609633358,1,1,1,1.0
waikarokaro,1,1,0.07189072609633358,1,1,1,1.0
manganuiateao,1,1,0.07189072609633358,1,1,1,1.0
muaupoko,1,1,0.07189072609633358,1,1,1,1.0
taramakau,1,1,0.07189072609633358,1,1,1,1.0
oaonuioaoiti,1,1,0.07189072609633358,1,1,1,1.0
makara,1,1,0.07189072609633358,1,1,1,1.0
waiohine,1,1,0.07189072609633358,1,1,1,1.0
mahitahi,1,1,0.07189072609633358,1,1,1,1.0
waiwakaiho,1,1,0.07189072609633358,1,1,1,1.0
kauaeranga,1,1,0.07189072609633358,1,1,1,1.0
wairakau,1,1,0.07189072609633358,1,1,1,1.0
waikari,1,1,0.07189072609633358,1,1,1,1.0
waitaha,1,1,0.07189072609633358,1,1,1,1.0
oreti,1,1,0.07189072609633358,1,1,1,1.0
ohinemuri,1,1,0.07189072609633358,1,1,1,1.0
wharekahika,1,1,0.07189072609633358,1,1,1,1.0
kahao,1,1,0.07189072609633358,1,1,1,1.0
tongaporutu,1,1,0.07189072609633358,1,1,1,1.0
waihohonu,1,1,0.07189072609633358,1,1,1,1.0
horokiri,1,1,0.07189072609633358,1,1,1,1.0
urane,1,1,0.07189072609633358,1,1,1,1.0
miniii,1,1,0.07189072609633358,1,1,1,1.0
minii,1,1,0.07189072609633358,1,1,1,1.0
oneatatime,1,1,0.07189072609633358,1,1,1,1.0
patane,1,1,0.07189072609633358,1,1,1,1.0
onoma,1,1,0.07189072609633358,1,1,1,1.0
taroura,1,1,0.07189072609633358,1,1,1,1.0
roura,1,1,0.07189072609633358,1,1,1,1.0
tanahara,1,1,0.07189072609633358,1,1,1,1.0
arapaho,1,1,0.07189072609633358,1,1,1,1.0
mangapokia,1,1,0.07189072609633358,1,1,1,1.0
okuku,1,1,0.07189072609633358,1,1,1,1.0
pahau,1,1,0.07189072609633358,1,1,1,1.0
poihipiokaiamaketu,1,1,0.07189072609633358,1,1,1,1.0
hauparu,1,1,0.07189072609633358,1,1,1,1.0
maungataketakemangere,1,1,0.07189072609633358,1,1,1,1.0
manurewa,1,1,0.07189072609633358,1,1,1,1.0
onepotopukakiorakeihopuapupuke,1,1,0.07189072609633358,1,1,1,1.0
motukoreawaitemata,1,1,0.07189072609633358,1,1,1,1.0
pamure,1,1,0.07189072609633358,1,1,1,1.0
tuitui,1,1,0.07189072609633358,1,1,1,1.0
ruohomaki,1,1,0.07189072609633358,1,1,1,1.0
waiopehu,1,1,0.07189072609633358,1,1,1,1.0
karamu,1,1,0.07189072609633358,1,1,1,1.0
mutukumira,1,1,0.07189072609633358,1,1,1,1.0
openo,1,1,0.07189072609633358,1,1,1,1.0
reroute,1,1,0.07189072609633358,1,1,1,1.0
rangataiki,1,1,0.07189072609633358,1,1,1,1.0
pohokura,1,1,0.07189072609633358,1,1,1,1.0
reuni,1,1,0.07189072609633358,1,1,1,1.0
hawaiia,1,1,0.07189072609633358,1,1,1,1.0
oema,1,1,0.07189072609633358,1,1,1,1.0
tenaki,1,1,0.07189072609633358,1,1,1,1.0
taumataroa,1,1,0.07189072609633358,1,1,1,1.0
aenea,1,1,0.07189072609633358,1,1,1,1.0
ngatikuri,1,1,0.07189072609633358,1,1,1,1.0
whakapaku,1,1,0.07189072609633358,1,1,1,1.0
kohuroaunuwhao,1,1,0.07189072609633358,1,1,1,1.0
tipupūtaiao,1,1,0.07189072609633358,1,1,1,1.0
atunuwhao,1,1,0.07189072609633358,1,1,1,1.0
waitomo,1,1,0.07189072609633358,1,1,1,1.0
unuwhao,1,1,0.07189072609633358,1,1,1,1.0
amena,1,1,0.07189072609633358,1,1,1,1.0
enomena,1,1,0.07189072609633358,1,1,1,1.0
whakatiki,1,1,0.07189072609633358,1,1,1,1.0
arearunge,1,1,0.07189072609633358,1,1,1,1.0
minimumarea,1,1,0.07189072609633358,1,1,1,1.0
haritani,1,1,0.07189072609633358,1,1,1,1.0
anamori,1,1,0.07189072609633358,1,1,1,1.0
okou,1,1,0.07189072609633358,1,1,1,1.0
areawere,1,1,0.07189072609633358,1,1,1,1.0
pomare,1,1,0.07189072609633358,1,1,1,1.0
pakeha,1,1,0.07189072609633358,1,1,1,1.0
ropu,1,1,0.07189072609633358,1,1,1,1.0
korine,1,1,0.07189072609633358,1,1,1,1.0
kanenaka,1,1,0.07189072609633358,1,1,1,1.0
pukekiti,1,1,0.07189072609633358,1,1,1,1.0
rangatauanuie,1,1,0.07189072609633358,1,1,1,1.0
umutekairotokare,1,1,0.07189072609633358,1,1,1,1.0
rangatauanui,1,1,0.07189072609633358,1,1,1,1.0
waitepuku,1,1,0.07189072609633358,1,1,1,1.0
aranaki,1,1,0.07189072609633358,1,1,1,1.0
umutekaia,1,1,0.07189072609633358,1,1,1,1.0
heowa,1,1,0.07189072609633358,1,1,1,1.0
oaiu,1,1,0.07189072609633358,1,1,1,1.0
unowo,1,1,0.07189072609633358,1,1,1,1.0
konoi,1,1,0.07189072609633358,1,1,1,1.0
hukaho,1,1,0.07189072609633358,1,1,1,1.0
oheoo,1,1,0.07189072609633358,1,1,1,1.0
eukeo,1,1,0.07189072609633358,1,1,1,1.0
maeoho,1,1,0.07189072609633358,1,1,1,1.0
uiaho,1,1,0.07189072609633358,1,1,1,1.0
oaieha,1,1,0.07189072609633358,1,1,1,1.0
tuwoianuno,1,1,0.07189072609633358,1,1,1,1.0
hanio,1,1,0.07189072609633358,1,1,1,1.0
amuno,1,1,0.07189072609633358,1,1,1,1.0
earoa,1,1,0.07189072609633358,1,1,1,1.0
heou,1,1,0.07189072609633358,1,1,1,1.0
heoeuke,1,1,0.07189072609633358,1,1,1,1.0
uoano,1,1,0.07189072609633358,1,1,1,1.0
munia,1,1,0.07189072609633358,1,1,1,1.0
unaihuwo,1,1,0.07189072609633358,1,1,1,1.0
heono,1,1,0.07189072609633358,1,1,1,1.0
nokahuwo,1,1,0.07189072609633358,1,1,1,1.0
uaho,1,1,0.07189072609633358,1,1,1,1.0
ianuno,1,1,0.07189072609633358,1,1,1,1.0
konoo,1,1,0.07189072609633358,1,1,1,1.0
keere,1,1,0.07189072609633358,1,1,1,1.0
eomu,1,1,0.07189072609633358,1,1,1,1.0
heoawo,1,1,0.07189072609633358,1,1,1,1.0
munu,1,1,0.07189072609633358,1,1,1,1.0
heoeukeo,1,1,0.07189072609633358,1,1,1,1.0
heoo,1,1,0.07189072609633358,1,1,1,1.0
onio,1,1,0.07189072609633358,1,1,1,1.0
eawo,1,1,0.07189072609633358,1,1,1,1.0
oeukeo,1,1,0.07189072609633358,1,1,1,1.0
unawa,1,1,0.07189072609633358,1,1,1,1.0
unounia,1,1,0.07189072609633358,1,1,1,1.0
oniu,1,1,0.07189072609633358,1,1,1,1.0
ohoiho,1,1,0.07189072609633358,1,1,1,1.0
uoha,1,1,0.07189072609633358,1,1,1,1.0
aiho,1,1,0.07189072609633358,1,1,1,1.0
eawoeukeo,1,1,0.07189072609633358,1,1,1,1.0
wuno,1,1,0.07189072609633358,1,1,1,1.0
aihuwaho,1,1,0.07189072609633358,1,1,1,1.0
tuwo,1,1,0.07189072609633358,1,1,1,1.0
okahuwo,1,1,0.07189072609633358,1,1,1,1.0
oheo,1,1,0.07189072609633358,1,1,1,1.0
heohe,1,1,0.07189072609633358,1,1,1,1.0
anio,1,1,0.07189072609633358,1,1,1,1.0
wuha,1,1,0.07189072609633358,1,1,1,1.0
muno,1,1,0.07189072609633358,1,1,1,1.0
aumo,1,1,0.07189072609633358,1,1,1,1.0
eiuee,1,1,0.07189072609633358,1,1,1,1.0
oaho,1,1,0.07189072609633358,1,1,1,1.0
ataei,1,1,0.07189072609633358,1,1,1,1.0
tore,1,1,0.07189072609633358,1,1,1,1.0
kurama,1,1,0.07189072609633358,1,1,1,1.0
rungea,1,1,0.07189072609633358,1,1,1,1.0
meteorite,1,1,0.07189072609633358,1,1,1,1.0
puha,1,1,0.07189072609633358,1,1,1,1.0
naana,1,1,0.07189072609633358,1,1,1,1.0
manawatutararua,1,1,0.07189072609633358,1,1,1,1.0
romine,1,1,0.07189072609633358,1,1,1,1.0
aremaungataketake,1,1,0.07189072609633358,1,1,1,1.0
nataupo,1,1,0.07189072609633358,1,1,1,1.0
matakutureia,1,1,0.07189072609633358,1,1,1,1.0
notuataua,1,1,0.07189072609633358,1,1,1,1.0
tahua,1,1,0.07189072609633358,1,1,1,1.0
pukewairiki,1,1,0.07189072609633358,1,1,1,1.0
inangahua,1,1,0.07189072609633358,1,1,1,1.0
kuwana,1,1,0.07189072609633358,1,1,1,1.0
oenema,1,1,0.07189072609633358,1,1,1,1.0
anai,1,1,0.07189072609633358,1,1,1,1.0
amakawa,1,1,0.07189072609633358,1,1,1,1.0
nonurine,1,1,0.07189072609633358,1,1,1,1.0
awamoto,1,1,0.07189072609633358,1,1,1,1.0
atano,1,1,0.07189072609633358,1,1,1,1.0
aurine,1,1,0.07189072609633358,1,1,1,1.0
ratapiko,1,1,0.07189072609633358,1,1,1,1.0
aomine,1,1,0.07189072609633358,1,1,1,1.0
kenai,1,1,0.07189072609633358,1,1,1,1.0
riri,1,1,0.07189072609633358,1,1,1,1.0
okaiae,1,1,0.07189072609633358,1,1,1,1.0
manganuia,1,1,0.07189072609633358,1,1,1,1.0
mangimangi,1,1,0.07189072609633358,1,1,1,1.0
maratoto,1,1,0.07189072609633358,1,1,1,1.0
waino,1,1,0.07189072609633358,1,1,1,1.0
tairawhiti,1,1,0.07189072609633358,1,1,1,1.0
miwa,1,1,0.07189072609633358,1,1,1,1.0
hiroi,1,1,0.07189072609633358,1,1,1,1.0
kawamori,1,1,0.07189072609633358,1,1,1,1.0
timea,1,1,0.07189072609633358,1,1,1,1.0
rowa,1,1,0.07189072609633358,1,1,1,1.0
awhite,1,1,0.07189072609633358,1,1,1,1.0
taranakipouakaikaitake,1,1,0.07189072609633358,1,1,1,1.0
wane,1,1,0.07189072609633358,1,1,1,1.0
ariane,1,1,0.07189072609633358,1,1,1,1.0
peakarea,1,1,0.07189072609633358,1,1,1,1.0
humeri,1,1,0.07189072609633358,1,1,1,1.0
rima,1,1,0.07189072609633358,1,1,1,1.0
kaikokopu,1,1,0.07189072609633358,1,1,1,1.0
timona,1,1,0.07189072609633358,1,1,1,1.0
imanaka,1,1,0.07189072609633358,1,1,1,1.0
aira,1,1,0.07189072609633358,1,1,1,1.0
kamatou,1,1,0.07189072609633358,1,1,1,1.0
anoko,1,1,0.07189072609633358,1,1,1,1.0
keita,1,1,0.07189072609633358,1,1,1,1.0
okato,1,1,0.07189072609633358,1,1,1,1.0
waimate,1,1,0.07189072609633358,1,1,1,1.0
toko,1,1,0.07189072609633358,1,1,1,1.0
kapuni,1,1,0.07189072609633358,1,1,1,1.0
rahotu,1,1,0.07189072609633358,1,1,1,1.0
tima,1,1,0.07189072609633358,1,1,1,1.0
mamore,1,1,0.07189072609633358,1,1,1,1.0
umuarama,1,1,0.07189072609633358,1,1,1,1.0
pouakapouakai,1,1,0.07189072609633358,1,1,1,1.0
puniho,1,1,0.07189072609633358,1,1,1,1.0
oroturehu,1,1,0.07189072609633358,1,1,1,1.0
tarana,1,1,0.07189072609633358,1,1,1,1.0
ahukawakawa,1,1,0.07189072609633358,1,1,1,1.0
waiweranuiturehu,1,1,0.07189072609633358,1,1,1,1.0
kapoaiaia,1,1,0.07189072609633358,1,1,1,1.0
makatawa,1,1,0.07189072609633358,1,1,1,1.0
popo,1,1,0.07189072609633358,1,1,1,1.0
turehu,1,1,0.07189072609633358,1,1,1,1.0
waiweranui,1,1,0.07189072609633358,1,1,1,1.0
mangahume,1,1,0.07189072609633358,1,1,1,1.0
monerie,1,1,0.07189072609633358,1,1,1,1.0
nonewere,1,1,0.07189072609633358,1,1,1,1.0
eminaire,1,1,0.07189072609633358,1,1,1,1.0
nimi,1,1,0.07189072609633358,1,1,1,1.0
mungai,1,1,0.07189072609633358,1,1,1,1.0
tepunahamatatini,1,1,0.07189072609633358,1,1,1,1.0
nitio,1,1,0.07189072609633358,1,1,1,1.0
temuka,1,1,0.07189072609633358,1,1,1,1.0
aranami,1,1,0.07189072609633358,1,1,1,1.0
napiiia,1,1,0.07189072609633358,1,1,1,1.0
urakawa,1,1,0.07189072609633358,1,1,1,1.0
tomoe,1,1,0.07189072609633358,1,1,1,1.0
kakitani,1,1,0.07189072609633358,1,1,1,1.0
āngere,1,1,0.07189072609633358,1,1,1,1.0
otahuhu,1,1,0.07189072609633358,1,1,1,1.0
tokoroa,1,1,0.07189072609633358,1,1,1,1.0
takurenga,1,1,0.07189072609633358,1,1,1,1.0
ikitarawera,1,1,0.07189072609633358,1,1,1,1.0
tutaekuri,1,1,0.07189072609633358,1,1,1,1.0
tupua,1,1,0.07189072609633358,1,1,1,1.0
aniwhenua,1,1,0.07189072609633358,1,1,1,1.0
matauranga,1,1,0.07189072609633358,1,1,1,1.0
otakiri,1,1,0.07189072609633358,1,1,1,1.0
tihiotonga,1,1,0.07189072609633358,1,1,1,1.0
ngongotaha,1,1,0.07189072609633358,1,1,1,1.0
minginui,1,1,0.07189072609633358,1,1,1,1.0
whakarewarewa,1,1,0.07189072609633358,1,1,1,1.0
owhata,1,1,0.07189072609633358,1,1,1,1.0
mangakakahi,1,1,0.07189072609633358,1,1,1,1.0
waihou,1,1,0.07189072609633358,1,1,1,1.0
awakeri,1,1,0.07189072609633358,1,1,1,1.0
ohomai,1,1,0.07189072609633358,1,1,1,1.0
ohakuri,1,1,0.07189072609633358,1,1,1,1.0
matahina,1,1,0.07189072609633358,1,1,1,1.0
piako,1,1,0.07189072609633358,1,1,1,1.0
aiki,1,1,0.07189072609633358,1,1,1,1.0
murupara,1,1,0.07189072609633358,1,1,1,1.0
rotokawa,1,1,0.07189072609633358,1,1,1,1.0
tāngata,1,1,0.07189072609633358,1,1,1,1.0
ohope,1,1,0.07189072609633358,1,1,1,1.0
kaharo,1,1,0.07189072609633358,1,1,1,1.0
tukituki,1,1,0.07189072609633358,1,1,1,1.0
rangiwananga,1,1,0.07189072609633358,1,1,1,1.0
erua,1,1,0.07189072609633358,1,1,1,1.0
mikania,1,1,0.07189072609633358,1,1,1,1.0
taiti,1,1,0.07189072609633358,1,1,1,1.0
araniti,1,1,0.07189072609633358,1,1,1,1.0
kuopio,1,1,0.07189072609633358,1,1,1,1.0
karu,1,1,0.07189072609633358,1,1,1,1.0
aniwa,1,1,0.07189072609633358,1,1,1,1.0
ruawahia,1,1,0.07189072609633358,1,1,1,1.0
kikai,1,1,0.07189072609633358,1,1,1,1.0
hukui,1,1,0.07189072609633358,1,1,1,1.0
mangaone,1,1,0.07189072609633358,1,1,1,1.0
puketerata,1,1,0.07189072609633358,1,1,1,1.0
whaka,1,1,0.07189072609633358,1,1,1,1.0
hakuri,1,1,0.07189072609633358,1,1,1,1.0
ngatamariki,1,1,0.07189072609633358,1,1,1,1.0
huka,1,1,0.07189072609633358,1,1,1,1.0
paeroa,1,1,0.07189072609633358,1,1,1,1.0
rotoaira,1,1,0.07189072609633358,1,1,1,1.0
maroa,1,1,0.07189072609633358,1,1,1,1.0
kapenga,1,1,0.07189072609633358,1,1,1,1.0
waimihia,1,1,0.07189072609633358,1,1,1,1.0
waiotapu,1,1,0.07189072609633358,1,1,1,1.0
mapara,1,1,0.07189072609633358,1,1,1,1.0
poronui,1,1,0.07189072609633358,1,1,1,1.0
karapiti,1,1,0.07189072609633358,1,1,1,1.0
maraini,1,1,0.07189072609633358,1,1,1,1.0
hourani,1,1,0.07189072609633358,1,1,1,1.0
ratea,1,1,0.07189072609633358,1,1,1,1.0
munita,1,1,0.07189072609633358,1,1,1,1.0
komori,1,1,0.07189072609633358,1,1,1,1.0
reitano,1,1,0.07189072609633358,1,1,1,1.0
whaakari,1,1,0.07189072609633358,1,1,1,1.0
rūaumoko,1,1,0.07189072609633358,1,1,1,1.0
mohite,1,1,0.07189072609633358,1,1,1,1.0
ūaumoko,1,1,0.07189072609633358,1,1,1,1.0
hiema,1,1,0.07189072609633358,1,1,1,1.0
aumoko,1,1,0.07189072609633358,1,1,1,1.0
nonomura,1,1,0.07189072609633358,1,1,1,1.0
oaro,1,1,0.07189072609633358,1,1,1,1.0
kamai,1,1,0.07189072609633358,1,1,1,1.0
mangamate,1,1,0.07189072609633358,1,1,1,1.0
riro,1,1,0.07189072609633358,1,1,1,1.0
onetapu,1,1,0.07189072609633358,1,1,1,1.0
rangipo,1,1,0.07189072609633358,1,1,1,1.0
wahianoa,1,1,0.07189072609633358,1,1,1,1.0
ruapehutongariro,1,1,0.07189072609633358,1,1,1,1.0
ruapehumore,1,1,0.07189072609633358,1,1,1,1.0
karioi,1,1,0.07189072609633358,1,1,1,1.0
raurimu,1,1,0.07189072609633358,1,1,1,1.0
urie,1,1,0.07189072609633358,1,1,1,1.0
minato,1,1,0.07189072609633358,1,1,1,1.0
ngarino,1,1,0.07189072609633358,1,1,1,1.0
taranakiruapehu,1,1,0.07189072609633358,1,1,1,1.0
kora,1,1,0.07189072609633358,1,1,1,1.0
pungarehu,1,1,0.07189072609633358,1,1,1,1.0
kapunia,1,1,0.07189072609633358,1,1,1,1.0
namu,1,1,0.07189072609633358,1,1,1,1.0
oanui,1,1,0.07189072609633358,1,1,1,1.0
onaero,1,1,0.07189072609633358,1,1,1,1.0
panitahi,1,1,0.07189072609633358,1,1,1,1.0
maitahi,1,1,0.07189072609633358,1,1,1,1.0
otakeo,1,1,0.07189072609633358,1,1,1,1.0
motunui,1,1,0.07189072609633358,1,1,1,1.0
tokaora,1,1,0.07189072609633358,1,1,1,1.0
otakeho,1,1,0.07189072609633358,1,1,1,1.0
mangatoki,1,1,0.07189072609633358,1,1,1,1.0
titanite,1,1,0.07189072609633358,1,1,1,1.0
mangati,1,1,0.07189072609633358,1,1,1,1.0
waitepuka,1,1,0.07189072609633358,1,1,1,1.0
manganuima,1,1,0.07189072609633358,1,1,1,1.0
onae,1,1,0.07189072609633358,1,1,1,1.0
koro,1,1,0.07189072609633358,1,1,1,1.0
ihaia,1,1,0.07189072609633358,1,1,1,1.0
taranakiwanganui,1,1,0.07189072609633358,1,1,1,1.0
murie,1,1,0.07189072609633358,1,1,1,1.0
nongame,1,1,0.07189072609633358,1,1,1,1.0
āmoe,1,1,0.07189072609633358,1,1,1,1.0
okaro,1,1,0.07189072609633358,1,1,1,1.0
ngaurahoe,1,1,0.07189072609633358,1,1,1,1.0
ūhua,1,1,0.07189072609633358,1,1,1,1.0
tūhua,1,1,0.07189072609633358,1,1,1,1.0
ūtauaki,1,1,0.07189072609633358,1,1,1,1.0
pūtauaki,1,1,0.07189072609633358,1,1,1,1.0
mounga,1,1,0.07189072609633358,1,1,1,1.0
maunga,1,1,0.07189072609633358,1,1,1,1.0
mingari,1,1,0.07189072609633358,1,1,1,1.0
weira,1,1,0.07189072609633358,1,1,1,1.0
pahu,1,1,0.07189072609633358,1,1,1,1.0
engoitia,1,1,0.07189072609633358,1,1,1,1.0
mimu,1,1,0.07189072609633358,1,1,1,1.0
neuho,1,1,0.07189072609633358,1,1,1,1.0
wiimote,1,1,0.07189072609633358,1,1,1,1.0
wairakeitauhara,1,1,0.07189072609633358,1,1,1,1.0
whangamata,1,1,0.07189072609633358,1,1,1,1.0
rinawati,1,1,0.07189072609633358,1,1,1,1.0
kaiapo,1,1,0.07189072609633358,1,1,1,1.0
motutaiko,1,1,0.07189072609633358,1,1,1,1.0
tokaanu,1,1,0.07189072609633358,1,1,1,1.0
anoma,1,1,0.07189072609633358,1,1,1,1.0
horomatangi,1,1,0.07189072609633358,1,1,1,1.0
hoata,1,1,0.07189072609633358,1,1,1,1.0
pupu,1,1,0.07189072609633358,1,1,1,1.0
nikitina,1,1,0.07189072609633358,1,1,1,1.0
ouaha,1,1,0.07189072609633358,1,1,1,1.0
inami,1,1,0.07189072609633358,1,1,1,1.0
morenoroa,1,1,0.07189072609633358,1,1,1,1.0
ioto,1,1,0.07189072609633358,1,1,1,1.0
hoei,1,1,0.07189072609633358,1,1,1,1.0
putaputaweta,1,1,0.07189072609633358,1,1,1,1.0
tāwere,1,1,0.07189072609633358,1,1,1,1.0
ponga,1,1,0.07189072609633358,1,1,1,1.0
tenera,1,1,0.07189072609633358,1,1,1,1.0
manawatuwhanganui,1,1,0.07189072609633358,1,1,1,1.0
ētāwe,1,1,0.07189072609633358,1,1,1,1.0
ētāare,1,1,0.07189072609633358,1,1,1,1.0
tāare,1,1,0.07189072609633358,1,1,1,1.0
ētāwere,1,1,0.07189072609633358,1,1,1,1.0
ētāto,1,1,0.07189072609633358,1,1,1,1.0
korapuki,1,1,0.07189072609633358,1,1,1,1.0
tāwe,1,1,0.07189072609633358,1,1,1,1.0
ramo,1,1,0.07189072609633358,1,1,1,1.0
tongahunga,1,1,0.07189072609633358,1,1,1,1.0
areone,1,1,0.07189072609633358,1,1,1,1.0
torapanui,1,1,0.07189072609633358,1,1,1,1.0
akahata,1,1,0.07189072609633358,1,1,1,1.0
merina,1,1,0.07189072609633358,1,1,1,1.0
panua,1,1,0.07189072609633358,1,1,1,1.0
inaoka,1,1,0.07189072609633358,1,1,1,1.0
tomutate,1,1,0.07189072609633358,1,1,1,1.0
hikata,1,1,0.07189072609633358,1,1,1,1.0
maewo,1,1,0.07189072609633358,1,1,1,1.0
angui,1,1,0.07189072609633358,1,1,1,1.0
pemonge,1,1,0.07189072609633358,1,1,1,1.0
papiha,1,1,0.07189072609633358,1,1,1,1.0
marota,1,1,0.07189072609633358,1,1,1,1.0
hatina,1,1,0.07189072609633358,1,1,1,1.0
koata,1,1,0.07189072609633358,1,1,1,1.0
takaiwa,1,1,0.07189072609633358,1,1,1,1.0
oono,1,1,0.07189072609633358,1,1,1,1.0
kawata,1,1,0.07189072609633358,1,1,1,1.0
awere,1,1,0.07189072609633358,1,1,1,1.0
rerio,1,1,0.07189072609633358,1,1,1,1.0
pongo,1,1,0.07189072609633358,1,1,1,1.0
minge,1,1,0.07189072609633358,1,1,1,1.0
iiaa,1,1,0.07189072609633358,1,1,1,1.0
repeata,1,1,0.07189072609633358,1,1,1,1.0
aoteroa,1,1,0.07189072609633358,1,1,1,1.0
nawata,1,1,0.07189072609633358,1,1,1,1.0
tahara,1,1,0.07189072609633358,1,1,1,1.0
whakapepeha,1,1,0.07189072609633358,1,1,1,1.0
temaori,1,1,0.07189072609633358,1,1,1,1.0
apaua,1,1,0.07189072609633358,1,1,1,1.0
kanahe,1,1,0.07189072609633358,1,1,1,1.0
tipuna,1,1,0.07189072609633358,1,1,1,1.0
ataria,1,1,0.07189072609633358,1,1,1,1.0
hiroa,1,1,0.07189072609633358,1,1,1,1.0
tahanui,1,1,0.07189072609633358,1,1,1,1.0
whanganuiorotu,1,1,0.07189072609633358,1,1,1,1.0
epeha,1,1,0.07189072609633358,1,1,1,1.0
ikawai,1,1,0.07189072609633358,1,1,1,1.0
tuamoto,1,1,0.07189072609633358,1,1,1,1.0
wehia,1,1,0.07189072609633358,1,1,1,1.0
huahine,1,1,0.07189072609633358,1,1,1,1.0
whakaahuareka,1,1,0.07189072609633358,1,1,1,1.0
tarakii,1,1,0.07189072609633358,1,1,1,1.0
apaka,1,1,0.07189072609633358,1,1,1,1.0
kirikiri,1,1,0.07189072609633358,1,1,1,1.0
niho,1,1,0.07189072609633358,1,1,1,1.0
tohora,1,1,0.07189072609633358,1,1,1,1.0
tutunui,1,1,0.07189072609633358,1,1,1,1.0
kiekie,1,1,0.07189072609633358,1,1,1,1.0
ango,1,1,0.07189072609633358,1,1,1,1.0
aronui,1,1,0.07189072609633358,1,1,1,1.0
kehe,1,1,0.07189072609633358,1,1,1,1.0
kohere,1,1,0.07189072609633358,1,1,1,1.0
toka,1,1,0.07189072609633358,1,1,1,1.0
purakau,1,1,0.07189072609633358,1,1,1,1.0
uoaa,1,1,0.07189072609633358,1,1,1,1.0
whakairiwhare,1,1,0.07189072609633358,1,1,1,1.0
kuna,1,1,0.07189072609633358,1,1,1,1.0
hangarau,1,1,0.07189072609633358,1,1,1,1.0
uooa,1,1,0.07189072609633358,1,1,1,1.0
paikea,1,1,0.07189072609633358,1,1,1,1.0
opuku,1,1,0.07189072609633358,1,1,1,1.0
tuatua,1,1,0.07189072609633358,1,1,1,1.0
wihongi,1,1,0.07189072609633358,1,1,1,1.0
kauae,1,1,0.07189072609633358,1,1,1,1.0
ipuna,1,1,0.07189072609633358,1,1,1,1.0
kahukura,1,1,0.07189072609633358,1,1,1,1.0
kaihua,1,1,0.07189072609633358,1,1,1,1.0
amure,1,1,0.07189072609633358,1,1,1,1.0
paue,1,1,0.07189072609633358,1,1,1,1.0
atiki,1,1,0.07189072609633358,1,1,1,1.0
konae,1,1,0.07189072609633358,1,1,1,1.0
pupurea,1,1,0.07189072609633358,1,1,1,1.0
mangone,1,1,0.07189072609633358,1,1,1,1.0
waru,1,1,0.07189072609633358,1,1,1,1.0
mite,1,1,0.07189072609633358,1,1,1,1.0
ruriko,1,1,0.07189072609633358,1,1,1,1.0
taharoa,1,1,0.07189072609633358,1,1,1,1.0
taii,1,1,0.07189072609633358,1,1,1,1.0
ipomoeeae,1,1,0.07189072609633358,1,1,1,1.0
poaee,1,1,0.07189072609633358,1,1,1,1.0
toenamine,1,1,0.07189072609633358,1,1,1,1.0
hoooo,1,1,0.07189072609633358,1,1,1,1.0
meto,1,1,0.07189072609633358,1,1,1,1.0
wewiku,1,1,0.07189072609633358,1,1,1,1.0
itinerario,1,1,0.07189072609633358,1,1,1,1.0
atoni,1,1,0.07189072609633358,1,1,1,1.0
ringo,1,1,0.07189072609633358,1,1,1,1.0
rumina,1,1,0.07189072609633358,1,1,1,1.0
mainana,1,1,0.07189072609633358,1,1,1,1.0
tohe,1,1,0.07189072609633358,1,1,1,1.0
homoperamine,1,1,0.07189072609633358,1,1,1,1.0
akano,1,1,0.07189072609633358,1,1,1,1.0
etoe,1,1,0.07189072609633358,1,1,1,1.0
kookana,1,1,0.07189072609633358,1,1,1,1.0
witu,1,1,0.07189072609633358,1,1,1,1.0
eurotio,1,1,0.07189072609633358,1,1,1,1.0
nerate,1,1,0.07189072609633358,1,1,1,1.0
omura,1,1,0.07189072609633358,1,1,1,1.0
tona,1,1,0.07189072609633358,1,1,1,1.0
peni,1,1,0.07189072609633358,1,1,1,1.0
earinine,1,1,0.07189072609633358,1,1,1,1.0
tuare,1,1,0.07189072609633358,1,1,1,1.0
temoro,1,1,0.07189072609633358,1,1,1,1.0
makira,1,1,0.07189072609633358,1,1,1,1.0
hepa,1,1,0.07189072609633358,1,1,1,1.0
nakanai,1,1,0.07189072609633358,1,1,1,1.0
tongatapu,1,1,0.07189072609633358,1,1,1,1.0
onetakahe,1,1,0.07189072609633358,1,1,1,1.0
aamino,1,1,0.07189072609633358,1,1,1,1.0
tiritirimatangi,1,1,0.07189072609633358,1,1,1,1.0
putaiao,1,1,0.07189072609633358,1,1,1,1.0
niinomi,1,1,0.07189072609633358,1,1,1,1.0
aretoo,1,1,0.07189072609633358,1,1,1,1.0
tohari,1,1,0.07189072609633358,1,1,1,1.0
paranome,1,1,0.07189072609633358,1,1,1,1.0
hiri,1,1,0.07189072609633358,1,1,1,1.0
rakawi,1,1,0.07189072609633358,1,1,1,1.0
horai,1,1,0.07189072609633358,1,1,1,1.0
tuuau,1,1,0.07189072609633358,1,1,1,1.0
mima,1,1,0.07189072609633358,1,1,1,1.0
meani,1,1,0.07189072609633358,1,1,1,1.0
mangano,1,1,0.07189072609633358,1,1,1,1.0
kawame,1,1,0.07189072609633358,1,1,1,1.0
komura,1,1,0.07189072609633358,1,1,1,1.0
kurotaki,1,1,0.07189072609633358,1,1,1,1.0
oaiari,1,1,0.07189072609633358,1,1,1,1.0
uetake,1,1,0.07189072609633358,1,1,1,1.0
houtenae,1,1,0.07189072609633358,1,1,1,1.0
puree,1,1,0.07189072609633358,1,1,1,1.0
earea,1,1,0.07189072609633358,1,1,1,1.0
oneroa,1,1,0.07189072609633358,1,1,1,1.0
anine,1,1,0.07189072609633358,1,1,1,1.0
aure,1,1,0.07189072609633358,1,1,1,1.0
arakere,1,1,0.07189072609633358,1,1,1,1.0
anima,1,1,0.07189072609633358,1,1,1,1.0
wiewi,1,1,0.07189072609633358,1,1,1,1.0
amori,1,1,0.07189072609633358,1,1,1,1.0
parini,1,1,0.07189072609633358,1,1,1,1.0
ataa,1,1,0.07189072609633358,1,1,1,1.0
haparapara,1,1,0.07189072609633358,1,1,1,1.0
matapouri,1,1,0.07189072609633358,1,1,1,1.0
aata,1,1,0.07189072609633358,1,1,1,1.0
renga,1,1,0.07189072609633358,1,1,1,1.0
taaa,1,1,0.07189072609633358,1,1,1,1.0
arunotai,1,1,0.07189072609633358,1,1,1,1.0
paeni,1,1,0.07189072609633358,1,1,1,1.0
anuatu,1,1,0.07189072609633358,1,1,1,1.0
temotu,1,1,0.07189072609633358,1,1,1,1.0
koita,1,1,0.07189072609633358,1,1,1,1.0
eanie,1,1,0.07189072609633358,1,1,1,1.0
kami,1,1,0.07189072609633358,1,1,1,1.0
unione,1,1,0.07189072609633358,1,1,1,1.0
kiko,1,1,0.07189072609633358,1,1,1,1.0
erueti,1,1,0.07189072609633358,1,1,1,1.0
aiwo,1,1,0.07189072609633358,1,1,1,1.0
aiwoo,1,1,0.07189072609633358,1,1,1,1.0
neou,1,1,0.07189072609633358,1,1,1,1.0
kaika,1,1,0.07189072609633358,1,1,1,1.0
tīpuna,1,1,0.07189072609633358,1,1,1,1.0
tauiwi,1,1,0.07189072609633358,1,1,1,1.0
pākeha,1,1,0.07189072609633358,1,1,1,1.0
monoamine,1,1,0.07189072609633358,1,1,1,1.0
tairāwhiti,1,1,0.07189072609633358,1,1,1,1.0
urate,1,1,0.07189072609633358,1,1,1,1.0
manawa,1,1,0.07189072609633358,1,1,1,1.0
ātāte,1,1,0.07189072609633358,1,1,1,1.0
ākāriki,1,1,0.07189072609633358,1,1,1,1.0
ipuhue,1,1,0.07189072609633358,1,1,1,1.0
wherowhero,1,1,0.07189072609633358,1,1,1,1.0
āmoa,1,1,0.07189072609633358,1,1,1,1.0
tengaro,1,1,0.07189072609633358,1,1,1,1.0
taona,1,1,0.07189072609633358,1,1,1,1.0
kakapokakariki,1,1,0.07189072609633358,1,1,1,1.0
puku,1,1,0.07189072609633358,1,1,1,1.0
ngaro,1,1,0.07189072609633358,1,1,1,1.0
ūātoki,1,1,0.07189072609633358,1,1,1,1.0
awakanoi,1,1,0.07189072609633358,1,1,1,1.0
ikaherengutu,1,1,0.07189072609633358,1,1,1,1.0
ākai,1,1,0.07189072609633358,1,1,1,1.0
āpēpe,1,1,0.07189072609633358,1,1,1,1.0
hiringa,1,1,0.07189072609633358,1,1,1,1.0
temara,1,1,0.07189072609633358,1,1,1,1.0
pūmanawa,1,1,0.07189072609633358,1,1,1,1.0
heihei,1,1,0.07189072609633358,1,1,1,1.0
koromiko,1,1,0.07189072609633358,1,1,1,1.0
ītongatonga,1,1,0.07189072609633358,1,1,1,1.0
wahie,1,1,0.07189072609633358,1,1,1,1.0
hunai,1,1,0.07189072609633358,1,1,1,1.0
karere,1,1,0.07189072609633358,1,1,1,1.0
takuu,1,1,0.07189072609633358,1,1,1,1.0
paeata,1,1,0.07189072609633358,1,1,1,1.0
nukumanu,1,1,0.07189072609633358,1,1,1,1.0
ōtihitihi,1,1,0.07189072609633358,1,1,1,1.0
whata,1,1,0.07189072609633358,1,1,1,1.0
āngaia,1,1,0.07189072609633358,1,1,1,1.0
ārama,1,1,0.07189072609633358,1,1,1,1.0
āpūrākau,1,1,0.07189072609633358,1,1,1,1.0
ringaringa,1,1,0.07189072609633358,1,1,1,1.0
ekīana,1,1,0.07189072609633358,1,1,1,1.0
nanua,1,1,0.07189072609633358,1,1,1,1.0
manumanu,1,1,0.07189072609633358,1,1,1,1.0
whakatakoto,1,1,0.07189072609633358,1,1,1,1.0
tāmure,1,1,0.07189072609633358,1,1,1,1.0
ngātuātara,1,1,0.07189072609633358,1,1,1,1.0
hūāngatanga,1,1,0.07189072609633358,1,1,1,1.0
wakanui,1,1,0.07189072609633358,1,1,1,1.0
ōkopu,1,1,0.07189072609633358,1,1,1,1.0
tāhuhu,1,1,0.07189072609633358,1,1,1,1.0
whakahirahira,1,1,0.07189072609633358,1,1,1,1.0
huarahi,1,1,0.07189072609633358,1,1,1,1.0
nehera,1,1,0.07189072609633358,1,1,1,1.0
rarī,1,1,0.07189072609633358,1,1,1,1.0
kōrero,1,1,0.07189072609633358,1,1,1,1.0
paewai,1,1,0.07189072609633358,1,1,1,1.0
tirotiro,1,1,0.07189072609633358,1,1,1,1.0
aitia,1,1,0.07189072609633358,1,1,1,1.0
kaikini,1,1,0.07189072609633358,1,1,1,1.0
āpea,1,1,0.07189072609633358,1,1,1,1.0
ahurea,1,1,0.07189072609633358,1,1,1,1.0
tuhia,1,1,0.07189072609633358,1,1,1,1.0
tipa,1,1,0.07189072609633358,1,1,1,1.0
rangaranga,1,1,0.07189072609633358,1,1,1,1.0
ramatanga,1,1,0.07189072609633358,1,1,1,1.0
reira,1,1,0.07189072609633358,1,1,1,1.0
tītiko,1,1,0.07189072609633358,1,1,1,1.0
kākahi,1,1,0.07189072609633358,1,1,1,1.0
retiarii,1,1,0.07189072609633358,1,1,1,1.0
pakau,1,1,0.07189072609633358,1,1,1,1.0
moko,1,1,0.07189072609633358,1,1,1,1.0
kohinga,1,1,0.07189072609633358,1,1,1,1.0
ūtāmure,1,1,0.07189072609633358,1,1,1,1.0
matamua,1,1,0.07189072609633358,1,1,1,1.0
ēake,1,1,0.07189072609633358,1,1,1,1.0
hītuna,1,1,0.07189072609633358,1,1,1,1.0
whakaoho,1,1,0.07189072609633358,1,1,1,1.0
raparapa,1,1,0.07189072609633358,1,1,1,1.0
emōhiotia,1,1,0.07189072609633358,1,1,1,1.0
kiore,1,1,0.07189072609633358,1,1,1,1.0
takataka,1,1,0.07189072609633358,1,1,1,1.0
ikapuhapuha,1,1,0.07189072609633358,1,1,1,1.0
takoto,1,1,0.07189072609633358,1,1,1,1.0
āwhanonga,1,1,0.07189072609633358,1,1,1,1.0
ōrero,1,1,0.07189072609633358,1,1,1,1.0
kekeno,1,1,0.07189072609633358,1,1,1,1.0
tāwhai,1,1,0.07189072609633358,1,1,1,1.0
tamaruarangi,1,1,0.07189072609633358,1,1,1,1.0
kōkota,1,1,0.07189072609633358,1,1,1,1.0
tōhīnaki,1,1,0.07189072609633358,1,1,1,1.0
haku,1,1,0.07189072609633358,1,1,1,1.0
mārearea,1,1,0.07189072609633358,1,1,1,1.0
wawarua,1,1,0.07189072609633358,1,1,1,1.0
rawa,1,1,0.07189072609633358,1,1,1,1.0
ārāhe,1,1,0.07189072609633358,1,1,1,1.0
ōngātūpuna,1,1,0.07189072609633358,1,1,1,1.0
āwhakatupuranga,1,1,0.07189072609633358,1,1,1,1.0
ūranga,1,1,0.07189072609633358,1,1,1,1.0
mure,1,1,0.07189072609633358,1,1,1,1.0
ūrākau,1,1,0.07189072609633358,1,1,1,1.0
āringikuihi,1,1,0.07189072609633358,1,1,1,1.0
āahurea,1,1,0.07189072609633358,1,1,1,1.0
wawe,1,1,0.07189072609633358,1,1,1,1.0
ahau,1,1,0.07189072609633358,1,1,1,1.0
waituhi,1,1,0.07189072609633358,1,1,1,1.0
āiwi,1,1,0.07189072609633358,1,1,1,1.0
ūmai,1,1,0.07189072609633358,1,1,1,1.0
ākehā,1,1,0.07189072609633358,1,1,1,1.0
āpāpori,1,1,0.07189072609633358,1,1,1,1.0
āwhakapapa,1,1,0.07189072609633358,1,1,1,1.0
hāpuku,1,1,0.07189072609633358,1,1,1,1.0
whakatauā,1,1,0.07189072609633358,1,1,1,1.0
whiro,1,1,0.07189072609633358,1,1,1,1.0
ōmuri,1,1,0.07189072609633358,1,1,1,1.0
pihama,1,1,0.07189072609633358,1,1,1,1.0
ātaiao,1,1,0.07189072609633358,1,1,1,1.0
īmai,1,1,0.07189072609633358,1,1,1,1.0
unahi,1,1,0.07189072609633358,1,1,1,1.0
turoa,1,1,0.07189072609633358,1,1,1,1.0
whakaatu,1,1,0.07189072609633358,1,1,1,1.0
āwhina,1,1,0.07189072609633358,1,1,1,1.0
kōrinorino,1,1,0.07189072609633358,1,1,1,1.0
āpēpeha,1,1,0.07189072609633358,1,1,1,1.0
īhei,1,1,0.07189072609633358,1,1,1,1.0
ūmatarau,1,1,0.07189072609633358,1,1,1,1.0
pāpaka,1,1,0.07189072609633358,1,1,1,1.0
ākōrero,1,1,0.07189072609633358,1,1,1,1.0
kōkopu,1,1,0.07189072609633358,1,1,1,1.0
araara,1,1,0.07189072609633358,1,1,1,1.0
kaheko,1,1,0.07189072609633358,1,1,1,1.0
ōhiohio,1,1,0.07189072609633358,1,1,1,1.0
ōētahi,1,1,0.07189072609633358,1,1,1,1.0
maimoa,1,1,0.07189072609633358,1,1,1,1.0
āwaitai,1,1,0.07189072609633358,1,1,1,1.0
ātāpono,1,1,0.07189072609633358,1,1,1,1.0
whakangotea,1,1,0.07189072609633358,1,1,1,1.0
taupaenui,1,1,0.07189072609633358,1,1,1,1.0
āhononga,1,1,0.07189072609633358,1,1,1,1.0
whakahao,1,1,0.07189072609633358,1,1,1,1.0
ātāhauariki,1,1,0.07189072609633358,1,1,1,1.0
pātiki,1,1,0.07189072609633358,1,1,1,1.0
ākahi,1,1,0.07189072609633358,1,1,1,1.0
whakatauki,1,1,0.07189072609633358,1,1,1,1.0
kātaha,1,1,0.07189072609633358,1,1,1,1.0
waaka,1,1,0.07189072609633358,1,1,1,1.0
āpōpōki,1,1,0.07189072609633358,1,1,1,1.0
whakarea,1,1,0.07189072609633358,1,1,1,1.0
pakari,1,1,0.07189072609633358,1,1,1,1.0
pakake,1,1,0.07189072609633358,1,1,1,1.0
āhangarau,1,1,0.07189072609633358,1,1,1,1.0
āpopoto,1,1,0.07189072609633358,1,1,1,1.0
whaonga,1,1,0.07189072609633358,1,1,1,1.0
whaangaa,1,1,0.07189072609633358,1,1,1,1.0
kurua,1,1,0.07189072609633358,1,1,1,1.0
ātaunahanahatanga,1,1,0.07189072609633358,1,1,1,1.0
horo,1,1,0.07189072609633358,1,1,1,1.0
hirahira,1,1,0.07189072609633358,1,1,1,1.0
tutu,1,1,0.07189072609633358,1,1,1,1.0
piharau,1,1,0.07189072609633358,1,1,1,1.0
pāua,1,1,0.07189072609633358,1,1,1,1.0
ōururoa,1,1,0.07189072609633358,1,1,1,1.0
horopaki,1,1,0.07189072609633358,1,1,1,1.0
tūtāmure,1,1,0.07189072609633358,1,1,1,1.0
hauoranga,1,1,0.07189072609633358,1,1,1,1.0
tīpakohia,1,1,0.07189072609633358,1,1,1,1.0
ōhio,1,1,0.07189072609633358,1,1,1,1.0
āmātou,1,1,0.07189072609633358,1,1,1,1.0
āpanui,1,1,0.07189072609633358,1,1,1,1.0
ītaua,1,1,0.07189072609633358,1,1,1,1.0
anamata,1,1,0.07189072609633358,1,1,1,1.0
whakairoiro,1,1,0.07189072609633358,1,1,1,1.0
ērākāhore,1,1,0.07189072609633358,1,1,1,1.0
ikaare,1,1,0.07189072609633358,1,1,1,1.0
epāana,1,1,0.07189072609633358,1,1,1,1.0
āāhua,1,1,0.07189072609633358,1,1,1,1.0
ārai,1,1,0.07189072609633358,1,1,1,1.0
pepeha,1,1,0.07189072609633358,1,1,1,1.0
tawatawa,1,1,0.07189072609633358,1,1,1,1.0
tāeo,1,1,0.07189072609633358,1,1,1,1.0
korokoro,1,1,0.07189072609633358,1,1,1,1.0
āmahara,1,1,0.07189072609633358,1,1,1,1.0
whakamahinga,1,1,0.07189072609633358,1,1,1,1.0
maroro,1,1,0.07189072609633358,1,1,1,1.0
ihupuku,1,1,0.07189072609633358,1,1,1,1.0
manuirirangi,1,1,0.07189072609633358,1,1,1,1.0
āpuku,1,1,0.07189072609633358,1,1,1,1.0
āpānga,1,1,0.07189072609633358,1,1,1,1.0
tinokupu,1,1,0.07189072609633358,1,1,1,1.0
tamariki,1,1,0.07189072609633358,1,1,1,1.0
hanga,1,1,0.07189072609633358,1,1,1,1.0
rero,1,1,0.07189072609633358,1,1,1,1.0
pipitaiari,1,1,0.07189072609633358,1,1,1,1.0
huruhuru,1,1,0.07189072609633358,1,1,1,1.0
ōhonu,1,1,0.07189072609633358,1,1,1,1.0
waenganui,1,1,0.07189072609633358,1,1,1,1.0
ānga,1,1,0.07189072609633358,1,1,1,1.0
ātāika,1,1,0.07189072609633358,1,1,1,1.0
taenga,1,1,0.07189072609633358,1,1,1,1.0
ātuhinga,1,1,0.07189072609633358,1,1,1,1.0
takahurihanga,1,1,0.07189072609633358,1,1,1,1.0
ātūpuna,1,1,0.07189072609633358,1,1,1,1.0
āapanui,1,1,0.07189072609633358,1,1,1,1.0
huinga,1,1,0.07189072609633358,1,1,1,1.0
tokākahi,1,1,0.07189072609633358,1,1,1,1.0
oomo,1,1,0.07189072609633358,1,1,1,1.0
wainaina,1,1,0.07189072609633358,1,1,1,1.0
rakoto,1,1,0.07189072609633358,1,1,1,1.0
mukuru,1,1,0.07189072609633358,1,1,1,1.0
mitani,1,1,0.07189072609633358,1,1,1,1.0
oipa,1,1,0.07189072609633358,1,1,1,1.0
neona,1,1,0.07189072609633358,1,1,1,1.0
uroi,1,1,0.07189072609633358,1,1,1,1.0
apeki,1,1,0.07189072609633358,1,1,1,1.0
omai,1,1,0.07189072609633358,1,1,1,1.0
paape,1,1,0.07189072609633358,1,1,1,1.0
akama,1,1,0.07189072609633358,1,1,1,1.0
mononu,1,1,0.07189072609633358,1,1,1,1.0
neonate,1,1,0.07189072609633358,1,1,1,1.0
aroutine,1,1,0.07189072609633358,1,1,1,1.0
irea,1,1,0.07189072609633358,1,1,1,1.0
paihamu,1,1,0.07189072609633358,1,1,1,1.0
enaire,1,1,0.07189072609633358,1,1,1,1.0
utero,1,1,0.07189072609633358,1,1,1,1.0
kengo,1,1,0.07189072609633358,1,1,1,1.0
kuwano,1,1,0.07189072609633358,1,1,1,1.0
noriko,1,1,0.07189072609633358,1,1,1,1.0
timo,1,1,0.07189072609633358,1,1,1,1.0
atima,1,1,0.07189072609633358,1,1,1,1.0
anaero,1,1,0.07189072609633358,1,1,1,1.0
raineri,1,1,0.07189072609633358,1,1,1,1.0
arerare,1,1,0.07189072609633358,1,1,1,1.0
notime,1,1,0.07189072609633358,1,1,1,1.0
kiaa,1,1,0.07189072609633358,1,1,1,1.0
naamati,1,1,0.07189072609633358,1,1,1,1.0
werepuri,1,1,0.07189072609633358,1,1,1,1.0
tanokura,1,1,0.07189072609633358,1,1,1,1.0
mateu,1,1,0.07189072609633358,1,1,1,1.0
inei,1,1,0.07189072609633358,1,1,1,1.0
ārauru,1,1,0.07189072609633358,1,1,1,1.0
towhau,1,1,0.07189072609633358,1,1,1,1.0
patuharakeke,1,1,0.07189072609633358,1,1,1,1.0
whauama,1,1,0.07189072609633358,1,1,1,1.0
houama,1,1,0.07189072609633358,1,1,1,1.0
kawhia,1,1,0.07189072609633358,1,1,1,1.0
kopi,1,1,0.07189072609633358,1,1,1,1.0
āpuhi,1,1,0.07189072609633358,1,1,1,1.0
ōkihi,1,1,0.07189072609633358,1,1,1,1.0
kahuroa,1,1,0.07189072609633358,1,1,1,1.0
hauama,1,1,0.07189072609633358,1,1,1,1.0
areawhere,1,1,0.07189072609633358,1,1,1,1.0
ōauau,1,1,0.07189072609633358,1,1,1,1.0
tiakina,1,1,0.07189072609633358,1,1,1,1.0
rarawa,1,1,0.07189072609633358,1,1,1,1.0
moanaroa,1,1,0.07189072609633358,1,1,1,1.0
kaitaia,1,1,0.07189072609633358,1,1,1,1.0
otuo,1,1,0.07189072609633358,1,1,1,1.0
oowo,1,1,0.07189072609633358,1,1,1,1.0
itui,1,1,0.07189072609633358,1,1,1,1.0
parani,1,1,0.07189072609633358,1,1,1,1.0
waorani,1,1,0.07189072609633358,1,1,1,1.0
aurati,1,1,0.07189072609633358,1,1,1,1.0
ureo,1,1,0.07189072609633358,1,1,1,1.0
ramana,1,1,0.07189072609633358,1,1,1,1.0
nauta,1,1,0.07189072609633358,1,1,1,1.0
enokimoto,1,1,0.07189072609633358,1,1,1,1.0
nataro,1,1,0.07189072609633358,1,1,1,1.0
omore,1,1,0.07189072609633358,1,1,1,1.0
okarito,1,1,0.07189072609633358,1,1,1,1.0
rute,1,1,0.07189072609633358,1,1,1,1.0
upupa,1,1,0.07189072609633358,1,1,1,1.0
hoopoe,1,1,0.07189072609633358,1,1,1,1.0
puretone,1,1,0.07189072609633358,1,1,1,1.0
muraria,1,1,0.07189072609633358,1,1,1,1.0
waiorohi,1,1,0.07189072609633358,1,1,1,1.0
orongorongo,1,1,0.07189072609633358,1,1,1,1.0
karapiro,1,1,0.07189072609633358,1,1,1,1.0
waingawa,1,1,0.07189072609633358,1,1,1,1.0
enumera,1,1,0.07189072609633358,1,1,1,1.0
tautau,1,1,0.07189072609633358,1,1,1,1.0
towo,1,1,0.07189072609633358,1,1,1,1.0
woeae,1,1,0.07189072609633358,1,1,1,1.0
onei,1,1,0.07189072609633358,1,1,1,1.0
ooeae,1,1,0.07189072609633358,1,1,1,1.0
maniania,1,1,0.07189072609633358,1,1,1,1.0
kipukae,1,1,0.07189072609633358,1,1,1,1.0
whakamātaki,1,1,0.07189072609633358,1,1,1,1.0
kōwaro,1,1,0.07189072609633358,1,1,1,1.0
tira,1,1,0.07189072609633358,1,1,1,1.0
kakī,1,1,0.07189072609633358,1,1,1,1.0
maranao,1,1,0.07189072609633358,1,1,1,1.0
ruiu,1,1,0.07189072609633358,1,1,1,1.0
anani,1,1,0.07189072609633358,1,1,1,1.0
tīpore,1,1,0.07189072609633358,1,1,1,1.0
neima,1,1,0.07189072609633358,1,1,1,1.0
uwhi,1,1,0.07189072609633358,1,1,1,1.0
pānakenake,1,1,0.07189072609633358,1,1,1,1.0
kūmara,1,1,0.07189072609633358,1,1,1,1.0
aute,1,1,0.07189072609633358,1,1,1,1.0
hemani,1,1,0.07189072609633358,1,1,1,1.0
iwahana,1,1,0.07189072609633358,1,1,1,1.0
onanguema,1,1,0.07189072609633358,1,1,1,1.0
neamati,1,1,0.07189072609633358,1,1,1,1.0
mamani,1,1,0.07189072609633358,1,1,1,1.0
moniri,1,1,0.07189072609633358,1,1,1,1.0
romao,1,1,0.07189072609633358,1,1,1,1.0
minakawa,1,1,0.07189072609633358,1,1,1,1.0
heroni,1,1,0.07189072609633358,1,1,1,1.0
peiii,1,1,0.07189072609633358,1,1,1,1.0
mutati,1,1,0.07189072609633358,1,1,1,1.0
kirui,1,1,0.07189072609633358,1,1,1,1.0
imani,1,1,0.07189072609633358,1,1,1,1.0
moona,1,1,0.07189072609633358,1,1,1,1.0
momutu,1,1,0.07189072609633358,1,1,1,1.0
tukino,1,1,0.07189072609633358,1,1,1,1.0
tūtae,1,1,0.07189072609633358,1,1,1,1.0
iamiami,1,1,0.07189072609633358,1,1,1,1.0
ratioa,1,1,0.07189072609633358,1,1,1,1.0
ramiro,1,1,0.07189072609633358,1,1,1,1.0
peake,1,1,0.07189072609633358,1,1,1,1.0
irino,1,1,0.07189072609633358,1,1,1,1.0
makumi,1,1,0.07189072609633358,1,1,1,1.0
kariuki,1,1,0.07189072609633358,1,1,1,1.0
kapatai,1,1,0.07189072609633358,1,1,1,1.0
whangaiterenga,1,1,0.07189072609633358,1,1,1,1.0
ooro,1,1,0.07189072609633358,1,1,1,1.0
tamaru,1,1,0.07189072609633358,1,1,1,1.0
urano,1,1,0.07189072609633358,1,1,1,1.0
nera,1,1,0.07189072609633358,1,1,1,1.0
ongo,1,1,0.07189072609633358,1,1,1,1.0
hiiti,1,1,0.07189072609633358,1,1,1,1.0
kumaratunga,1,1,0.07189072609633358,1,1,1,1.0
omeome,1,1,0.07189072609633358,1,1,1,1.0
whenu,1,1,0.07189072609633358,1,1,1,1.0
eaao,1,1,0.07189072609633358,1,1,1,1.0
takamure,1,1,0.07189072609633358,1,1,1,1.0
etuu,1,1,0.07189072609633358,1,1,1,1.0
nowo,1,1,0.07189072609633358,1,1,1,1.0
omere,1,1,0.07189072609633358,1,1,1,1.0
moiapu,1,1,0.07189072609633358,1,1,1,1.0
piipari,1,1,0.07189072609633358,1,1,1,1.0
heini,1,1,0.07189072609633358,1,1,1,1.0
aoteoroa,1,1,0.07189072609633358,1,1,1,1.0
wuki,1,1,0.07189072609633358,1,1,1,1.0
muhire,1,1,0.07189072609633358,1,1,1,1.0
ikura,1,1,0.07189072609633358,1,1,1,1.0
rātā,1,1,0.07189072609633358,1,1,1,1.0
takahē,1,1,0.07189072609633358,1,1,1,1.0
ponia,1,1,0.07189072609633358,1,1,1,1.0
pirikahu,1,1,0.07189072609633358,1,1,1,1.0
nirengi,1,1,0.07189072609633358,1,1,1,1.0
rumore,1,1,0.07189072609633358,1,1,1,1.0
hoene,1,1,0.07189072609633358,1,1,1,1.0
aita,1,1,0.07189072609633358,1,1,1,1.0
kime,1,1,0.07189072609633358,1,1,1,1.0
hatano,1,1,0.07189072609633358,1,1,1,1.0
hepe,1,1,0.07189072609633358,1,1,1,1.0
peroni,1,1,0.07189072609633358,1,1,1,1.0
anami,1,1,0.07189072609633358,1,1,1,1.0
hamamura,1,1,0.07189072609633358,1,1,1,1.0
amarae,1,1,0.07189072609633358,1,1,1,1.0
peketi,1,1,0.07189072609633358,1,1,1,1.0
haemato,1,1,0.07189072609633358,1,1,1,1.0
paturi,1,1,0.07189072609633358,1,1,1,1.0
mehari,1,1,0.07189072609633358,1,1,1,1.0
wahawa,1,1,0.07189072609633358,1,1,1,1.0
haruta,1,1,0.07189072609633358,1,1,1,1.0
apua,1,1,0.07189072609633358,1,1,1,1.0
taniwaki,1,1,0.07189072609633358,1,1,1,1.0
riia,1,1,0.07189072609633358,1,1,1,1.0
papu,1,1,0.07189072609633358,1,1,1,1.0
meini,1,1,0.07189072609633358,1,1,1,1.0
pomerania,1,1,0.07189072609633358,1,1,1,1.0
nameko,1,1,0.07189072609633358,1,1,1,1.0
terai,1,1,0.07189072609633358,1,1,1,1.0
orotate,1,1,0.07189072609633358,1,1,1,1.0
tomii,1,1,0.07189072609633358,1,1,1,1.0
murano,1,1,0.07189072609633358,1,1,1,1.0
reue,1,1,0.07189072609633358,1,1,1,1.0
huwe,1,1,0.07189072609633358,1,1,1,1.0
hauturuotoi,1,1,0.07189072609633358,1,1,1,1.0
waipounamu,1,1,0.07189072609633358,1,1,1,1.0
kuke,1,1,0.07189072609633358,1,1,1,1.0
kakahu,1,1,0.07189072609633358,1,1,1,1.0
morehu,1,1,0.07189072609633358,1,1,1,1.0
kākahuotamatea,1,1,0.07189072609633358,1,1,1,1.0
tamate,1,1,0.07189072609633358,1,1,1,1.0
reae,1,1,0.07189072609633358,1,1,1,1.0
akirikiri,1,1,0.07189072609633358,1,1,1,1.0
ūkeko,1,1,0.07189072609633358,1,1,1,1.0
auru,1,1,0.07189072609633358,1,1,1,1.0
ūkaha,1,1,0.07189072609633358,1,1,1,1.0
pūkaha,1,1,0.07189072609633358,1,1,1,1.0
eketahuna,1,1,0.07189072609633358,1,1,1,1.0
kehua,1,1,0.07189072609633358,1,1,1,1.0
paunoiu,1,1,0.07189072609633358,1,1,1,1.0
akaho,1,1,0.07189072609633358,1,1,1,1.0
kamo,1,1,0.07189072609633358,1,1,1,1.0
takei,1,1,0.07189072609633358,1,1,1,1.0
ihara,1,1,0.07189072609633358,1,1,1,1.0
kawahata,1,1,0.07189072609633358,1,1,1,1.0
aminopurine,1,1,0.07189072609633358,1,1,1,1.0
umea,1,1,0.07189072609633358,1,1,1,1.0
mangoni,1,1,0.07189072609633358,1,1,1,1.0
otina,1,1,0.07189072609633358,1,1,1,1.0
homopurine,1,1,0.07189072609633358,1,1,1,1.0
morihiro,1,1,0.07189072609633358,1,1,1,1.0
takahi,1,1,0.07189072609633358,1,1,1,1.0
koumoto,1,1,0.07189072609633358,1,1,1,1.0
omeu,1,1,0.07189072609633358,1,1,1,1.0
karimata,1,1,0.07189072609633358,1,1,1,1.0
otake,1,1,0.07189072609633358,1,1,1,1.0
mikuma,1,1,0.07189072609633358,1,1,1,1.0
uorene,1,1,0.07189072609633358,1,1,1,1.0
imahori,1,1,0.07189072609633358,1,1,1,1.0
hirao,1,1,0.07189072609633358,1,1,1,1.0
ruini,1,1,0.07189072609633358,1,1,1,1.0
inori,1,1,0.07189072609633358,1,1,1,1.0
maniwa,1,1,0.07189072609633358,1,1,1,1.0
haematite,1,1,0.07189072609633358,1,1,1,1.0
meteora,1,1,0.07189072609633358,1,1,1,1.0
titania,1,1,0.07189072609633358,1,1,1,1.0
riou,1,1,0.07189072609633358,1,1,1,1.0
tera,1,1,0.07189072609633358,1,1,1,1.0
pinato,1,1,0.07189072609633358,1,1,1,1.0
mingo,1,1,0.07189072609633358,1,1,1,1.0
kikukawa,1,1,0.07189072609633358,1,1,1,1.0
rure,1,1,0.07189072609633358,1,1,1,1.0
peko,1,1,0.07189072609633358,1,1,1,1.0
okahata,1,1,0.07189072609633358,1,1,1,1.0
atina,1,1,0.07189072609633358,1,1,1,1.0
amitani,1,1,0.07189072609633358,1,1,1,1.0
keena,1,1,0.07189072609633358,1,1,1,1.0
nonguanine,1,1,0.07189072609633358,1,1,1,1.0
kumaki,1,1,0.07189072609633358,1,1,1,1.0
humangenome,1,1,0.07189072609633358,1,1,1,1.0
otani,1,1,0.07189072609633358,1,1,1,1.0
imai,1,1,0.07189072609633358,1,1,1,1.0
moietie,1,1,0.07189072609633358,1,1,1,1.0
tinamonome,1,1,0.07189072609633358,1,1,1,1.0
moieti,1,1,0.07189072609633358,1,1,1,1.0
nanai,1,1,0.07189072609633358,1,1,1,1.0
totina,1,1,0.07189072609633358,1,1,1,1.0
inguanine,1,1,0.07189072609633358,1,1,1,1.0
aimaii,1,1,0.07189072609633358,1,1,1,1.0
maketo,1,1,0.07189072609633358,1,1,1,1.0
teke,1,1,0.07189072609633358,1,1,1,1.0
akihiro,1,1,0.07189072609633358,1,1,1,1.0
terui,1,1,0.07189072609633358,1,1,1,1.0
takamura,1,1,0.07189072609633358,1,1,1,1.0
heati,1,1,0.07189072609633358,1,1,1,1.0
pitate,1,1,0.07189072609633358,1,1,1,1.0
keepi,1,1,0.07189072609633358,1,1,1,1.0
hoho,1,1,0.07189072609633358,1,1,1,1.0
hauke,1,1,0.07189072609633358,1,1,1,1.0
pumera,1,1,0.07189072609633358,1,1,1,1.0
horene,1,1,0.07189072609633358,1,1,1,1.0
arerenewa,1,1,0.07189072609633358,1,1,1,1.0
aporou,1,1,0.07189072609633358,1,1,1,1.0
orou,1,1,0.07189072609633358,1,1,1,1.0
inea,1,1,0.07189072609633358,1,1,1,1.0
ireme,1,1,0.07189072609633358,1,1,1,1.0
erati,1,1,0.07189072609633358,1,1,1,1.0
pioneere,1,1,0.07189072609633358,1,1,1,1.0
taneou,1,1,0.07189072609633358,1,1,1,1.0
herate,1,1,0.07189072609633358,1,1,1,1.0
remoteto,1,1,0.07189072609633358,1,1,1,1.0
kotake,1,1,0.07189072609633358,1,1,1,1.0
oopo,1,1,0.07189072609633358,1,1,1,1.0
naemura,1,1,0.07189072609633358,1,1,1,1.0
wako,1,1,0.07189072609633358,1,1,1,1.0
iwakuma,1,1,0.07189072609633358,1,1,1,1.0
iwaki,1,1,0.07189072609633358,1,1,1,1.0
rumiana,1,1,0.07189072609633358,1,1,1,1.0
eamino,1,1,0.07189072609633358,1,1,1,1.0
aome,1,1,0.07189072609633358,1,1,1,1.0
nomina,1,1,0.07189072609633358,1,1,1,1.0
monio,1,1,0.07189072609633358,1,1,1,1.0
mahima,1,1,0.07189072609633358,1,1,1,1.0
morarua,1,1,0.07189072609633358,1,1,1,1.0
matei,1,1,0.07189072609633358,1,1,1,1.0
raiteri,1,1,0.07189072609633358,1,1,1,1.0
akamine,1,1,0.07189072609633358,1,1,1,1.0
reineke,1,1,0.07189072609633358,1,1,1,1.0
kaino,1,1,0.07189072609633358,1,1,1,1.0
keto,1,1,0.07189072609633358,1,1,1,1.0
aketo,1,1,0.07189072609633358,1,1,1,1.0
horino,1,1,0.07189072609633358,1,1,1,1.0
murai,1,1,0.07189072609633358,1,1,1,1.0
remee,1,1,0.07189072609633358,1,1,1,1.0
ingenomi,1,1,0.07189072609633358,1,1,1,1.0
honate,1,1,0.07189072609633358,1,1,1,1.0
neuma,1,1,0.07189072609633358,1,1,1,1.0
ahangari,1,1,0.07189072609633358,1,1,1,1.0
tokuriki,1,1,0.07189072609633358,1,1,1,1.0
mati,1,1,0.07189072609633358,1,1,1,1.0
kawano,1,1,0.07189072609633358,1,1,1,1.0
hironaka,1,1,0.07189072609633358,1,1,1,1.0
iwano,1,1,0.07189072609633358,1,1,1,1.0
takatori,1,1,0.07189072609633358,1,1,1,1.0
tono,1,1,0.07189072609633358,1,1,1,1.0
takata,1,1,0.07189072609633358,1,1,1,1.0
minamia,1,1,0.07189072609633358,1,1,1,1.0
kamata,1,1,0.07189072609633358,1,1,1,1.0
euta,1,1,0.07189072609633358,1,1,1,1.0
eueu,1,1,0.07189072609633358,1,1,1,1.0
kenarangui,1,1,0.07189072609633358,1,1,1,1.0
noritake,1,1,0.07189072609633358,1,1,1,1.0
kurokami,1,1,0.07189072609633358,1,1,1,1.0
takaoku,1,1,0.07189072609633358,1,1,1,1.0
ioka,1,1,0.07189072609633358,1,1,1,1.0
watari,1,1,0.07189072609633358,1,1,1,1.0
tapio,1,1,0.07189072609633358,1,1,1,1.0
nihei,1,1,0.07189072609633358,1,1,1,1.0
pana,1,1,0.07189072609633358,1,1,1,1.0
ringa,1,1,0.07189072609633358,1,1,1,1.0
aromati,1,1,0.07189072609633358,1,1,1,1.0
ationa,1,1,0.07189072609633358,1,1,1,1.0
takahama,1,1,0.07189072609633358,1,1,1,1.0
narita,1,1,0.07189072609633358,1,1,1,1.0
toamore,1,1,0.07189072609633358,1,1,1,1.0
inarange,1,1,0.07189072609633358,1,1,1,1.0
hamamori,1,1,0.07189072609633358,1,1,1,1.0
monia,1,1,0.07189072609633358,1,1,1,1.0
emore,1,1,0.07189072609633358,1,1,1,1.0
weerapana,1,1,0.07189072609633358,1,1,1,1.0
awei,1,1,0.07189072609633358,1,1,1,1.0
uwhere,1,1,0.07189072609633358,1,1,1,1.0
orone,1,1,0.07189072609633358,1,1,1,1.0
naturae,1,1,0.07189072609633358,1,1,1,1.0
ikeno,1,1,0.07189072609633358,1,1,1,1.0
kotani,1,1,0.07189072609633358,1,1,1,1.0
kamimura,1,1,0.07189072609633358,1,1,1,1.0
akari,1,1,0.07189072609633358,1,1,1,1.0
makena,1,1,0.07189072609633358,1,1,1,1.0
apoa,1,1,0.07189072609633358,1,1,1,1.0
kome,1,1,0.07189072609633358,1,1,1,1.0
areti,1,1,0.07189072609633358,1,1,1,1.0
horeta,1,1,0.07189072609633358,1,1,1,1.0
manatuahumatua,1,1,0.07189072609633358,1,1,1,1.0
rotato,1,1,0.07189072609633358,1,1,1,1.0
taruna,1,1,0.07189072609633358,1,1,1,1.0
hatanaka,1,1,0.07189072609633358,1,1,1,1.0
paria,1,1,0.07189072609633358,1,1,1,1.0
anikita,1,1,0.07189072609633358,1,1,1,1.0
aewei,1,1,0.07189072609633358,1,1,1,1.0
rotoru,1,1,0.07189072609633358,1,1,1,1.0
tuori,1,1,0.07189072609633358,1,1,1,1.0
mahuku,1,1,0.07189072609633358,1,1,1,1.0
mairei,1,1,0.07189072609633358,1,1,1,1.0
kimiko,1,1,0.07189072609633358,1,1,1,1.0
oneminute,1,1,0.07189072609633358,1,1,1,1.0
porina,1,1,0.07189072609633358,1,1,1,1.0
tomature,1,1,0.07189072609633358,1,1,1,1.0
pinu,1,1,0.07189072609633358,1,1,1,1.0
roke,1,1,0.07189072609633358,1,1,1,1.0
takao,1,1,0.07189072609633358,1,1,1,1.0
amaike,1,1,0.07189072609633358,1,1,1,1.0
amare,1,1,0.07189072609633358,1,1,1,1.0
apimo,1,1,0.07189072609633358,1,1,1,1.0
weake,1,1,0.07189072609633358,1,1,1,1.0
tunupopo,1,1,0.07189072609633358,1,1,1,1.0
waitākere,1,1,0.07189072609633358,1,1,1,1.0
tokuoka,1,1,0.07189072609633358,1,1,1,1.0
pomati,1,1,0.07189072609633358,1,1,1,1.0
maekawa,1,1,0.07189072609633358,1,1,1,1.0
kitamoto,1,1,0.07189072609633358,1,1,1,1.0
koti,1,1,0.07189072609633358,1,1,1,1.0
mune,1,1,0.07189072609633358,1,1,1,1.0
ruawai,1,1,0.07189072609633358,1,1,1,1.0
whenuanui,1,1,0.07189072609633358,1,1,1,1.0
raetea,1,1,0.07189072609633358,1,1,1,1.0
amiana,1,1,0.07189072609633358,1,1,1,1.0
arapahoe,1,1,0.07189072609633358,1,1,1,1.0
atahi,1,1,0.07189072609633358,1,1,1,1.0
mahuta,1,1,0.07189072609633358,1,1,1,1.0
akere,1,1,0.07189072609633358,1,1,1,1.0
kawerauamaki,1,1,0.07189072609633358,1,1,1,1.0
ngakuru,1,1,0.07189072609633358,1,1,1,1.0
manaakiwhenua,1,1,0.07189072609633358,1,1,1,1.0
mingimingi,1,1,0.07189072609633358,1,1,1,1.0
tiriwa,1,1,0.07189072609633358,1,1,1,1.0
pairama,1,1,0.07189072609633358,1,1,1,1.0
kawerua,1,1,0.07189072609633358,1,1,1,1.0
puno,1,1,0.07189072609633358,1,1,1,1.0
ahui,1,1,0.07189072609633358,1,1,1,1.0
ikauri,1,1,0.07189072609633358,1,1,1,1.0
tekawerau,1,1,0.07189072609633358,1,1,1,1.0
wakawhenua,1,1,0.07189072609633358,1,1,1,1.0
tanekaha,1,1,0.07189072609633358,1,1,1,1.0
tawa,1,1,0.07189072609633358,1,1,1,1.0
tarairi,1,1,0.07189072609633358,1,1,1,1.0
notomi,1,1,0.07189072609633358,1,1,1,1.0
titokorangi,1,1,0.07189072609633358,1,1,1,1.0
moriwaki,1,1,0.07189072609633358,1,1,1,1.0
okumoto,1,1,0.07189072609633358,1,1,1,1.0
eraa,1,1,0.07189072609633358,1,1,1,1.0
hanania,1,1,0.07189072609633358,1,1,1,1.0
ruhe,1,1,0.07189072609633358,1,1,1,1.0
raho,1,1,0.07189072609633358,1,1,1,1.0
nineamino,1,1,0.07189072609633358,1,1,1,1.0
taketa,1,1,0.07189072609633358,1,1,1,1.0
taahau,1,1,0.07189072609633358,1,1,1,1.0
hereto,1,1,0.07189072609633358,1,1,1,1.0
topota,1,1,0.07189072609633358,1,1,1,1.0
initiationgene,1,1,0.07189072609633358,1,1,1,1.0
urae,1,1,0.07189072609633358,1,1,1,1.0
honore,1,1,0.07189072609633358,1,1,1,1.0
unimi,1,1,0.07189072609633358,1,1,1,1.0
terakami,1,1,0.07189072609633358,1,1,1,1.0
rotokura,1,1,0.07189072609633358,1,1,1,1.0
puhoi,1,1,0.07189072609633358,1,1,1,1.0
waiwera,1,1,0.07189072609633358,1,1,1,1.0
kaukapakapa,1,1,0.07189072609633358,1,1,1,1.0
waitakaruru,1,1,0.07189072609633358,1,1,1,1.0
tawairoa,1,1,0.07189072609633358,1,1,1,1.0
whangape,1,1,0.07189072609633358,1,1,1,1.0
kumimoto,1,1,0.07189072609633358,1,1,1,1.0
uwatoko,1,1,0.07189072609633358,1,1,1,1.0
hinate,1,1,0.07189072609633358,1,1,1,1.0
peti,1,1,0.07189072609633358,1,1,1,1.0
matu,1,1,0.07189072609633358,1,1,1,1.0
anawhata,1,1,0.07189072609633358,1,1,1,1.0
pararaha,1,1,0.07189072609633358,1,1,1,1.0
kaweka,1,1,0.07189072609633358,1,1,1,1.0
ngarupupu,1,1,0.07189072609633358,1,1,1,1.0
waikokopu,1,1,0.07189072609633358,1,1,1,1.0
paraninihi,1,1,0.07189072609633358,1,1,1,1.0
uahine,1,1,0.07189072609633358,1,1,1,1.0
ohutu,1,1,0.07189072609633358,1,1,1,1.0
pohutukawa,1,1,0.07189072609633358,1,1,1,1.0
puriri,1,1,0.07189072609633358,1,1,1,1.0
ohiwa,1,1,0.07189072609633358,1,1,1,1.0
teramoto,1,1,0.07189072609633358,1,1,1,1.0
komamine,1,1,0.07189072609633358,1,1,1,1.0
euramoo,1,1,0.07189072609633358,1,1,1,1.0
matamata,1,1,0.07189072609633358,1,1,1,1.0
maungaharuru,1,1,0.07189072609633358,1,1,1,1.0
kakanui,1,1,0.07189072609633358,1,1,1,1.0
taranga,1,1,0.07189072609633358,1,1,1,1.0
patutu,1,1,0.07189072609633358,1,1,1,1.0
rakeakua,1,1,0.07189072609633358,1,1,1,1.0
mahinepua,1,1,0.07189072609633358,1,1,1,1.0
makarewa,1,1,0.07189072609633358,1,1,1,1.0
ōkārito,1,1,0.07189072609633358,1,1,1,1.0
otapiri,1,1,0.07189072609633358,1,1,1,1.0
turakirae,1,1,0.07189072609633358,1,1,1,1.0
oporua,1,1,0.07189072609633358,1,1,1,1.0
maungaraho,1,1,0.07189072609633358,1,1,1,1.0
totaratitokimatai,1,1,0.07189072609633358,1,1,1,1.0
mataroa,1,1,0.07189072609633358,1,1,1,1.0
pounui,1,1,0.07189072609633358,1,1,1,1.0
kahikatea,1,1,0.07189072609633358,1,1,1,1.0
karetiana,1,1,0.07189072609633358,1,1,1,1.0
ahipara,1,1,0.07189072609633358,1,1,1,1.0
wainono,1,1,0.07189072609633358,1,1,1,1.0
opuapaihia,1,1,0.07189072609633358,1,1,1,1.0
okia,1,1,0.07189072609633358,1,1,1,1.0
ātipu,1,1,0.07189072609633358,1,1,1,1.0
maruia,1,1,0.07189072609633358,1,1,1,1.0
marata,1,1,0.07189072609633358,1,1,1,1.0
puketeraki,1,1,0.07189072609633358,1,1,1,1.0
waipori,1,1,0.07189072609633358,1,1,1,1.0
piripai,1,1,0.07189072609633358,1,1,1,1.0
motutere,1,1,0.07189072609633358,1,1,1,1.0
otatara,1,1,0.07189072609633358,1,1,1,1.0
haumi,1,1,0.07189072609633358,1,1,1,1.0
kaumingi,1,1,0.07189072609633358,1,1,1,1.0
pahaoa,1,1,0.07189072609633358,1,1,1,1.0
kopia,1,1,0.07189072609633358,1,1,1,1.0
tupeia,1,1,0.07189072609633358,1,1,1,1.0
motuariki,1,1,0.07189072609633358,1,1,1,1.0
hokianga,1,1,0.07189072609633358,1,1,1,1.0
mangahuia,1,1,0.07189072609633358,1,1,1,1.0
otanerito,1,1,0.07189072609633358,1,1,1,1.0
toumatou,1,1,0.07189072609633358,1,1,1,1.0
waikura,1,1,0.07189072609633358,1,1,1,1.0
mutue,1,1,0.07189072609633358,1,1,1,1.0
enero,1,1,0.07189072609633358,1,1,1,1.0
itatiaie,1,1,0.07189072609633358,1,1,1,1.0
rangi,1,1,0.07189072609633358,1,1,1,1.0
maungatau,1,1,0.07189072609633358,1,1,1,1.0
kereru,1,1,0.07189072609633358,1,1,1,1.0
heritiera,1,1,0.07189072609633358,1,1,1,1.0
irikura,1,1,0.07189072609633358,1,1,1,1.0
heritieria,1,1,0.07189072609633358,1,1,1,1.0
hauni,1,1,0.07189072609633358,1,1,1,1.0
namoi,1,1,0.07189072609633358,1,1,1,1.0
enumeratio,1,1,0.07189072609633358,1,1,1,1.0
nanehohe,1,1,0.07189072609633358,1,1,1,1.0
toetoe,1,1,0.07189072609633358,1,1,1,1.0
anehohe,1,1,0.07189072609633358,1,1,1,1.0
owhai,1,1,0.07189072609633358,1,1,1,1.0
tomike,1,1,0.07189072609633358,1,1,1,1.0
punake,1,1,0.07189072609633358,1,1,1,1.0
heike,1,1,0.07189072609633358,1,1,1,1.0
toire,1,1,0.07189072609633358,1,1,1,1.0
aneura,1,1,0.07189072609633358,1,1,1,1.0
papuana,1,1,0.07189072609633358,1,1,1,1.0
aorai,1,1,0.07189072609633358,1,1,1,1.0
papenoo,1,1,0.07189072609633358,1,1,1,1.0
papeete,1,1,0.07189072609633358,1,1,1,1.0
paoroa,1,1,0.07189072609633358,1,1,1,1.0
pautou,1,1,0.07189072609633358,1,1,1,1.0
mangakowhiriwhiri,1,1,0.07189072609633358,1,1,1,1.0
pihea,1,1,0.07189072609633358,1,1,1,1.0
waianae,1,1,0.07189072609633358,1,1,1,1.0
moramanga,1,1,0.07189072609633358,1,1,1,1.0
rapanea,1,1,0.07189072609633358,1,1,1,1.0
kooau,1,1,0.07189072609633358,1,1,1,1.0
tuauru,1,1,0.07189072609633358,1,1,1,1.0
pouteria,1,1,0.07189072609633358,1,1,1,1.0
tohiea,1,1,0.07189072609633358,1,1,1,1.0
waininiua,1,1,0.07189072609633358,1,1,1,1.0
anaorii,1,1,0.07189072609633358,1,1,1,1.0
matiamerino,1,1,0.07189072609633358,1,1,1,1.0
parietarieae,1,1,0.07189072609633358,1,1,1,1.0
topiaria,1,1,0.07189072609633358,1,1,1,1.0
neame,1,1,0.07189072609633358,1,1,1,1.0
autao,1,1,0.07189072609633358,1,1,1,1.0
winao,1,1,0.07189072609633358,1,1,1,1.0
whatawhata,1,1,0.07189072609633358,1,1,1,1.0
kairanga,1,1,0.07189072609633358,1,1,1,1.0
kopu,1,1,0.07189072609633358,1,1,1,1.0
whanahuia,1,1,0.07189072609633358,1,1,1,1.0
matiri,1,1,0.07189072609633358,1,1,1,1.0
omaui,1,1,0.07189072609633358,1,1,1,1.0
teau,1,1,0.07189072609633358,1,1,1,1.0
ratite,1,1,0.07189072609633358,1,1,1,1.0
powo,1,1,0.07189072609633358,1,1,1,1.0
tiwai,1,1,0.07189072609633358,1,1,1,1.0
maungamahoe,1,1,0.07189072609633358,1,1,1,1.0
wharariki,1,1,0.07189072609633358,1,1,1,1.0
whie,1,1,0.07189072609633358,1,1,1,1.0
kotiaho,1,1,0.07189072609633358,1,1,1,1.0
maturo,1,1,0.07189072609633358,1,1,1,1.0
tekotahitanga,1,1,0.07189072609633358,1,1,1,1.0
roei,1,1,0.07189072609633358,1,1,1,1.0
kena,1,1,0.07189072609633358,1,1,1,1.0
iona,1,1,0.07189072609633358,1,1,1,1.0
amoa,1,1,0.07189072609633358,1,1,1,1.0
emerita,1,1,0.07189072609633358,1,1,1,1.0
kiritimati,1,1,0.07189072609633358,1,1,1,1.0
romena,1,1,0.07189072609633358,1,1,1,1.0
miapa,1,1,0.07189072609633358,1,1,1,1.0
matawai,1,1,0.07189072609633358,1,1,1,1.0
amarine,1,1,0.07189072609633358,1,1,1,1.0
heriati,1,1,0.07189072609633358,1,1,1,1.0
mema,1,1,0.07189072609633358,1,1,1,1.0
ātua,1,1,0.07189072609633358,1,1,1,1.0
omerie,1,1,0.07189072609633358,1,1,1,1.0
kawharua,1,1,0.07189072609633358,1,1,1,1.0
taurangakaimai,1,1,0.07189072609633358,1,1,1,1.0
taitimutaipari,1,1,0.07189072609633358,1,1,1,1.0
angata,1,1,0.07189072609633358,1,1,1,1.0
kumu,1,1,0.07189072609633358,1,1,1,1.0
amakimakaurau,1,1,0.07189072609633358,1,1,1,1.0
timutaipari,1,1,0.07189072609633358,1,1,1,1.0
tikapamoana,1,1,0.07189072609633358,1,1,1,1.0
etopo,1,1,0.07189072609633358,1,1,1,1.0
nongene,1,1,0.07189072609633358,1,1,1,1.0
manini,1,1,0.07189072609633358,1,1,1,1.0
inape,1,1,0.07189072609633358,1,1,1,1.0
paengahira,1,1,0.07189072609633358,1,1,1,1.0
hime,1,1,0.07189072609633358,1,1,1,1.0
oreo,1,1,0.07189072609633358,1,1,1,1.0
hapuku,1,1,0.07189072609633358,1,1,1,1.0
arine,1,1,0.07189072609633358,1,1,1,1.0
katona,1,1,0.07189072609633358,1,1,1,1.0
maoria,1,1,0.07189072609633358,1,1,1,1.0
retu,1,1,0.07189072609633358,1,1,1,1.0
topa,1,1,0.07189072609633358,1,1,1,1.0
araneae,1,1,0.07189072609633358,1,1,1,1.0
mooi,1,1,0.07189072609633358,1,1,1,1.0
tinge,1,1,0.07189072609633358,1,1,1,1.0
aupōuri,1,1,0.07189072609633358,1,1,1,1.0
hioki,1,1,0.07189072609633358,1,1,1,1.0
enene,1,1,0.07189072609633358,1,1,1,1.0
meana,1,1,0.07189072609633358,1,1,1,1.0
naipote,1,1,0.07189072609633358,1,1,1,1.0
mimoto,1,1,0.07189072609633358,1,1,1,1.0
manoeu,1,1,0.07189072609633358,1,1,1,1.0
otaa,1,1,0.07189072609633358,1,1,1,1.0
pupate,1,1,0.07189072609633358,1,1,1,1.0
puparia,1,1,0.07189072609633358,1,1,1,1.0
morine,1,1,0.07189072609633358,1,1,1,1.0
kokanee,1,1,0.07189072609633358,1,1,1,1.0
pupae,1,1,0.07189072609633358,1,1,1,1.0
kanani,1,1,0.07189072609633358,1,1,1,1.0
kania,1,1,0.07189072609633358,1,1,1,1.0
maho,1,1,0.07189072609633358,1,1,1,1.0
hongo,1,1,0.07189072609633358,1,1,1,1.0
ponge,1,1,0.07189072609633358,1,1,1,1.0
nomurai,1,1,0.07189072609633358,1,1,1,1.0
anuario,1,1,0.07189072609633358,1,1,1,1.0
miniata,1,1,0.07189072609633358,1,1,1,1.0
aurita,1,1,0.07189072609633358,1,1,1,1.0
mairii,1,1,0.07189072609633358,1,1,1,1.0
remi,1,1,0.07189072609633358,1,1,1,1.0
eira,1,1,0.07189072609633358,1,1,1,1.0
mineta,1,1,0.07189072609633358,1,1,1,1.0
maarou,1,1,0.07189072609633358,1,1,1,1.0
heaa,1,1,0.07189072609633358,1,1,1,1.0
paire,1,1,0.07189072609633358,1,1,1,1.0
kainge,1,1,0.07189072609633358,1,1,1,1.0
itou,1,1,0.07189072609633358,1,1,1,1.0
romeroharo,1,1,0.07189072609633358,1,1,1,1.0
ropero,1,1,0.07189072609633358,1,1,1,1.0
hamata,1,1,0.07189072609633358,1,1,1,1.0
kinukawa,1,1,0.07189072609633358,1,1,1,1.0
ianora,1,1,0.07189072609633358,1,1,1,1.0
rangia,1,1,0.07189072609633358,1,1,1,1.0
kemena,1,1,0.07189072609633358,1,1,1,1.0
neretina,1,1,0.07189072609633358,1,1,1,1.0
kaneohe,1,1,0.07189072609633358,1,1,1,1.0
nerite,1,1,0.07189072609633358,1,1,1,1.0
kamira,1,1,0.07189072609633358,1,1,1,1.0
ingone,1,1,0.07189072609633358,1,1,1,1.0
mānoa,1,1,0.07189072609633358,1,1,1,1.0
nemeta,1,1,0.07189072609633358,1,1,1,1.0
neare,1,1,0.07189072609633358,1,1,1,1.0
kina,1,1,0.07189072609633358,1,1,1,1.0
rangitāhu,1,1,0.07189072609633358,1,1,1,1.0
rina,1,1,0.07189072609633358,1,1,1,1.0
waitematā,1,1,0.07189072609633358,1,1,1,1.0
maritina,1,1,0.07189072609633358,1,1,1,1.0
arara,1,1,0.07189072609633358,1,1,1,1.0
māui,1,1,0.07189072609633358,1,1,1,1.0
unga,1,1,0.07189072609633358,1,1,1,1.0
utea,1,1,0.07189072609633358,1,1,1,1.0
papatongarewa,1,1,0.07189072609633358,1,1,1,1.0
pāroko,1,1,0.07189072609633358,1,1,1,1.0
niemi,1,1,0.07189072609633358,1,1,1,1.0
metapopu,1,1,0.07189072609633358,1,1,1,1.0
maruki,1,1,0.07189072609633358,1,1,1,1.0
morato,1,1,0.07189072609633358,1,1,1,1.0
morueta,1,1,0.07189072609633358,1,1,1,1.0
penone,1,1,0.07189072609633358,1,1,1,1.0
komeno,1,1,0.07189072609633358,1,1,1,1.0
mahimahi,1,1,0.07189072609633358,1,1,1,1.0
wahoo,1,1,0.07189072609633358,1,1,1,1.0
māoriiwi,1,1,0.07189072609633358,1,1,1,1.0
hinea,1,1,0.07189072609633358,1,1,1,1.0
ahara,1,1,0.07189072609633358,1,1,1,1.0
mokohinau,1,1,0.07189072609633358,1,1,1,1.0
eeai,1,1,0.07189072609633358,1,1,1,1.0
manawatāwhi,1,1,0.07189072609633358,1,1,1,1.0
rakahau,1,1,0.07189072609633358,1,1,1,1.0
awhi,1,1,0.07189072609633358,1,1,1,1.0
wehope,1,1,0.07189072609633358,1,1,1,1.0
tātaritanga,1,1,0.07189072609633358,1,1,1,1.0
pūmau,1,1,0.07189072609633358,1,1,1,1.0
whakaahua,1,1,0.07189072609633358,1,1,1,1.0
wahi,1,1,0.07189072609633358,1,1,1,1.0
kerekere,1,1,0.07189072609633358,1,1,1,1.0
haua,1,1,0.07189072609633358,1,1,1,1.0
ramari,1,1,0.07189072609633358,1,1,1,1.0
ōwehenga,1,1,0.07189072609633358,1,1,1,1.0
naki,1,1,0.07189072609633358,1,1,1,1.0
mōhiohio,1,1,0.07189072609633358,1,1,1,1.0
wāhi,1,1,0.07189072609633358,1,1,1,1.0
whetu,1,1,0.07189072609633358,1,1,1,1.0
tekau,1,1,0.07189072609633358,1,1,1,1.0
hiranga,1,1,0.07189072609633358,1,1,1,1.0
tukua,1,1,0.07189072609633358,1,1,1,1.0
whitu,1,1,0.07189072609633358,1,1,1,1.0
kanoirite,1,1,0.07189072609633358,1,1,1,1.0
pūtaiao,1,1,0.07189072609633358,1,1,1,1.0
noho,1,1,0.07189072609633358,1,1,1,1.0
ahopae,1,1,0.07189072609633358,1,1,1,1.0
mahana,1,1,0.07189072609633358,1,1,1,1.0
pūkete,1,1,0.07189072609633358,1,1,1,1.0
tētahi,1,1,0.07189072609633358,1,1,1,1.0
rēkohu,1,1,0.07189072609633358,1,1,1,1.0
whakahōhonu,1,1,0.07189072609633358,1,1,1,1.0
rāua,1,1,0.07189072609633358,1,1,1,1.0
nama,1,1,0.07189072609633358,1,1,1,1.0
tūtuki,1,1,0.07189072609633358,1,1,1,1.0
moananuiakiwa,1,1,0.07189072609633358,1,1,1,1.0
tiaki,1,1,0.07189072609633358,1,1,1,1.0
tuatahi,1,1,0.07189072609633358,1,1,1,1.0
kete,1,1,0.07189072609633358,1,1,1,1.0
hūrae,1,1,0.07189072609633358,1,1,1,1.0
rerekētanga,1,1,0.07189072609633358,1,1,1,1.0
whakahahaki,1,1,0.07189072609633358,1,1,1,1.0
māmā,1,1,0.07189072609633358,1,1,1,1.0
pāea,1,1,0.07189072609633358,1,1,1,1.0
inarā,1,1,0.07189072609633358,1,1,1,1.0
kararehe,1,1,0.07189072609633358,1,1,1,1.0
papatowai,1,1,0.07189072609633358,1,1,1,1.0
kaiwhakairo,1,1,0.07189072609633358,1,1,1,1.0
pātai,1,1,0.07189072609633358,1,1,1,1.0
ritenga,1,1,0.07189072609633358,1,1,1,1.0
raro,1,1,0.07189072609633358,1,1,1,1.0
mokorea,1,1,0.07189072609633358,1,1,1,1.0
raumati,1,1,0.07189072609633358,1,1,1,1.0
whānui,1,1,0.07189072609633358,1,1,1,1.0
āpiti,1,1,0.07189072609633358,1,1,1,1.0
hinemoana,1,1,0.07189072609633358,1,1,1,1.0
riterite,1,1,0.07189072609633358,1,1,1,1.0
whakawhiti,1,1,0.07189072609633358,1,1,1,1.0
whakamānu,1,1,0.07189072609633358,1,1,1,1.0
kōtuku,1,1,0.07189072609633358,1,1,1,1.0
ōrite,1,1,0.07189072609633358,1,1,1,1.0
taurawhi,1,1,0.07189072609633358,1,1,1,1.0
nāna,1,1,0.07189072609633358,1,1,1,1.0
nganguia,1,1,0.07189072609633358,1,1,1,1.0
whanaungatanga,1,1,0.07189072609633358,1,1,1,1.0
tānemahuta,1,1,0.07189072609633358,1,1,1,1.0
momo,1,1,0.07189072609633358,1,1,1,1.0
aarahi,1,1,0.07189072609633358,1,1,1,1.0
tihi,1,1,0.07189072609633358,1,1,1,1.0
waro,1,1,0.07189072609633358,1,1,1,1.0
whakairo,1,1,0.07189072609633358,1,1,1,1.0
hohaia,1,1,0.07189072609633358,1,1,1,1.0
mātou,1,1,0.07189072609633358,1,1,1,1.0
tonu,1,1,0.07189072609633358,1,1,1,1.0
koni,1,1,0.07189072609633358,1,1,1,1.0
tauihuotewaka,1,1,0.07189072609633358,1,1,1,1.0
whaowhia,1,1,0.07189072609633358,1,1,1,1.0
hauota,1,1,0.07189072609633358,1,1,1,1.0
haerenga,1,1,0.07189072609633358,1,1,1,1.0
whakaahuatia,1,1,0.07189072609633358,1,1,1,1.0
aweawe,1,1,0.07189072609633358,1,1,1,1.0
tātou,1,1,0.07189072609633358,1,1,1,1.0
āheinga,1,1,0.07189072609633358,1,1,1,1.0
orua,1,1,0.07189072609633358,1,1,1,1.0
whakarāpopoto,1,1,0.07189072609633358,1,1,1,1.0
rerekē,1,1,0.07189072609633358,1,1,1,1.0
heoi,1,1,0.07189072609633358,1,1,1,1.0
hune,1,1,0.07189072609633358,1,1,1,1.0
whakatere,1,1,0.07189072609633358,1,1,1,1.0
māurumātonga,1,1,0.07189072609633358,1,1,1,1.0
uwha,1,1,0.07189072609633358,1,1,1,1.0
okune,1,1,0.07189072609633358,1,1,1,1.0
tenei,1,1,0.07189072609633358,1,1,1,1.0
akiri,1,1,0.07189072609633358,1,1,1,1.0
aruhomukama,1,1,0.07189072609633358,1,1,1,1.0
aonga,1,1,0.07189072609633358,1,1,1,1.0
enei,1,1,0.07189072609633358,1,1,1,1.0
wingara,1,1,0.07189072609633358,1,1,1,1.0
howea,1,1,0.07189072609633358,1,1,1,1.0
mātuatua,1,1,0.07189072609633358,1,1,1,1.0
peona,1,1,0.07189072609633358,1,1,1,1.0
topereira,1,1,0.07189072609633358,1,1,1,1.0
paupe,1,1,0.07189072609633358,1,1,1,1.0
iina,1,1,0.07189072609633358,1,1,1,1.0
mamatapara,1,1,0.07189072609633358,1,1,1,1.0
itoi,1,1,0.07189072609633358,1,1,1,1.0
itoui,1,1,0.07189072609633358,1,1,1,1.0
morone,1,1,0.07189072609633358,1,1,1,1.0
matatakaro,1,1,0.07189072609633358,1,1,1,1.0
katoi,1,1,0.07189072609633358,1,1,1,1.0
kene,1,1,0.07189072609633358,1,1,1,1.0
pori,1,1,0.07189072609633358,1,1,1,1.0
notata,1,1,0.07189072609633358,1,1,1,1.0
porae,1,1,0.07189072609633358,1,1,1,1.0
hiwihiwi,1,1,0.07189072609633358,1,1,1,1.0
teaika,1,1,0.07189072609633358,1,1,1,1.0
ūtaiao,1,1,0.07189072609633358,1,1,1,1.0
nohonga,1,1,0.07189072609633358,1,1,1,1.0
ākāpo,1,1,0.07189072609633358,1,1,1,1.0
ōhea,1,1,0.07189072609633358,1,1,1,1.0
takirua,1,1,0.07189072609633358,1,1,1,1.0
teao,1,1,0.07189072609633358,1,1,1,1.0
aronga,1,1,0.07189072609633358,1,1,1,1.0
ātanga,1,1,0.07189072609633358,1,1,1,1.0
moewaka,1,1,0.07189072609633358,1,1,1,1.0
rauikamangai,1,1,0.07189072609633358,1,1,1,1.0
āwhi,1,1,0.07189072609633358,1,1,1,1.0
tipenematua,1,1,0.07189072609633358,1,1,1,1.0
āonga,1,1,0.07189072609633358,1,1,1,1.0
ānauaapanui,1,1,0.07189072609633358,1,1,1,1.0
ākāpō,1,1,0.07189072609633358,1,1,1,1.0
whakatutuki,1,1,0.07189072609633358,1,1,1,1.0
pito,1,1,0.07189072609633358,1,1,1,1.0
tepaetawhiti,1,1,0.07189072609633358,1,1,1,1.0
rangatiratanga,1,1,0.07189072609633358,1,1,1,1.0
taane,1,1,0.07189072609633358,1,1,1,1.0
kaitohutohu,1,1,0.07189072609633358,1,1,1,1.0
matua,1,1,0.07189072609633358,1,1,1,1.0
reihana,1,1,0.07189072609633358,1,1,1,1.0
ūahu,1,1,0.07189072609633358,1,1,1,1.0
ūroa,1,1,0.07189072609633358,1,1,1,1.0
piritoka,1,1,0.07189072609633358,1,1,1,1.0
ūtahitanga,1,1,0.07189072609633358,1,1,1,1.0
ūwharetoa,1,1,0.07189072609633358,1,1,1,1.0
kani,1,1,0.07189072609633358,1,1,1,1.0
epaa,1,1,0.07189072609633358,1,1,1,1.0
watene,1,1,0.07189072609633358,1,1,1,1.0
kaihoro,1,1,0.07189072609633358,1,1,1,1.0
ākuku,1,1,0.07189072609633358,1,1,1,1.0
naepi,1,1,0.07189072609633358,1,1,1,1.0
rauika,1,1,0.07189072609633358,1,1,1,1.0
ītaiao,1,1,0.07189072609633358,1,1,1,1.0
īkina,1,1,0.07189072609633358,1,1,1,1.0
āitai,1,1,0.07189072609633358,1,1,1,1.0
orokohanga,1,1,0.07189072609633358,1,1,1,1.0
whitinga,1,1,0.07189072609633358,1,1,1,1.0
pirimia,1,1,0.07189072609633358,1,1,1,1.0
āngai,1,1,0.07189072609633358,1,1,1,1.0
āramatanga,1,1,0.07189072609633358,1,1,1,1.0
