School,Field,Year,basename,phase1_candidate_count,phase2_candidate_count,excluded_candidate_count,word_count,phase1_density_per_10k,phase2_density_per_10k,period
SBE,Building_Technology,2012,environmental_input_output_analysis_of_the_new_zealand_dairy_industry_2012.pdf,7,5,2,10120,6.91699604743083,4.940711462450593,2012-2016
SBE,Building_Technology,2014,a_discrete_choice_model_based_on_random_utilities_for_exit_choice_in_emergency_evacuations_2014.pdf,2,2,0,8009,2.49719066050693,2.49719066050693,2012-2016
SBE,Building_Technology,2014,a_humanoid_robot_for_research_into_kicking_rugby_balls_2014.pdf,14,8,6,6208,22.551546391752574,12.88659793814433,2012-2016
SBE,Building_Technology,2014,data_collection_approaches_for_the_study_of_the_decision_making_process_in_fire_evacuations_2014.pdf,2,1,1,2362,8.46740050804403,4.233700254022015,2012-2016
SBE,Building_Technology,2014,fast_apple_inspection_in_colour_space_2014.pdf,0,0,0,129,0.0,0.0,2012-2016
SBE,Building_Technology,2014,occupants_perspectives_of_a_five_green_star_certified_school_building_2014.pdf,1,0,1,5865,1.7050298380221653,0.0,2012-2016
SBE,Building_Technology,2014,the_role_of_herding_behaviour_in_exit_choice_during_evacuation_2014.pdf,4,1,3,5363,7.458512026850643,1.8646280067126608,2012-2016
SBE,Building_Technology,2014,the_validation_of_evacuation_simulation_models_through_the_analysis_of_behavioural_uncertainty_2014.pdf,6,2,4,8316,7.215007215007215,2.405002405002405,2012-2016
SBE,Building_Technology,2015,a_mixed_ordered_approach_to_investigate_correlations_among_different_affordances_in_fire_evacuation_2015.pdf,2,1,1,696,28.735632183908045,14.367816091954023,2012-2016
SBE,Building_Technology,2015,a_model_of_the_decision_making_process_during_pre_evacuation_2015.pdf,3,1,2,10220,2.935420743639922,0.9784735812133073,2012-2016
SBE,Building_Technology,2015,calibrating_floor_field_cellular_automaton_models_for_pedestrian_dynamics_by_using_likelihood_function_optimization_2015.pdf,5,3,2,7329,6.822213125938054,4.093327875562832,2012-2016
SBE,Building_Technology,2015,the_need_of_latent_variables_for_modelling_decision_making_in_evacuation_simulations_2015.pdf,8,2,6,6020,13.289036544850498,3.3222591362126246,2012-2016
SBE,Building_Technology,2016,affordance-based_evaluation_of_signage_design_for_areas_of_refuge_2016.pdf,5,3,2,2642,18.925056775170326,11.355034065102195,2012-2016
SBE,Building_Technology,2016,an_evacuation_decision_model_based_on_perceived_risk_social_influence_and_behavioural_uncertainty_2016.pdf,2,1,1,13288,1.5051173991571343,0.7525586995785671,2012-2016
SBE,Building_Technology,2016,application_of_the_ordered_logit_model_to_optimising_frangi_filter_parameters_for_segmentation_of_perivascular_spaces_2016.pdf,1,1,0,3201,3.1240237425804436,3.1240237425804436,2012-2016
SBE,Building_Technology,2016,a_dynamic_approach_for_the_impact_of_a_toxic_gas_dispersion_hazard_considering_human_behaviour_and_dispersion_modelling_2016.pdf,6,2,4,11106,5.4024851431658565,1.8008283810552856,2012-2016
SBE,Building_Technology,2016,a_mixed_logit_model_for_predicting_exit_choice_during_building_evacuations_2016.pdf,5,3,2,12222,4.090983472426771,2.454590083456063,2012-2016
SBE,Building_Technology,2016,a_review_of_manual_wheelchairs_2016.pdf,3,3,0,7753,3.8694698826260803,3.8694698826260803,2012-2016
SBE,Building_Technology,2016,a_sensitivity_analysis_of_a_hospital_evacuation_in_case_of_fire_2016.pdf,4,2,2,5251,7.617596648257475,3.8087983241287375,2012-2016
SBE,Building_Technology,2016,a_study_of_herding_behaviour_in_exit_choice_during_emergencies_based_on_random_utility_theory_2016.pdf,4,1,3,10297,3.8846265902690105,0.9711566475672526,2012-2016
SBE,Building_Technology,2016,a_virtual_reality_experiment_on_flashing_lights_at_emergency_exit_portals_for_road_tunnel_evacuation_2016.pdf,2,1,1,10202,1.9603999215840031,0.9801999607920016,2012-2016
SBE,Building_Technology,2016,pros_and_cons_of_egress_drills_2016.pdf,0,0,0,196,0.0,0.0,2012-2016
SBE,Building_Technology,2017,an_immersive_serious_game_for_firefighting_and_evacuation_training_in_healthcare_facilities_2017.pdf,5,2,3,5366,9.317927692881103,3.727171077152441,2017-2022
SBE,Building_Technology,2017,a_humanoid_kicking_robot_2017.pdf,0,0,0,145,0.0,0.0,2017-2022
SBE,Building_Technology,2017,coverage_of_apple_surface_for_adequate_machine_vision_inspection_2017.pdf,1,1,0,217,46.08294930875576,46.08294930875576,2017-2022
SBE,Building_Technology,2017,dissuasive_exit_signage_for_building_fire_evacuation_2017.pdf,3,1,2,9503,3.156897821740503,1.0522992739135009,2017-2022
SBE,Building_Technology,2017,perivascular_spaces_segmentation_in_brain_mri_using_optimal_3d_filtering_2017.pdf,1,0,1,6722,1.4876524843796488,0.0,2017-2022
SBE,Building_Technology,2017,simulating_assisted_evacuation_using_unity3d_2017.pdf,5,3,2,3644,13.721185510428102,8.23271130625686,2017-2022
SBE,Building_Technology,2017,the_need_for_enhancing_earthquake_evacuee_safety_by_using_virtual_reality_serious_games_2017.pdf,5,1,4,5259,9.507510933637574,1.9015021867275148,2017-2022
SBE,Building_Technology,2018,a_review_2018.pdf,13,8,5,7588,17.13231418028466,10.542962572482868,2017-2022
SBE,Building_Technology,2018,calibrating_cellular_automaton_models_for_pedestrians_walking_through_corners_2018.pdf,3,0,3,5093,5.890437855880621,0.0,2017-2022
SBE,Building_Technology,2018,clinical_validation_of_automatic_quantitative_measurements_of_perivascular_spaces_in_older_age_mri_brain_data_2018.pdf,0,0,0,516,0.0,0.0,2017-2022
SBE,Building_Technology,2018,immersive_virtual_reality_serious_games_for_evacuation_training_and_research_2018.pdf,5,3,2,13899,3.5973811065544283,2.158428663932657,2017-2022
SBE,Building_Technology,2018,investigating_pedestrian_navigation_in_indoor_open_space_environments_using_big_data_2018.pdf,8,5,3,6228,12.845215157353884,8.028259473346179,2017-2022
SBE,Building_Technology,2018,people_choice_modelling_for_evacuation_of_tall_buildings_2018.pdf,4,2,2,8740,4.576659038901602,2.288329519450801,2017-2022
SBE,Building_Technology,2018,prototyping_virtual_reality_serious_games_for_earthquake_preparedness_2018.pdf,11,5,6,12402,8.869537171423964,4.031607805192711,2017-2022
SBE,Building_Technology,2018,queue_formation_and_evacuation_modelling_in_road_tunnels_during_fires_2018.pdf,4,2,2,3570,11.204481792717086,5.602240896358543,2017-2022
SBE,Building_Technology,2019,a_modelling_framework_for_householder_decision_making_for_wildfire_emergencies_2019.pdf,18,8,10,15221,11.82576703238946,5.255896458839761,2017-2022
SBE,Building_Technology,2019,a_pre_evacuation_database_for_use_in_egress_simulations_2019.pdf,6,3,3,17527,3.4232897814800025,1.7116448907400013,2017-2022
SBE,Building_Technology,2019,computational_quantification_of_brain_perivascular_space_morphologies_2019.pdf,7,0,7,8972,7.80205082478823,0.0,2017-2022
SBE,Building_Technology,2019,corrigendum_to_a_pre_evacuation_database_for_use_in_egress_simulations_2019.pdf,1,0,1,3534,2.829654782116582,0.0,2017-2022
SBE,Building_Technology,2019,mobile_powered_head_mounted_displays_vs_cave_automatic_virtual_environment_experiments_for_evacuation_research_2019.pdf,0,0,0,3160,0.0,0.0,2017-2022
SBE,Building_Technology,2019,modeling_and_simulation_of_pedestrian_movement_planning_around_corners_2019.pdf,5,3,2,9495,5.26592943654555,3.15955766192733,2017-2022
SBE,Building_Technology,2019,prediction_of_kiwifruit_orchard_characteristics_from_satellite_images_2019.pdf,8,6,2,6481,12.343774108933806,9.257830581700356,2017-2022
SBE,Building_Technology,2019,proposing_behavior_oriented_strategies_for_earthquake_emergency_evacuation_2019.pdf,10,4,6,13760,7.267441860465116,2.9069767441860463,2017-2022
SBE,Building_Technology,2019,the_impact_of_sampling_methods_on_evacuation_model_convergence_and_egress_time_2019.pdf,10,2,8,8119,12.31678778174652,2.463357556349304,2017-2022
SBE,Building_Technology,2019,towards_microscopic_calibration_of_pedestrian_simulation_models_using_open_trajectory_data_sets_2019.pdf,2,0,2,3340,5.9880239520958085,0.0,2017-2022
SBE,Building_Technology,2020,an_immersive_virtual_reality_serious_game_to_enhance_earthquake_behavioral_responses_and_post_earthquake_evacuation_preparedness_in_buildings_2020.pdf,9,2,7,10259,8.772784871819866,1.9495077492933033,2017-2022
SBE,Building_Technology,2020,an_online_survey_of_pedestrian_evacuation_model_usage_and_users_2020.pdf,9,5,4,8328,10.80691642651297,6.003842459173872,2017-2022
SBE,Building_Technology,2020,augmented_reality_for_pedestrian_evacuation_research_2020.pdf,15,7,8,9283,16.15856942798664,7.540665733060433,2017-2022
SBE,Building_Technology,2020,calibrating_the_wildfire_decision_model_using_hybrid_choice_modelling_2020.pdf,2,0,2,9658,2.070822116380203,0.0,2017-2022
SBE,Building_Technology,2020,characteristics_of_small_accidental_fires_in_new_zealand_dwellings_2020.pdf,79,51,28,160892,4.910126047286378,3.169828207741839,2017-2022
SBE,Building_Technology,2020,comparing_the_effectiveness_of_fire_extinguisher_virtual_reality_and_video_training_2020.pdf,4,1,3,8397,4.763606049779684,1.190901512444921,2017-2022
SBE,Building_Technology,2020,computational_quantification_of_brain_perivascular_space_morphologies_2020.pdf,2,0,2,8410,2.3781212841854935,0.0,2017-2022
SBE,Building_Technology,2020,evacuation_data_from_a_hospital_outpatient_drill_the_case_study_of_north_shore_hospital_2020.pdf,6,3,3,4456,13.464991023339318,6.732495511669659,2017-2022
SBE,Building_Technology,2020,exposed_2020.pdf,8,3,5,6148,13.012361743656475,4.879635653871178,2017-2022
SBE,Building_Technology,2020,glass_curtain_wall_technology_and_sustainability_in_commercial_buildings_in_auckland_new_zealand_2020.pdf,6,1,5,6458,9.290802105915144,1.548467017652524,2017-2022
SBE,Building_Technology,2020,how_people_make_decisions_during_earthquakes_and_post_earthquake_evacuation_2020.pdf,1,1,0,13254,0.7544892108042854,0.7544892108042854,2017-2022
SBE,Building_Technology,2020,human_behaviour_during_a_healthcare_facility_evacuation_drills_2020.pdf,10,6,4,11766,8.499065102838687,5.099439061703213,2017-2022
SBE,Building_Technology,2020,modeling_evacuation_behavior_in_the_2019_kincade_fire_sonoma_county_california_2020.pdf,3,1,2,1667,17.99640071985603,5.9988002399520095,2017-2022
SBE,Building_Technology,2020,modelling_and_interpreting_pre_evacuation_decision_making_using_machine_learning_2020.pdf,5,2,3,10020,4.99001996007984,1.996007984031936,2017-2022
SBE,Building_Technology,2020,modelling_evacuation_decision_making_in_the_2016_chimney_tops_2_fire_in_gatlinburg_tn_2020.pdf,7,3,4,12765,5.483744614179397,2.3501762632197414,2017-2022
SBE,Building_Technology,2020,retinal_biomarkers_discovery_for_cerebral_small_vessel_disease_in_an_older_population_2020.pdf,5,4,1,4685,10.672358591248667,8.537886872998932,2017-2022
SBE,Building_Technology,2020,using_artificial_intelligence_for_safe_and_effective_wildfire_evacuations_2020.pdf,2,1,1,1351,14.803849000740191,7.401924500370096,2017-2022
SBE,Building_Technology,2020,validity_and_reliability_of_life_cycle_assessment_2020.pdf,8,4,4,8025,9.968847352024921,4.984423676012461,2017-2022
SBE,Building_Technology,2020,virtual_and_augmented_reality_for_human_behaviour_in_disasters_2020.pdf,13,7,6,7151,18.1792756257866,9.788840721577403,2017-2022
SBE,Building_Technology,2021,analysis_of_the_stochastic_excursions_of_tumbling_apples_2021.pdf,2,2,0,7179,2.785903329154478,2.785903329154478,2017-2022
SBE,Building_Technology,2021,case_studies_of_large_outdoor_fires_involving_evacuation_2021.pdf,32,15,17,47375,6.754617414248021,3.1662269129287597,2017-2022
SBE,Building_Technology,2021,investigating_evacuation_behaviour_in_retirement_facilities_2021.pdf,2,0,2,9394,2.1290185224611453,0.0,2017-2022
SBE,Building_Technology,2021,investigating_exit_choice_in_built_environment_evacuation_combining_immersive_virtual_reality_and_discrete_choice_modelling_2021.pdf,4,1,3,9538,4.193751310547285,1.0484378276368211,2017-2022
SBE,Building_Technology,2021,investigating_office_buildings_evacuations_using_unannounced_fire_drills_2021.pdf,8,3,5,11336,7.057163020465773,2.646436132674665,2017-2022
SBE,Building_Technology,2021,investigating_personalized_exit_choice_behavior_in_fire_accidents_using_the_hierarchical_bayes_estimator_of_the_random_coefficient_logit_model_2021.pdf,3,2,1,9097,3.2977904803781466,2.1985269869187642,2017-2022
SBE,Building_Technology,2021,prototyping_and_testing_a_virtual_reality_counterterrorism_serious_game_for_active_shooting_2021.pdf,5,3,2,4513,11.079104808331486,6.647462884998893,2017-2022
SBE,Building_Technology,2021,prototyping_and_validating_a_non_immersive_virtual_reality_serious_game_for_healthcare_fire_safety_training_2021.pdf,8,5,3,16104,4.967709885742672,3.1048186785891705,2017-2022
SBE,Building_Technology,2021,simulating_metro_station_evacuation_using_three_agent_based_exit_choice_models_2021.pdf,7,1,6,9319,7.511535572486318,1.0730765103551885,2017-2022
SBE,Building_Technology,2021,the_response_of_sleeping_adults_to_smoke_alarm_signals_in_the_evacuation_decision_model_2021.pdf,4,2,2,8095,4.941321803582458,2.470660901791229,2017-2022
SBE,Building_Technology,2022,automation_in_fire_safety_engineering_using_bim_and_generative_design_2022.pdf,2,1,1,2103,9.510223490252022,4.755111745126011,2017-2022
SBE,Building_Technology,2022,a_highway_vehicle_routing_dataset_during_the_2019_kincade_fire_evacuation_2022.pdf,0,0,0,4048,0.0,0.0,2017-2022
SBE,Building_Technology,2022,a_non_immersive_virtual_reality_serious_game_application_for_flood_safety_training_2022.pdf,7,2,5,12428,5.632442870936595,1.60926939169617,2017-2022
SBE,Building_Technology,2022,a_pre_evacuation_study_using_data_from_evacuation_drills_and_false_alarm_evacuations_in_a_university_library_2022.pdf,4,1,3,9111,4.39029744265174,1.097574360662935,2017-2022
SBE,Building_Technology,2022,behavioural_design_based_risk_assessment_and_mitigation_against_floods_in_historical_urban_built_environment_2022.pdf,20,10,10,8034,24.894199651481205,12.447099825740603,2017-2022
SBE,Building_Technology,2022,data_based_tools_can_prevent_crowd_crushes_2022.pdf,12,8,4,2672,44.91017964071856,29.940119760479043,2017-2022
SBE,Building_Technology,2022,digital_technologies_and_data_driven_delay_management_process_for_construction_projects_2022.pdf,15,5,10,16373,9.161424296097234,3.053808098699078,2017-2022
SBE,Building_Technology,2022,estimating_wildfire_evacuation_decision_and_departure_timing_using_large_scale_gps_data_2022.pdf,8,5,3,9397,8.513355326167925,5.320847078854954,2017-2022
SBE,Building_Technology,2022,exit_choice_in_built_environment_evacuation_combining_immersive_virtual_reality_and_discrete_choice_modelling_2022.pdf,11,3,8,12148,9.054988475469214,2.4695423114916037,2017-2022
SBE,Building_Technology,2022,exploring_home_to_school_trip_mode_choices_in_kandy_sri_lanka_2022.pdf,9,5,4,14625,6.153846153846154,3.4188034188034186,2017-2022
SBE,Building_Technology,2022,improving_the_built_environment_for_manual_wheelchair_users_2022.pdf,9,6,3,6216,14.478764478764479,9.652509652509652,2017-2022
SBE,Building_Technology,2022,investigating_a_university_library_building_evacuation_in_pakistan_during_a_semi_announced_fire_drill_2022.pdf,8,2,6,9510,8.412197686645635,2.103049421661409,2017-2022
SBE,Building_Technology,2022,modeling_evacuation_decisions_in_the_2019_kincade_fire_in_california_2022.pdf,14,8,6,13945,10.039440659734673,5.736823234134098,2017-2022
SBE,Building_Technology,2022,prototyping_an_immersive_virtual_reality_training_system_for_urban_scale_evacuation_using_360_degree_panoramas_2022.pdf,7,4,3,4844,14.45086705202312,8.257638315441783,2017-2022
SBE,Building_Technology,2022,risk_perception_and_knowledge_of_protective_measures_for_flood_risk_planning_2022.pdf,12,8,4,10419,11.517420097898071,7.67828006526538,2017-2022
SBE,Building_Technology,2022,state_of_the_art_analysis_of_the_integration_of_augmented_reality_with_construction_technologies_to_improve_construction_safety_2022.pdf,3,0,3,9033,3.3211557622052474,0.0,2017-2022
SBE,Building_Technology,2022,wildfire_evacuation_decision_modeling_using_gps_data_2022.pdf,9,5,4,10755,8.368200836820083,4.6490004649000465,2017-2022
SBE,Building_Technology,2022,wind_turbine_infrasound_2022.pdf,8,7,1,10219,7.828554653097172,6.849985321460025,2017-2022
SBE,Built_Environment,2012,analysis_of_resource_availability_for_post_earthquake_reconstruction_in_christchurch_new_zealand_2012.pdf,0,0,0,202,0.0,0.0,2012-2016
SBE,Built_Environment,2012,applications_of_photomodeler_in_port_au_prince_haiti_2012.pdf,0,0,0,213,0.0,0.0,2012-2016
SBE,Built_Environment,2012,changes_in_resource_need_for_post_disaster_reconstruction_2012.pdf,7,4,3,7020,9.971509971509972,5.698005698005698,2012-2016
SBE,Built_Environment,2012,extending_the_utility_of_the_depression_anxiety_stress_scale_by_examining_its_psychometric_properties_in_chinese_settings_2012.pdf,3,3,0,4695,6.389776357827476,6.389776357827476,2012-2016
SBE,Built_Environment,2012,identifying_the_added_value_of_various_roles_in_the_post_disaster_response_and_recovery_of_christchurch_2012.pdf,1,1,0,5300,1.8867924528301885,1.8867924528301885,2012-2016
SBE,Built_Environment,2012,managing_resources_in_disaster_recovery_projects_2012.pdf,6,4,2,12132,4.945598417408506,3.297065611605671,2012-2016
SBE,Built_Environment,2012,resourcing_for_post_disaster_reconstruction_2012.pdf,4,2,2,7465,5.358338914936369,2.6791694574681846,2012-2016
SBE,Built_Environment,2013,community_engagement_2013.pdf,6,6,0,4664,12.86449399656947,12.86449399656947,2012-2016
SBE,Built_Environment,2013,improving_regulatory_frameworks_for_earthquake_risk_mitigation_2013.pdf,6,3,3,8593,6.982427557314093,3.4912137786570465,2012-2016
SBE,Built_Environment,2013,iwi_resilience_2013.pdf,116,103,13,5059,229.29432694208344,203.59754892271198,2012-2016
SBE,Built_Environment,2013,long_term_reconstruction_in_christchurch_2013.pdf,3,1,2,6571,4.565515142291889,1.5218383807639628,2012-2016
SBE,Built_Environment,2013,resilient_cities_2013.pdf,10,6,4,15178,6.588483331137172,3.9530899986823034,2012-2016
SBE,Built_Environment,2013,resource_challenges_for_housing_reconstruction_2013.pdf,3,1,2,4380,6.8493150684931505,2.2831050228310503,2012-2016
SBE,Built_Environment,2013,the_barriers_to_a_community_contracts_approach_in_post_disaster_reconstruction_2013.pdf,2,2,0,4340,4.608294930875576,4.608294930875576,2012-2016
SBE,Built_Environment,2013,the_gabion_house_revisited_2013.pdf,12,6,6,5651,21.23517961422757,10.617589807113784,2012-2016
SBE,Built_Environment,2013,the_seemingly_simple_2013.pdf,5,5,0,5475,9.132420091324201,9.132420091324201,2012-2016
SBE,Built_Environment,2014,are_we_listening_are_we_learning_2014.pdf,10,9,1,3833,26.089225150013043,23.48030263501174,2012-2016
SBE,Built_Environment,2014,build_back_better_2014.pdf,2,1,1,10971,1.822987877130617,0.9114939385653085,2012-2016
SBE,Built_Environment,2014,change_and_continuity_in_post_katrina_new_orleans_2014.pdf,0,0,0,197,0.0,0.0,2012-2016
SBE,Built_Environment,2014,seismic_discussion_paper_2014.pdf,1,0,1,1635,6.116207951070336,0.0,2012-2016
SBE,Built_Environment,2014,space_and_culture_using_space_syntax_for_the_tenganan_pageringsingan_housing_of_bali_indonesia_2014.pdf,5,4,1,1795,27.855153203342617,22.284122562674096,2012-2016
SBE,Built_Environment,2014,the_application_of_quality_of_life_metrics_2014.pdf,36,19,17,16526,21.783855742466418,11.497034975190608,2012-2016
SBE,Built_Environment,2014,the_proposition_of_the_convergence_of_individual_and_community_resilience_2014.pdf,4,2,2,4912,8.143322475570033,4.071661237785016,2012-2016
SBE,Built_Environment,2015,building_back_better_roadmap_for_the_rehabilitation_of_310_agricultural_businesses_in_the_gaza_strip_2015.pdf,0,0,0,6339,0.0,0.0,2012-2016
SBE,Built_Environment,2015,re_engineering_humanitarian_response_opportunity_and_obligation_2015.pdf,0,0,0,4818,0.0,0.0,2012-2016
SBE,Built_Environment,2015,stakeholders_practices_2015.pdf,4,4,0,9552,4.187604690117253,4.187604690117253,2012-2016
SBE,Built_Environment,2015,sustainability_and_the_role_of_natural_ventilation_for_high_rise_buildings_in_new_zealand_2015.pdf,0,0,0,3341,0.0,0.0,2012-2016
SBE,Built_Environment,2015,sustainability_by_design_2015.pdf,7,3,4,5289,13.235016071090943,5.672149744753262,2012-2016
SBE,Built_Environment,2016,building_back_better_in_gaza_2016.pdf,1,0,1,3186,3.1387319522912747,0.0,2012-2016
SBE,Built_Environment,2016,challenges_facing_the_relocated_communities_following_the_2004_indian_ocean_tsunami_2016.pdf,0,0,0,184,0.0,0.0,2012-2016
SBE,Built_Environment,2016,the_metrics_2016.pdf,7,5,2,4190,16.706443914081145,11.933174224343675,2012-2016
SBE,Built_Environment,2017,assessment_of_occupants_thermal_condition_and_the_risk_of_overheating_in_sustainable_public_libraries_in_auckland_region_2017.pdf,4,1,3,3437,11.638056444573756,2.909514111143439,2017-2022
SBE,Built_Environment,2017,a_study_to_investigate_the_relationships_between_work_sampling_categories_and_productivity_for_concrete_slab_formwork_2017.pdf,2,1,1,4658,4.293688278231,2.1468441391155,2017-2022
SBE,Built_Environment,2017,human_factors_considerations_of_first_person_view_operation_of_unmanned_aircraft_systems_in_infrastructure_construction_and_inspection_environments_2017.pdf,9,1,8,5686,15.828350334154061,1.7587055926837847,2017-2022
SBE,Built_Environment,2017,immersive_environment_for_improving_the_understanding_of_architectural_3d_models_2017.pdf,6,3,3,13796,4.3490866917947235,2.1745433458973618,2017-2022
SBE,Built_Environment,2017,incentives_and_motivators_for_improving_building_resilience_to_earthquake_disaster_2017.pdf,6,1,5,11241,5.3376034160661865,0.8896005693443644,2017-2022
SBE,Built_Environment,2018,a_comparative_diagnosis_of_students_proficiency_in_bim_in_construction_related_graduate_programs_in_brazil_and_in_the_united_states_2018.pdf,3,1,2,3845,7.802340702210664,2.600780234070221,2017-2022
SBE,Built_Environment,2018,a_tool_to_assess_construction_worker_productivity_2018.pdf,6,1,5,4343,13.815335021874281,2.3025558369790464,2017-2022
SBE,Built_Environment,2018,a_usability_study_of_an_immersive_virtual_reality_platform_for_building_design_review_2018.pdf,7,3,4,5259,13.310515307092604,5.704506560182544,2017-2022
SBE,Built_Environment,2018,challenges_to_building_housing_resilience_2018.pdf,5,5,0,6206,8.056719303899452,8.056719303899452,2017-2022
SBE,Built_Environment,2018,developing_a_framework_for_measuring_water_supply_resilience_2018.pdf,5,2,3,9093,5.498735290883097,2.1994941163532387,2017-2022
SBE,Built_Environment,2018,evaluation_of_community_resilience_aspects_of_sri_lankan_coastal_districts_2018.pdf,4,4,0,5637,7.095973035302466,7.095973035302466,2017-2022
SBE,Built_Environment,2018,immersive_virtual_reality_serious_games_for_evacuation_training_and_research_2018.pdf,5,3,2,13899,3.5973811065544283,2.158428663932657,2017-2022
SBE,Built_Environment,2018,impact_of_social_characteristics_of_communities_on_water_supply_system_resilience_2018.pdf,5,3,2,4290,11.655011655011656,6.993006993006993,2017-2022
SBE,Built_Environment,2018,increase_in_disaster_risk_due_to_inefficient_environmental_management_land_use_policies_and_relocation_policies_2018.pdf,7,2,5,9431,7.422330611812109,2.120665889089174,2017-2022
SBE,Built_Environment,2018,investigation_of_efficiency_and_effectiveness_of_the_existing_disaster_management_frameworks_in_sri_lanka_2018.pdf,4,3,1,9762,4.097520999795124,3.073140749846343,2017-2022
SBE,Built_Environment,2018,methods_to_build_resilience_in_indigenous_communities_2018.pdf,9,8,1,414,217.3913043478261,193.2367149758454,2017-2022
SBE,Built_Environment,2018,prototyping_virtual_reality_serious_games_for_building_earthquake_preparedness_2018.pdf,11,5,6,12402,8.869537171423964,4.031607805192711,2017-2022
SBE,Built_Environment,2018,psychometric_evaluation_of_disaster_impact_2018.pdf,1,0,1,3844,2.601456815816858,0.0,2017-2022
SBE,Built_Environment,2018,rapid_3d_reconstruction_of_indoor_environments_to_generate_virtual_reality_serious_games_scenarios_2018.pdf,1,1,0,5798,1.7247326664367022,1.7247326664367022,2017-2022
SBE,Built_Environment,2018,the_maori_response_to_a_seismic_swan_2018.pdf,104,96,8,13570,76.63964627855565,70.7442888725129,2017-2022
SBE,Built_Environment,2019,an_activity_analysis_to_investigate_the_root_causes_of_worker_productivity_losses_in_sri_lankan_building_construction_project_2019.pdf,1,1,0,3896,2.566735112936345,2.566735112936345,2017-2022
SBE,Built_Environment,2019,a_conceptual_framework_for_measuring_livelihood_resilience_2019.pdf,8,4,4,13057,6.1269816956421845,3.0634908478210923,2017-2022
SBE,Built_Environment,2019,building_back_towards_storm_resilient_housing_2019.pdf,6,6,0,8087,7.419314949919624,7.419314949919624,2017-2022
SBE,Built_Environment,2019,comparing_virtual_reality_and_2_dimensional_drawings_for_the_visualization_of_a_construction_project_2019.pdf,5,1,4,4161,12.01634222542658,2.403268445085316,2017-2022
SBE,Built_Environment,2019,developing_a_sub_contractor_pre_assessment_framework_for_sri_lankan_building_construction_industry_2019.pdf,7,5,2,4432,15.7942238267148,11.28158844765343,2017-2022
SBE,Built_Environment,2019,international_collaboration_for_enhancing_research_and_innovation_in_the_context_of_disaster_resilience_2019.pdf,2,1,1,2823,7.0846617074034715,3.5423308537017357,2017-2022
SBE,Built_Environment,2019,investigation_into_the_risk_of_overheating_in_new_zealands_public_libraries_2019.pdf,8,4,4,3494,22.896393817973667,11.448196908986834,2017-2022
SBE,Built_Environment,2019,productivity_and_performance_threats_for_local_construction_companies_in_sri_lanka_2019.pdf,4,2,2,3473,11.517420097898071,5.758710048949036,2017-2022
SBE,Built_Environment,2019,smart_and_sustainable_built_environment_2019.pdf,2,0,2,9834,2.033760423022168,0.0,2017-2022
SBE,Built_Environment,2019,social_capacities_in_fostering_water_supply_resilience_in_vanuatu_2019.pdf,9,6,3,8252,10.906446921958313,7.270964614638875,2017-2022
SBE,Built_Environment,2019,social_factors_affecting_water_supply_resilience_to_disasters_2019.pdf,5,4,1,6279,7.963051441312311,6.370441153049849,2017-2022
SBE,Built_Environment,2019,the_relevance_of_visual_cues_in_immersive_environments_2019.pdf,2,1,1,4116,4.859086491739553,2.4295432458697763,2017-2022
SBE,Built_Environment,2019,uas_based_airport_maintenance_inspections_2019.pdf,5,2,3,3938,12.696800406297614,5.078720162519045,2017-2022
SBE,Built_Environment,2019,using_immersive_virtual_reality_to_improve_choosing_by_advantages_system_for_the_selection_of_fall_protection_measures_2019.pdf,5,1,4,4186,11.944577161968468,2.388915432393693,2017-2022
SBE,Built_Environment,2019,what_does_the_future_hold_for_relocated_communities_post_disaster_2019.pdf,7,3,4,11550,6.0606060606060606,2.5974025974025974,2017-2022
SBE,Built_Environment,2020,an_immersive_virtual_reality_serious_game_to_enhance_earthquake_behavioral_responses_and_post_earthquake_evacuation_preparedness_in_buildings_2020.pdf,9,2,7,10259,8.772784871819866,1.9495077492933033,2017-2022
SBE,Built_Environment,2020,are_environmental_sustainability_and_happiness_the_keys_to_prosperity_in_asian_nations_2020.pdf,9,4,5,29084,3.0944849401732912,1.375326640077018,2017-2022
SBE,Built_Environment,2020,building_information_modelling_workflow_for_heritage_maintenance_2020.pdf,13,11,2,3448,37.7030162412993,31.902552204176335,2017-2022
SBE,Built_Environment,2020,evaluation_of_gaps_in_early_warning_mechanisms_and_evacuation_procedures_for_coastal_communities_in_sri_lanka_2020.pdf,5,5,0,10145,4.9285362247412525,4.9285362247412525,2017-2022
SBE,Built_Environment,2020,how_people_make_decisions_during_earthquakes_and_post_earthquake_evacuation_2020.pdf,1,1,0,13254,0.7544892108042854,0.7544892108042854,2017-2022
SBE,Built_Environment,2020,important_aspects_of_evacuation_planning_for_the_coastal_communities_in_sri_lanka_2020.pdf,5,5,0,3251,15.379883112888342,15.379883112888342,2017-2022
SBE,Built_Environment,2020,investigating_the_technical_dimension_of_water_supply_resilience_to_disasters_2020.pdf,12,10,2,9803,12.241150668162808,10.200958890135674,2017-2022
SBE,Built_Environment,2020,lessons_learned_from_interventions_of_external_organizations_in_disaster_management_2020.pdf,3,1,2,3877,7.737941707505803,2.5793139025019345,2017-2022
SBE,Built_Environment,2020,modernist_housing_estate_revival_2020.pdf,8,2,6,4834,16.54944145635085,4.137360364087712,2017-2022
SBE,Built_Environment,2020,towards_a_customizable_immersive_virtual_reality_serious_game_for_earthquake_emergency_training_2020.pdf,7,2,5,12144,5.764163372859025,1.6469038208168643,2017-2022
SBE,Built_Environment,2020,unmanned_aerial_vehicle_sustainability_assessment_of_heritage_buildings_2020.pdf,14,9,5,4243,32.99552203629507,21.211407023332544,2017-2022
SBE,Built_Environment,2021,analysing_the_effectiveness_of_varied_stakeholder_segments_in_preparedness_planning_for_epidemics_and_pandemics_in_sri_lanka_2021.pdf,3,3,0,7789,3.851585569392733,3.851585569392733,2017-2022
SBE,Built_Environment,2021,an_evidence_of_cognitive_benefits_from_immersive_design_review_2021.pdf,11,4,7,19125,5.751633986928105,2.091503267973856,2017-2022
SBE,Built_Environment,2021,a_new_relative_risk_index_for_hospitals_exposed_to_tsunami_2021.pdf,7,3,4,13348,5.244231345519928,2.2475277195085406,2017-2022
SBE,Built_Environment,2021,a_study_on_stakeholder_trust_in_sri_lanka’s_multi-hazard_early_warning_mechanism_2021.pdf,191,126,65,346557,5.511358881800108,3.6357655450618513,2017-2022
SBE,Built_Environment,2021,disaster_risk_governance_and_systemic_risks_2021.pdf,0,0,0,1257,0.0,0.0,2017-2022
SBE,Built_Environment,2021,how_the_covid-19_outbreak_affects_the_quality_of_international_research_collaborations_2021.pdf,1,1,0,2117,4.723665564478035,4.723665564478035,2017-2022
SBE,Built_Environment,2021,instructional_mechanisms_in_immersive_virtual_reality_serious_games_2021.pdf,6,1,5,13331,4.500787637836622,0.7501312729727703,2017-2022
SBE,Built_Environment,2021,investigation_of_the_institutions_formed_and_empowered_from_disaster_risk_governance_policies_2021.pdf,3,1,2,3877,7.737941707505803,2.5793139025019345,2017-2022
SBE,Built_Environment,2021,research_and_innovation_in_the_context_of_disaster_resilience_in_the_sri_lankan_higher_education_sector_2021.pdf,191,126,65,346557,5.511358881800108,3.6357655450618513,2017-2022
SBE,Built_Environment,2021,settling_the_ripples_2021.pdf,2,1,1,9769,2.047292455727301,1.0236462278636504,2017-2022
SBE,Built_Environment,2021,the_relationship_between_covid_19_preparedness_parameters_and_its_impact_in_developing_effective_response_mechanisms_2021.pdf,191,126,65,346557,5.511358881800108,3.6357655450618513,2017-2022
SBE,Built_Environment,2021,towards_broadening_the_scope_of_disaster_risk_reduction_2021.pdf,4,2,2,14213,2.814324913811299,1.4071624569056496,2017-2022
SBE,Built_Environment,2021,what_makes_a_successful_livelihood_recovery_2021.pdf,9,5,4,12214,7.36859341738988,4.093663009661045,2017-2022
SBE,Built_Environment,2022,3d_scanning_as_an_architectural_tool_2022.pdf,11,9,2,5869,18.742545578463112,15.334810018742546,2017-2022
SBE,Built_Environment,2022,analysing_facebook_practices_for_disaster_related_communication_in_sri_lanka_2022.pdf,1,1,0,5429,1.841959845275373,1.841959845275373,2017-2022
SBE,Built_Environment,2022,an_integrated_approach_for_municipal_buried_infrastructure_asset_management_2022.pdf,6,3,3,4157,14.433485686793361,7.2167428433966805,2017-2022
SBE,Built_Environment,2022,an_investigation_of_factors_affecting_the_marginalized_communities_in_disasters_from_an_intersection_perspective_2022.pdf,5,3,2,5164,9.682416731216112,5.809450038729667,2017-2022
SBE,Built_Environment,2022,automation_in_fire_safety_engineering_using_bim_and_generative_design_2022.pdf,2,1,1,2103,9.510223490252022,4.755111745126011,2017-2022
SBE,Built_Environment,2022,a_review_of_using_augmented_reality_to_improve_construction_productivity_2022.pdf,10,3,7,5893,16.96928559307653,5.09078567792296,2017-2022
SBE,Built_Environment,2022,a_sequence_analysis_of_behaviors_in_immersive_virtual_reality_for_indoor_earthquake_and_post_earthquake_evacuation_2022.pdf,13,8,5,12607,10.311731577694932,6.345680970889189,2017-2022
SBE,Built_Environment,2022,a_statistical_method_for_pre_estimating_impacts_from_a_disaster_2022.pdf,3,2,1,11623,2.5810892196506923,1.720726146433795,2017-2022
SBE,Built_Environment,2022,building_information_modelling_in_quantity_surveying_practices_2022.pdf,6,2,4,10329,5.808887598024978,1.9362958660083263,2017-2022
SBE,Built_Environment,2022,challenges_of_offsite_construction_and_bim_implementation_2022.pdf,11,4,7,13319,8.258878294166228,3.0032284706059014,2017-2022
SBE,Built_Environment,2022,climate_change_impacts_on_built_environment_2022.pdf,8,5,3,6894,11.604293588627792,7.25268349289237,2017-2022
SBE,Built_Environment,2022,conceptualising_a_framework_for_construction_sector_capacity_2022.pdf,2,1,1,9471,2.1117094287825995,1.0558547143912997,2017-2022
SBE,Built_Environment,2022,creating_a_case_for_innovation_acceleration_in_the_new_zealand_building_industry_2022.pdf,4,3,1,10558,3.7885963250615644,2.8414472437961735,2017-2022
SBE,Built_Environment,2022,critical_analysis_of_tsunami_preparedness_at_local_level_for_sustainable_urban_planning_in_sri_lanka_2022.pdf,3,2,1,4555,6.586169045005489,4.390779363336992,2017-2022
SBE,Built_Environment,2022,developing_a_framework_for_construction_sector_capacity_2022.pdf,2,1,1,9965,2.007024586051179,1.0035122930255895,2017-2022
SBE,Built_Environment,2022,development_and_analysis_of_an_automated_performance_code_checking_workflow_2022.pdf,8,5,3,8136,9.832841691248772,6.145526057030481,2017-2022
SBE,Built_Environment,2022,development_of_flood_vulnerability_curves_for_sri_lankan_hospitals_2022.pdf,8,5,3,7468,10.712372790573111,6.695232994108195,2017-2022
SBE,Built_Environment,2022,ensuring_biological_hazard_preparedness_in_health_and_safety_of_construction_sector_2022.pdf,3,0,3,6077,4.936646371564917,0.0,2017-2022
SBE,Built_Environment,2022,evaluating_the_network_of_stakeholders_in_multi_hazard_early_warning_systems_for_multiple_hazards_amidst_biological_outbreaks_2022.pdf,7,5,2,9528,7.346767422334173,5.247691015952981,2017-2022
SBE,Built_Environment,2022,evaluation_of_societal_trust_on_multi_hazard_early_warning_mechanism_2022.pdf,7,2,5,10273,6.813978389954249,1.9468509685583568,2017-2022
SBE,Built_Environment,2022,evolutionary_game_and_simulation_of_green_housing_market_subject_behavior_in_china_2022.pdf,1,0,1,6581,1.51952590791673,0.0,2017-2022
SBE,Built_Environment,2022,exploring_off_site_construction_and_building_information_modelling_integration_challenges_2022.pdf,9,6,3,4923,18.281535648994517,12.187690432663011,2017-2022
SBE,Built_Environment,2022,national_perspectives_of_covid_19_2022.pdf,2,1,1,8197,2.439917042820544,1.219958521410272,2017-2022
SBE,Built_Environment,2022,prototyping_and_testing_a_virtual_reality_counterterrorism_serious_game_for_active_shooting_2022.pdf,5,3,2,4513,11.079104808331486,6.647462884998893,2017-2022
SBE,Built_Environment,2022,prototyping_an_immersive_virtual_reality_training_system_for_urban_scale_evacuation_using_360_degree_panoramas_2022.pdf,7,4,3,4844,14.45086705202312,8.257638315441783,2017-2022
SBE,Built_Environment,2022,the_applications_of_building_information_modelling_for_the_lifecycle_performance_of_green_buildings_2022.pdf,3,0,3,6881,4.359831419851766,0.0,2017-2022
SBE,Built_Environment,2022,the_impact_of_covid-19_on_the_construction_industry_and_lessons_learned_2022.pdf,6,4,2,12943,4.6357104226222665,3.0904736150815113,2017-2022
SBE,Built_Environment,2022,the_perception_of_commercial_construction_companies_on_using_technology_to_review_contracts_in_new_zealand_2022.pdf,1,0,1,4744,2.1079258010118043,0.0,2017-2022
SBE,Built_Environment,2022,the_role_of_professionals_involved_in_the_built_environment_in_contributing_to_climate_change_adaptation_in_sri_lanka_2022.pdf,2,0,2,4287,4.665267086540704,0.0,2017-2022
SBE,Construction_Management,2012,a_conceptual_framework_to_evaluate_suppliers_for_building_infrastructure_in_the_malaysian_electricity_supply_industry_2012.pdf,3,3,0,3671,8.172160174339417,8.172160174339417,2012-2016
SBE,Construction_Management,2012,a_framework_for_sub_contractor_integration_in_alliance_contracts_2012.pdf,7,2,5,8445,8.288928359976317,2.3682652457075193,2012-2016
SBE,Construction_Management,2012,construction_payment_delays_and_losses_2012.pdf,0,0,0,2517,0.0,0.0,2012-2016
SBE,Construction_Management,2012,construction_waste_management_in_india_2012.pdf,3,2,1,10108,2.96794618124258,1.9786307874950535,2012-2016
SBE,Construction_Management,2012,contemporary_issues_in_building_collapse_and_its_implications_for_sustainable_development_2012.pdf,11,8,3,6799,16.17884983085748,11.766436240623621,2012-2016
SBE,Construction_Management,2012,determining_project_performance_criteria_and_key_procurement_methods_in_nigeria_2012.pdf,1,0,1,5750,1.7391304347826089,0.0,2012-2016
SBE,Construction_Management,2012,embedding_sustainability_into_cross_disciplinary_practice_in_higher_education_2012.pdf,0,0,0,0,0.0,0.0,2012-2016
SBE,Construction_Management,2012,evaluating_the_adequacy_of_installed_ventilation_systems_in_high_rise_buildings_in_nairobi_kenya_2012.pdf,1,1,0,4682,2.135839384878257,2.135839384878257,2012-2016
SBE,Construction_Management,2012,liquidation_and_its_effects_on_construction_trade_creditors_in_new_zealand_2012.pdf,0,0,0,0,0.0,0.0,2012-2016
SBE,Construction_Management,2012,reorganization_of_sub_contractor_management_practices_in_alliance_contracts_2012.pdf,0,0,0,0,0.0,0.0,2012-2016
SBE,Construction_Management,2012,securing_best_prices_for_construction_materials_2012.pdf,7,2,5,6180,11.326860841423947,3.236245954692557,2012-2016
SBE,Construction_Management,2012,strategy_led_construction_2012.pdf,2,1,1,4080,4.901960784313726,2.450980392156863,2012-2016
SBE,Construction_Management,2012,supplier_selection_in_the_construction_material_purchasing_function_2012.pdf,3,1,2,5364,5.592841163310962,1.8642803877703205,2012-2016
SBE,Construction_Management,2012,the_uk_snagging_process_2012.pdf,0,0,0,3404,0.0,0.0,2012-2016
SBE,Construction_Management,2013,analysis_of_contractors_head_office_overhead_on_compensable_delay_events_2013.pdf,1,0,1,3699,2.703433360367667,0.0,2012-2016
SBE,Construction_Management,2013,a_framework_for_identifying_construction_companies_best_practice_2013.pdf,8,5,3,5061,15.807152736613318,9.879470460383324,2012-2016
SBE,Construction_Management,2013,determining_the_magnitude_of_transaction_costs_in_construction_procurement_systems_2013.pdf,3,0,3,5612,5.345687811831789,0.0,2012-2016
SBE,Construction_Management,2013,direction_of_the_causal_relationship_between_construction_and_the_national_economy_of_sri_lanka_2013.pdf,3,1,2,6018,4.985044865403788,1.6616816218012627,2012-2016
SBE,Construction_Management,2013,evaluating_the_effectiveness_of_construction_payment_provisions_in_new_zealand_2013.pdf,3,1,2,2591,11.578541103820918,3.85951370127364,2012-2016
SBE,Construction_Management,2013,impact_of_organisational_structure_and_strategies_on_construction_organisations_performance_2013.pdf,1,0,1,3872,2.5826446280991737,0.0,2012-2016
SBE,Construction_Management,2013,risk_contingency_fund_in_the_design_stage_elemental_cost_planning_function_2013.pdf,4,4,0,3534,11.318619128466327,11.318619128466327,2012-2016
SBE,Construction_Management,2013,supply_chain_collaboration_in_new_zealand_house_construction_2013.pdf,1,0,1,4197,2.382654276864427,0.0,2012-2016
SBE,Construction_Management,2013,the_effects_of_business_environments_on_corporate_strategies_and_performance_of_construction_organisations_2013.pdf,3,1,2,4722,6.353240152477764,2.117746717492588,2012-2016
SBE,Construction_Management,2014,adequacy_of_ventilation_systems_2014.pdf,1,0,1,5606,1.783803068141277,0.0,2012-2016
SBE,Construction_Management,2014,an_acd_diagram_developed_for_simulating_a_bridge_construction_operation_2014.pdf,7,2,5,8664,8.079409048938135,2.3084025854108954,2012-2016
SBE,Construction_Management,2014,an_exploratory_evaluation_of_a_new_national_online_consenting_system_in_new_zealand_2014.pdf,6,4,2,6061,9.899356541824782,6.599571027883187,2012-2016
SBE,Construction_Management,2014,an_exploratory_evaluation_of_the_new_risk_based_inspection_scheme_2014.pdf,1,1,0,2598,3.8491147036181674,3.8491147036181674,2012-2016
SBE,Construction_Management,2014,client_value_in_procured_construction_services_2014.pdf,2,1,1,1610,12.422360248447205,6.211180124223603,2012-2016
SBE,Construction_Management,2014,developing_activity_cycled_based_diagram_for_simulating_a_bridge_construction_operation_2014.pdf,4,0,4,8952,4.468275245755138,0.0,2012-2016
SBE,Construction_Management,2014,developing_a_holistic_risk_management_plan_in_mitigating_flooding_risks_for_buildings_adjacent_to_the_swan_river_in_perth_western_australia_2014.pdf,4,2,2,5476,7.304601899196494,3.652300949598247,2012-2016
SBE,Construction_Management,2014,evaluation_of_the_impact_of_organisational_contingency_factors_on_firm_performance_2014.pdf,0,0,0,7070,0.0,0.0,2012-2016
SBE,Construction_Management,2014,exploring_cost_and_risk_issues_in_the_variability_between_design_stage_elemental_cost_plan_and_final_tender_sum_2014.pdf,1,0,1,3675,2.7210884353741496,0.0,2012-2016
SBE,Construction_Management,2014,improving_environmental_management_legislation_to_facilitate_post_disaster_reconstruction_2014.pdf,10,8,2,7325,13.651877133105803,10.921501706484642,2012-2016
SBE,Construction_Management,2014,legislation_changes_following_earthquake_disasters_2014.pdf,4,3,1,5065,7.897334649555774,5.923000987166831,2012-2016
SBE,Construction_Management,2014,procurement_selection_model_2014.pdf,0,0,0,3056,0.0,0.0,2012-2016
SBE,Construction_Management,2014,public_private_partnerships_2014.pdf,3,1,2,7160,4.189944134078212,1.3966480446927374,2012-2016
SBE,Construction_Management,2014,reasons_for_contractors_delay_claims_failures_in_sri_lanka_2014.pdf,1,0,1,3714,2.6925148088314486,0.0,2012-2016
SBE,Construction_Management,2014,simulation_of_bridge_construction_works_2014.pdf,2,0,2,2326,8.598452278589853,0.0,2012-2016
SBE,Construction_Management,2014,the_power_of_technology_in_bridge_construction_project_management_2014.pdf,4,1,3,4471,8.946544397226571,2.2366360993066428,2012-2016
SBE,Construction_Management,2014,the_relationship_between_construction_sector_and_the_national_economy_of_sri_lanka_2014.pdf,3,0,3,3440,8.720930232558139,0.0,2012-2016
SBE,Construction_Management,2015,accuracy_in_design_stage_elemental_cost_planning_2015.pdf,0,0,0,0,0.0,0.0,2012-2016
SBE,Construction_Management,2015,analysis_of_the_influence_of_a_strategy_led_planning_approach_on_successful_construction_project_implementation_2015.pdf,6,3,3,11295,5.3120849933598935,2.6560424966799467,2012-2016
SBE,Construction_Management,2015,an_empirical_analysis_of_construction_organisations_competitive_strategies_and_performance_2015.pdf,5,2,3,7941,6.29643621710112,2.518574486840448,2012-2016
SBE,Construction_Management,2015,an_ontology_based_web_service_framework_for_construction_supply_chain_collaboration_and_management_2015.pdf,4,2,2,8127,4.921865386981667,2.4609326934908333,2012-2016
SBE,Construction_Management,2015,a_4d_automatic_simulation_tool_for_construction_resource_planning_2015.pdf,4,1,3,6536,6.119951040391676,1.529987760097919,2012-2016
SBE,Construction_Management,2015,causes_of_payment_problems_in_the_new_zealand_construction_industry_2015.pdf,3,2,1,7923,3.786444528587656,2.524296352391771,2012-2016
SBE,Construction_Management,2015,cyber_physical_systems_integration_of_building_information_models_and_the_physical_construction_2015.pdf,4,3,1,9615,4.160166406656266,3.1201248049921997,2012-2016
SBE,Construction_Management,2015,developing_a_procurement_path_determination_chart_sem_based_approach_2015.pdf,2,2,0,13042,1.5335071308081583,1.5335071308081583,2012-2016
SBE,Construction_Management,2015,development_of_a_client_based_risk_management_methodology_for_the_early_design_stage_of_construction_processes_2015.pdf,3,3,0,9904,3.0290791599353795,3.0290791599353795,2012-2016
SBE,Construction_Management,2015,enhanced_project_brief_2015.pdf,11,5,6,8788,12.517068730086482,5.689576695493855,2012-2016
SBE,Construction_Management,2015,estimating_transaction_costs_in_the_new_zealand_construction_procurement_2015.pdf,3,1,2,11752,2.5527569775357386,0.8509189925119128,2012-2016
SBE,Construction_Management,2015,evaluating_defect_reporting_in_new_residential_buildings_in_new_zealand_2015.pdf,9,4,5,8237,10.926308121889036,4.856136943061794,2012-2016
SBE,Construction_Management,2015,feasibility_study_of_automatically_performing_the_concrete_delivery_dispatching_through_machine_learning_techniques_2015.pdf,2,1,1,5215,3.835091083413231,1.9175455417066154,2012-2016
SBE,Construction_Management,2015,home_owners_and_developers_relationships_2015.pdf,2,2,0,8295,2.4110910186859553,2.4110910186859553,2012-2016
SBE,Construction_Management,2015,managing_critical_factors_causing_delays_in_public_construction_projects_in_kingdom_of_saudi_arabia_2015.pdf,3,0,3,5655,5.305039787798408,0.0,2012-2016
SBE,Construction_Management,2015,measuring_strategic_performance_in_construction_companies_2015.pdf,20,8,12,11995,16.673614005835766,6.669445602334306,2012-2016
SBE,Construction_Management,2015,reflective_practice_and_technical_rationality_in_construction_project_planning_2015.pdf,4,4,0,8212,4.870920603994155,4.870920603994155,2012-2016
SBE,Construction_Management,2015,stakeholders_practices_2015.pdf,4,4,0,9552,4.187604690117253,4.187604690117253,2012-2016
SBE,Construction_Management,2015,the_new_zealand_construction_contracts_amendment_act_2015_for_better_or_worse_2015.pdf,7,3,4,7134,9.812167087188113,4.205214465937763,2012-2016
SBE,Construction_Management,2016,an_insight_into_the_commercial_viability_of_green_roofs_in_australia_2016.pdf,4,3,1,15230,2.6263952724885096,1.969796454366382,2012-2016
SBE,Construction_Management,2016,a_simplified_model_for_predicting_running_cost_of_office_buildings_in_sri_lanka_2016.pdf,6,4,2,4317,13.89854065323141,9.26569376882094,2012-2016
SBE,Construction_Management,2016,clients_knowledge_of_procurement_systems_and_its_influence_on_construction_project_performance_2016.pdf,5,3,2,5494,9.100837277029488,5.460502366217693,2012-2016
SBE,Construction_Management,2016,decision_making_model_for_selecting_the_optimum_method_of_delay_analysis_in_construction_projects_2016.pdf,2,0,2,12230,1.6353229762878168,0.0,2012-2016
SBE,Construction_Management,2016,determining_significant_risks_in_the_variability_between_design_stage_elemental_cost_plan_and_final_tender_sum_2016.pdf,1,0,1,9260,1.079913606911447,0.0,2012-2016
SBE,Construction_Management,2016,environment_competitive_strategy_and_organizational_characteristics_2016.pdf,3,3,0,10246,2.927971891469842,2.927971891469842,2012-2016
SBE,Construction_Management,2016,evaluating_the_budgetary_reliability_of_design_stage_elemental_cost_plan_in_building_procurement_2016.pdf,3,1,2,6596,4.548211036992116,1.5160703456640388,2012-2016
SBE,Construction_Management,2016,integrating_alternative_technologies_to_improve_built_environment_sustainability_in_africa_2016.pdf,12,8,4,8785,13.659647125782584,9.10643141718839,2012-2016
SBE,Construction_Management,2016,integrating_augmented_reality_and_building_information_modelling_to_facilitate_construction_site_coordination_2016.pdf,6,4,2,5394,11.123470522803114,7.415647015202076,2012-2016
SBE,Construction_Management,2016,perceptions_of_regulatory_building_inspectors_and_designers_on_the_proposed_risk_based_inspection_regime_in_new_zealand_2016.pdf,2,0,2,4453,4.491354143274197,0.0,2012-2016
SBE,Construction_Management,2016,relationship_between_competitive_strategy_and_construction_organisation_performance_2016.pdf,4,1,3,14217,2.8135330941830206,0.7033832735457551,2012-2016
SBE,Construction_Management,2016,relationship_between_decision_making_style_competitive_strategies_and_organisational_performance_among_construction_organisations_2016.pdf,0,0,0,9189,0.0,0.0,2012-2016
SBE,Construction_Management,2016,risk_impact_assessments_in_project_budget_development_2016.pdf,1,0,1,10787,0.9270418095856123,0.0,2012-2016
SBE,Construction_Management,2016,strategies_to_minimise_the_effects_of_delayed_payments_2016.pdf,3,2,1,7234,4.1470832181365775,2.764722145424385,2012-2016
SBE,Construction_Management,2016,the_construction_contracts_act_and_its_implications_for_payment_defaults_in_new_zealand_2016.pdf,5,4,1,6929,7.216048491845865,5.772838793476692,2012-2016
SBE,Construction_Management,2016,trust_and_interorganizational_interactions_for_managing_conflicts_in_a_blended_team_2016.pdf,0,0,0,5581,0.0,0.0,2012-2016
SBE,Construction_Management,2017,achieving_design_stage_elemental_cost_planning_accuracy_2017.pdf,4,2,2,6288,6.361323155216286,3.180661577608143,2017-2022
SBE,Construction_Management,2017,a_comprehensive_analysis_of_the_credits_obtained_by_leed_2009_certified_green_buildings_2017.pdf,6,2,4,11441,5.24429682720042,1.7480989424001399,2017-2022
SBE,Construction_Management,2017,a_morphology_based_model_for_forecasting_cooling_energy_demand_of_condominium_buildings_in_sri_lanka_2017.pdf,1,0,1,179,55.865921787709496,0.0,2017-2022
SBE,Construction_Management,2017,determinants_of_construction_organisational_performance_2017.pdf,1,1,0,8932,1.1195700850873265,1.1195700850873265,2017-2022
SBE,Construction_Management,2017,exploring_the_potential_of_offsite_construction_to_alleviate_constraints_to_house_building_in_western_australia_2017.pdf,160,92,68,486682,3.2875676519780885,1.8903513998874009,2017-2022
SBE,Construction_Management,2017,implementation_of_earned_value_management_in_unit_price_payment_contracts_2017.pdf,4,2,2,6206,6.445375443119563,3.2226877215597813,2017-2022
SBE,Construction_Management,2017,implementation_of_the_lps_using_an_excel_spreadsheet_2017.pdf,4,0,4,8204,4.875670404680643,0.0,2017-2022
SBE,Construction_Management,2017,leverage_viability_to_secure_the_investment_return_for_palembang_monorail_project_using_public_private_partnership_financial_scheme_2017.pdf,9,4,5,8081,11.137235490657096,4.949882440292043,2017-2022
SBE,Construction_Management,2017,modelling_knowledge_integration_process_in_early_contractor_involvement_procurement_at_tender_stage_2017.pdf,5,2,3,14052,3.5582123541132935,1.4232849416453175,2017-2022
SBE,Construction_Management,2017,post_disaster_housing_reconstruction_in_ibaji_and_lokoja_kogi_state_nigeria_2017.pdf,3,3,0,8443,3.5532393698922182,3.5532393698922182,2017-2022
SBE,Construction_Management,2017,preliminary_contractual_framework_for_bim_enabled_projects_2017.pdf,7,1,6,7496,9.338313767342582,1.3340448239060834,2017-2022
SBE,Construction_Management,2017,securing_clients_objectives_throughout_construction_project_lifecycles_2017.pdf,2,1,1,2470,8.097165991902834,4.048582995951417,2017-2022
SBE,Construction_Management,2017,towards_developing_robust_climate_risk_management_strategies_in_the_estuarine_park_of_the_swan_river_western_australia_2017.pdf,4,0,4,10083,3.9670732916790636,0.0,2017-2022
SBE,Construction_Management,2017,"trends_and_opportunities_of_bim_gis_integration_in_the_architecture,_engineering_and_construction_industry_2017.pdf",23,13,10,20133,11.424030199175483,6.457060547360055,2017-2022
SBE,Construction_Management,2017,unlocking_the_potential_of_early_contractor_involvement_in_reducing_design_risks_in_commercial_building_refurbishment_projects_2017.pdf,2,0,2,9776,2.0458265139116203,0.0,2017-2022
SBE,Construction_Management,2018,developing_work_breakdown_structure_matrix_for_managing_offsite_construction_projects_2018.pdf,3,2,1,10086,2.97441998810232,1.98294665873488,2017-2022
SBE,Construction_Management,2018,enabling_an_effective_knowledge_and_information_flow_between_the_phases_of_building_construction_and_facilities_management_2018.pdf,4,2,2,9224,4.336513443191674,2.168256721595837,2017-2022
SBE,Construction_Management,2018,enhancing_off_site_manufacturing_through_early_contractor_involvement_in_new_zealand_2018.pdf,1,0,1,8441,1.1846937566639024,0.0,2017-2022
SBE,Construction_Management,2018,exploring_the_potential_for_achieving_the_triple_bottom_line_of_sustainability_through_offsite_manufacturing_2018.pdf,3,1,2,6056,4.953764861294584,1.6512549537648613,2017-2022
SBE,Construction_Management,2018,investigating_the_cost_of_offsite_construction_housing_in_western_australia_2018.pdf,4,3,1,10314,3.8782237735117318,2.9086678301337985,2017-2022
SBE,Construction_Management,2018,securing_the_embeddedness_of_psychosocial_diffusion_indicators_into_the_turkish_construction_industry_2018.pdf,2,1,1,12209,1.6381358014579408,0.8190679007289704,2017-2022
SBE,Construction_Management,2019,an_assessment_of_risk_factors_impacting_budget_variability_in_new_zealand_commercial_construction_projects_2019.pdf,1,0,1,4804,2.0815986677768525,0.0,2017-2022
SBE,Construction_Management,2019,a_performance_based_framework_to_prioritise_underutilised_historical_buildings_for_adaptive_reuse_interventions_in_new_zealand_2019.pdf,6,4,2,9733,6.164594677899928,4.109729785266619,2017-2022
SBE,Construction_Management,2019,contract_document_appraisal_and_rework_root_causes_classification_in_tendering_stage_of_projects_2019.pdf,8,5,3,7355,10.87695445275323,6.798096532970768,2017-2022
SBE,Construction_Management,2019,critical_success_factors_of_public_private_partnerships_in_new_zealand_2019.pdf,245,139,106,393899,6.219868544982344,3.5288233785818193,2017-2022
SBE,Construction_Management,2019,design_development_post_contract_signing_in_new_zealand_2019.pdf,2,0,2,14543,1.375232070411882,0.0,2017-2022
SBE,Construction_Management,2019,determining_strategic_clusters_and_performance_of_construction_organizations_in_south_africa_2019.pdf,3,2,1,9260,3.239740820734341,2.159827213822894,2017-2022
SBE,Construction_Management,2019,does_leadership_style_differ_between_a_post_disaster_and_non_disaster_response_project_2019.pdf,6,3,3,7341,8.173273395995096,4.086636697997548,2017-2022
SBE,Construction_Management,2019,factors_limiting_performance_of_the_construction_industry_2019.pdf,245,139,106,393899,6.219868544982344,3.5288233785818193,2017-2022
SBE,Construction_Management,2019,in_support_of_sustainable_densification_in_urban_planning_2019.pdf,4,2,2,9725,4.113110539845758,2.056555269922879,2017-2022
SBE,Construction_Management,2019,managing_information_flow_and_design_processes_to_reduce_design_risks_in_offsite_construction_projects_2019.pdf,5,4,1,11884,4.207337596768765,3.365870077415012,2017-2022
SBE,Construction_Management,2019,organisational_performance_resources_and_capabilities_2019.pdf,6,1,5,12880,4.658385093167702,0.7763975155279503,2017-2022
SBE,Construction_Management,2019,performance_resources_and_capabilities_of_construction_organisations_2019.pdf,6,1,5,12842,4.672169444011836,0.778694907335306,2017-2022
SBE,Construction_Management,2020,analysis_of_the_south_african_construction_industry_business_environment_2020.pdf,3,2,1,11397,2.632271650434325,1.7548477669562166,2017-2022
SBE,Construction_Management,2020,application_of_a_performance_based_framework_to_prioritise_underutilised_historical_buildings_for_adaptive_reuse_in_auckland_new_zealand_2020.pdf,9,6,3,6253,14.39309131616824,9.595394210778826,2017-2022
SBE,Construction_Management,2020,application_of_green_retrofit_technology_2020.pdf,1,0,1,2953,3.3863867253640367,0.0,2017-2022
SBE,Construction_Management,2020,applying_secure_information_based_mechanism_for_prefabrication_supply_chain_integration_2020.pdf,79,51,28,160897,4.909973461282684,3.169729702853378,2017-2022
SBE,Construction_Management,2020,a_novel_mathematical_optimisation_model_for_the_scheduling_of_activities_in_modular_construction_factories_2020.pdf,2,0,2,11582,1.7268174753928511,0.0,2017-2022
SBE,Construction_Management,2020,a_rank_order_of_determinants_of_construction_organisations_performance_in_new_zealand_2020.pdf,9,4,5,7922,11.360767482958849,5.049229992426155,2017-2022
SBE,Construction_Management,2020,contracts_evaluation_through_classified_rework_root_causes_in_the_construction_stage_of_projects_2020.pdf,2,2,0,3663,5.46000546000546,5.46000546000546,2017-2022
SBE,Construction_Management,2020,drone_scheduling_for_construction_site_surveillance_2020.pdf,3,2,1,5492,5.462490895848506,3.641660597232338,2017-2022
SBE,Construction_Management,2020,energy_retrofitting_2020.pdf,79,51,28,160897,4.909973461282684,3.169729702853378,2017-2022
SBE,Construction_Management,2020,exploring_earned_value_management_in_the_spanish_construction_industry_as_a_pathway_to_competitive_advantage_2020.pdf,7,5,2,9122,7.673755755316816,5.481254110940583,2017-2022
SBE,Construction_Management,2020,factors_influencing_the_implementation_of_off_site_manufacturing_in_commercial_projects_in_western_australia_2020.pdf,1,0,1,10669,0.9372949667260286,0.0,2017-2022
SBE,Construction_Management,2020,innovation_in_the_globalised_world_2020.pdf,2,2,0,3247,6.159531875577456,6.159531875577456,2017-2022
SBE,Construction_Management,2020,nature_of_new_zealand_construction_industry_2020.pdf,79,51,28,161009,4.90655801849586,3.167524796750492,2017-2022
SBE,Construction_Management,2020,occupant_energy_behaviours_2020.pdf,15,5,10,6386,23.488881929220167,7.829627309740056,2017-2022
SBE,Construction_Management,2020,rework_management_in_life_cycle_of_project_2020.pdf,79,51,28,161009,4.90655801849586,3.167524796750492,2017-2022
SBE,Construction_Management,2020,to_improve_the_strategic_decision_making_for_effective_governance_of_public_spend_regenerative_projects_2020.pdf,8,6,2,3659,21.86389723968297,16.39792292976223,2017-2022
SBE,Construction_Management,2020,to_understand_the_systemic_and_contextual_factors_to_improve_the_strategic_decision_making_of_regenerative_projects_2020.pdf,4,3,1,3866,10.346611484738748,7.759958613554061,2017-2022
SBE,Construction_Management,2020,understanding_the_factors_critical_to_success_of_ppps_in_new_zealand_2020.pdf,0,0,0,43,0.0,0.0,2017-2022
SBE,Construction_Management,2021,an_evaluation_of_risk_factors_impacting_project_budget_performance_in_new_zealand_2021.pdf,2,0,2,13491,1.4824697946779335,0.0,2017-2022
SBE,Construction_Management,2021,a_certification_framework_for_managing_the_risks_of_non_compliance_and_non_conformance_building_products_2021.pdf,1,1,0,10255,0.9751340809361287,0.9751340809361287,2017-2022
SBE,Construction_Management,2021,blockchain_and_information_integration_2021.pdf,6,2,4,9703,6.183654539833041,2.061218179944347,2017-2022
SBE,Construction_Management,2021,business_environment_crm_and_sustainable_performance_of_construction_industry_in_new_zealand_2021.pdf,7,4,3,9630,7.268951194184838,4.153686396677051,2017-2022
SBE,Construction_Management,2021,developing_a_predictive_model_of_construction_industry_university_research_collaboration_2021.pdf,5,2,3,10541,4.743382980741865,1.8973531922967461,2017-2022
SBE,Construction_Management,2021,early_contractor_involvement_2021.pdf,0,0,0,142,0.0,0.0,2017-2022
SBE,Construction_Management,2021,facilitating_digital_transformation_in_constructions_2021.pdf,10,3,7,16112,6.206554121151936,1.8619662363455811,2017-2022
SBE,Construction_Management,2021,impact_of_social_media_usage_on_performance_of_construction_businesses_in_abuja_nigeria_2021.pdf,4,1,3,12813,3.121829392023726,0.7804573480059315,2017-2022
SBE,Construction_Management,2021,integrating_a_rich_picture_diagram_and_causal_loop_diagram_to_model_stakeholder_engagement_in_building_refurbishment_projects_2021.pdf,5,3,2,12623,3.961023528479759,2.3766141170878554,2017-2022
SBE,Construction_Management,2021,international_construction_joint_ventures_as_a_resourcing_model_2021.pdf,2,1,1,8444,2.3685457129322596,1.1842728564661298,2017-2022
SBE,Construction_Management,2021,modular_prefabricated_classrooms_2021.pdf,233,132,101,563978,4.131366826365568,2.340516828670622,2017-2022
SBE,Construction_Management,2021,multidisciplinary_perspectives_of_micro_human_efforts_in_post-disaster_recovery_2021.pdf,6,3,3,4471,13.419816595839857,6.709908297919928,2017-2022
SBE,Construction_Management,2021,proactive_post_occupancy_evaluation_2021.pdf,0,0,0,1046,0.0,0.0,2017-2022
SBE,Construction_Management,2021,the_primacy_of_as_built_drawings_in_the_management_of_underground_utility_operations_2021.pdf,7,5,2,7957,8.79728540907377,6.283775292195551,2017-2022
SBE,Construction_Management,2021,towards_contracting_strategy_usage_for_rework_in_construction_projects_2021.pdf,6,4,2,14649,4.095842719639566,2.7305618130930442,2017-2022
SBE,Construction_Management,2021,unmanned_aerial_vehicle_based_low_carbon_monitoring_planning_2021.pdf,2,0,2,4947,4.042854255104103,0.0,2017-2022
SBE,Construction_Management,2022,an_integrated_paradigm_for_managing_efficient_knowledge_transfer_2022.pdf,14,9,5,18419,7.600846951517455,4.886258754546936,2017-2022
SBE,Construction_Management,2022,asset_management_for_the_built_environment_2022.pdf,170,86,84,213629,7.957721095918625,4.025670672052952,2017-2022
SBE,Construction_Management,2022,automation_in_new_zealands_offsite_construction_2022.pdf,10,7,3,8835,11.318619128466327,7.923033389926429,2017-2022
SBE,Construction_Management,2022,a_study_of_design_change_management_for_infrastructure_development_projects_in_new_zealand_2022.pdf,8,5,3,12880,6.211180124223603,3.881987577639751,2017-2022
SBE,Construction_Management,2022,challenges_of_offsite_construction_and_bim_implementation_2022.pdf,11,4,7,13304,8.268190018039688,3.006614552014432,2017-2022
SBE,Construction_Management,2022,classification_of_rework_root_causes_in_the_design_stage_of_projects_for_contract_assessment_2022.pdf,11,4,7,7453,14.759157386287402,5.366966322286328,2017-2022
SBE,Construction_Management,2022,comparing_two_ai_methods_for_predicting_the_future_trend_of_new_zealand_building_projects_2022.pdf,8,1,7,4150,19.277108433734938,2.4096385542168672,2017-2022
SBE,Construction_Management,2022,construction_industry_classification_systems_2022.pdf,1,0,1,5195,1.9249278152069296,0.0,2017-2022
SBE,Construction_Management,2022,construction_project_performance_2022.pdf,5,2,3,9090,5.5005500550055,2.2002200220022003,2017-2022
SBE,Construction_Management,2022,creating_a_case_for_innovation_acceleration_in_the_new_zealand_building_industry_2022.pdf,4,3,1,10495,3.8113387327298716,2.8585040495474034,2017-2022
SBE,Construction_Management,2022,disruptive_technologies_and_human_involvement_in_automating_construction_industry_towards_industry_5_0_2022.pdf,68,41,27,51470,13.211579560909268,7.965805323489412,2017-2022
SBE,Construction_Management,2022,end_user_stakeholder_engagement_in_refurbishment_design_in_higher_education_2022.pdf,3,2,1,12042,2.4912805181863478,1.6608536787908985,2017-2022
SBE,Construction_Management,2022,environmental_and_socio_psychological_drivers_of_building_users_behaviours_2022.pdf,0,0,0,45,0.0,0.0,2017-2022
SBE,Construction_Management,2022,evaluating_capacity_and_capability_of_the_construction_sector_2022.pdf,170,86,84,213816,7.950761402327235,4.022149885883189,2017-2022
SBE,Construction_Management,2022,exploring_off_site_construction_and_building_information_modelling_integration_challenges_2022.pdf,9,6,3,4923,18.281535648994517,12.187690432663011,2017-2022
SBE,Construction_Management,2022,guest_editorial_working_smarter_by_applying_advanced_technologies_in_construction_2022.pdf,2,0,2,2538,7.880220646178094,0.0,2017-2022
SBE,Construction_Management,2022,investigating_the_relationship_between_reworks_and_contractual_claims_2022.pdf,7,3,4,16624,4.210779595765159,1.8046198267564966,2017-2022
SBE,Construction_Management,2022,knowledge_transfer_and_management_in_the_construction_industry_2022.pdf,16,8,8,15480,10.335917312661499,5.167958656330749,2017-2022
SBE,Construction_Management,2022,lean_and_bim_implementation_barriers_in_new_zealand_construction_practice_2022.pdf,6,4,2,12530,4.788507581803671,3.192338387869114,2017-2022
SBE,Construction_Management,2022,new_zealand_public_housing_project_tender_price_forecast_2022.pdf,11,8,3,5510,19.96370235934664,14.519056261343012,2017-2022
SBE,Construction_Management,2022,prioritising_optimal_underutilised_historical_buildings_for_adaptive_reuse_2022.pdf,12,6,6,15109,7.9422860546694025,3.9711430273347013,2017-2022
SBE,Construction_Management,2022,readability_and_comprehensibility_of_malaysian_construction_contracts_2022.pdf,2,0,2,8564,2.335357309668379,0.0,2017-2022
SBE,Construction_Management,2022,real_options_analysis_of_revenue_risk_sharing_in_post_disaster_housing_reconstruction_2022.pdf,5,3,2,16053,3.1146826138416492,1.8688095683049897,2017-2022
SBE,Construction_Management,2022,regenerative_public_spend_projects_in_new_zealand_built_environment_2022.pdf,170,86,84,213740,7.953588471975297,4.02358005052868,2017-2022
SBE,Construction_Management,2022,risk_identification_assessment_and_allocation_in_ppp_projects_2022.pdf,1,0,1,12145,0.8233841086867023,0.0,2017-2022
SBE,Construction_Management,2022,self-rated_motivational_drivers_for_occupant_behaviours_2022.pdf,2,1,1,5464,3.6603221083455346,1.8301610541727673,2017-2022
SBE,Construction_Management,2022,self_reported_occupant_behaviours_and_multi_domain_comfort_preferences_in_new_zealand_tertiary_office_buildings_2022.pdf,170,86,84,213740,7.953588471975297,4.02358005052868,2017-2022
SBE,Construction_Management,2022,statistical_cost_modelling_for_preliminary_stage_cost_estimation_of_infrastructure_projects_2022.pdf,4,2,2,6043,6.619228859837829,3.3096144299189145,2017-2022
SBE,Construction_Management,2022,the_challenges_of_land_development_for_housing_provision_in_new_zealand_2022.pdf,12,7,5,9354,12.828736369467606,7.483429548856104,2017-2022
SBE,Construction_Management,2022,the_green_office_environment_2022.pdf,5,2,3,11569,4.321894718644654,1.7287578874578615,2017-2022
SBE,Construction_Management,2022,towards_adopting_off_site_construction_in_housing_sectors_as_a_potential_source_of_competitive_advantage_for_builders_2022.pdf,10,5,5,9670,10.34126163391934,5.17063081695967,2017-2022
SBE,Construction_Management,2022,towards_sustainable_commercial_buildings_2022.pdf,0,0,0,45,0.0,0.0,2017-2022
SBE,Construction_Management,2022,toward_improving_capacity_and_capability_of_prefabrication_construction_in_new_zealands_construction_sector_2022.pdf,170,86,84,213629,7.957721095918625,4.025670672052952,2017-2022
SBE,Construction_Management,2022,transaction_cost_of_offsite_construction_2022.pdf,4,0,4,6055,6.606110652353427,0.0,2017-2022
SBE,Construction_Management,2022,understanding_the_factors_affecting_accuracy_of_new_zealand_public_housing_project_tender_price_2022.pdf,170,86,84,213740,7.953588471975297,4.02358005052868,2017-2022
SBE,Quantity_Surveying,2014,factors_influencing_the_accuracy_of_pre_contract_stage_estimation_of_final_contract_price_in_new_zealand_2014.pdf,6,2,4,7158,8.382229673093043,2.794076557697681,2012-2016
SBE,Quantity_Surveying,2014,prefab_content_versus_cost_and_time_savings_in_construction_projects_2014.pdf,6,3,3,6354,9.442870632672333,4.721435316336167,2012-2016
SBE,Quantity_Surveying,2015,assessment_of_the_impact_of_complex_healthcare_features_on_construction_waste_generation_2015.pdf,12,3,9,9805,12.23865374808771,3.0596634370219276,2012-2016
SBE,Quantity_Surveying,2015,marginal_productivity_gained_through_prefabrication_2015.pdf,7,3,4,6274,11.157156518967167,4.781638508128785,2012-2016
SBE,Quantity_Surveying,2016,post_disaster_construction_waste_management_strategies_2016.pdf,6,4,2,8042,7.460830639144492,4.973887092762994,2012-2016
SBE,Quantity_Surveying,2017,a_better_modelling_and_assessment_of_key_factors_affecting_cost_performance_of_building_projects_2017.pdf,6,3,3,7646,7.847240387130526,3.923620193565263,2017-2022
SBE,Quantity_Surveying,2017,canterbury_earthquake_construction_and_demolition_waste_management_2017.pdf,5,2,3,8682,5.7590416954618755,2.30361667818475,2017-2022
SBE,Quantity_Surveying,2017,exploratory_factors_influencing_building_development_costs_in_new_zealand_2017.pdf,5,4,1,8988,5.562972852692479,4.450378282153983,2017-2022
SBE,Quantity_Surveying,2017,exploratory_factors_influencing_building_development_costs_in_new_zealand_using_sem_2017.pdf,3,3,0,6342,4.7303689687795645,4.7303689687795645,2017-2022
SBE,Quantity_Surveying,2018,earthquake_damage_estimation_systems_2018.pdf,4,4,0,8375,4.776119402985075,4.776119402985075,2017-2022
SBE,Quantity_Surveying,2019,effective_property_maintenance_management_for_state-schools_in_new_zealand_2019.pdf,5,0,5,5700,8.771929824561404,0.0,2017-2022
SBE,Quantity_Surveying,2020,barriers_and_enablers_for_supply_chain_integration_in_prefabricated_elements_manufacturing_in_new_zealand_2020.pdf,2,2,0,10083,1.9835366458395318,1.9835366458395318,2017-2022
SBE,Quantity_Surveying,2020,climate_change_adaptation_in_new_zealands_building_sector_2020.pdf,6,4,2,4600,13.043478260869566,8.695652173913043,2017-2022
SBE,Quantity_Surveying,2020,factors_impacting_post_earthquake_damage_repair_cost_estimations_2020.pdf,4,4,0,9379,4.264846998613924,4.264846998613924,2017-2022
SBE,Quantity_Surveying,2021,building_and_property_management_framework_for_state_schools_in_new_zealand_2021.pdf,5,2,3,10102,4.949514947535142,1.9798059790140565,2017-2022
SBE,Quantity_Surveying,2021,construction_waste_modelling_for_residential_construction_projects_in_new_zealand_to_enhance_design_outcomes_2021.pdf,6,2,4,8406,7.137758743754461,2.3792529145848205,2017-2022
SBE,Quantity_Surveying,2021,earthquake_damage_repair_loss_estimation_in_new_zealand_2021.pdf,5,4,1,10237,4.884243430692585,3.9073947445540687,2017-2022
SBE,Quantity_Surveying,2021,reconstruction_technologies_2021.pdf,233,132,101,563978,4.131366826365568,2.340516828670622,2017-2022
SBE,Quantity_Surveying,2021,towards_zero_carbon_building_refurbishment_2021.pdf,2,2,0,4328,4.621072088724584,4.621072088724584,2017-2022
SBE,Quantity_Surveying,2021,zero_carbon_building_practices_in_aotearoa_new_zealand_2021.pdf,7,5,2,10792,6.486286137879911,4.633061527057079,2017-2022
SBE,Quantity_Surveying,2022,challenges_to_zero_carbon_refurbishment_of_existing_buildings_in_new_zealand_2022.pdf,4,3,1,5360,7.462686567164179,5.597014925373134,2017-2022
SBE,Quantity_Surveying,2022,conceptualising_a_framework_for_construction_sector_capacity_2022.pdf,2,1,1,9471,2.1117094287825995,1.0558547143912997,2017-2022
SBE,Quantity_Surveying,2022,construction_industry_classification_systems_2022.pdf,2,1,1,5189,3.854307188282906,1.927153594141453,2017-2022
SBE,Quantity_Surveying,2022,developing_a_framework_for_construction_sector_capacity_2022.pdf,2,1,1,9965,2.007024586051179,1.0035122930255895,2017-2022
SBE,Quantity_Surveying,2022,embodied_energy_consumption_in_the_residential_sector_2022.pdf,8,8,0,12016,6.657789613848203,6.657789613848203,2017-2022
SBE,Quantity_Surveying,2022,maturity_model_of_building_maintenance_management_for_new_zealands_state_schools_2022.pdf,9,7,2,9299,9.678460049467684,7.527691149585976,2017-2022
SBE,Quantity_Surveying,2022,new_zealand_public_housing_project_tender_price_forecast_2022.pdf,11,8,3,5510,19.96370235934664,14.519056261343012,2017-2022
SBE,Quantity_Surveying,2022,statistical_cost_modelling_for_preliminary_stage_cost_estimation_of_infrastructure_projects_2022.pdf,4,2,2,6043,6.619228859837829,3.3096144299189145,2017-2022
SBE,Quantity_Surveying,2022,strategic_collaboration_in_managing_existing_buildings_in_new_zealands_state_schools_2022.pdf,2,1,1,8010,2.4968789013732833,1.2484394506866416,2017-2022
SBE,Quantity_Surveying,2022,towards_effective_implementation_of_carbon_reduction_strategies_in_construction_procurement_2022.pdf,2,2,0,7086,2.822466836014677,2.822466836014677,2017-2022
SBE,Quantity_Surveying,2022,towards_zero_carbon_buildings_2022.pdf,4,4,0,8362,4.783544606553456,4.783544606553456,2017-2022
SBE,Quantity_Surveying,2022,zero_carbon_refurbishment_for_existing_buildings_2022.pdf,13,6,7,4961,26.20439427534771,12.094335819391251,2017-2022
SMCS,Computer Science,2012,an_agent_based_model_of_the_battle_of_isandlwana_2012.pdf,1,1,0,5557,1.7995321216483713,1.7995321216483713,2012-2016
SMCS,Computer Science,2012,an_approach_to_parallel_class_expression_learning_2012.pdf,4,0,4,6247,6.403073475268129,0.0,2012-2016
SMCS,Computer Science,2012,applying_a_framework_to_evaluate_assignment_marking_software_2012.pdf,3,1,2,5891,5.092514004413513,1.6975046681378374,2012-2016
SMCS,Computer Science,2012,automatic_stress_exaggeration_by_prosody_modification_to_assist_language_learners_perceive_sentence_stress_2012.pdf,3,2,1,9375,3.2,2.1333333333333333,2012-2016
SMCS,Computer Science,2012,a_robust_joint_face_model_for_human_emotion_recognition_2012.pdf,1,1,0,4683,2.135383301302584,2.135383301302584,2012-2016
SMCS,Computer Science,2012,gestural_control_of_household_appliances_for_the_physically_impaired_2012.pdf,3,1,2,5059,5.930025696778019,1.97667523225934,2012-2016
SMCS,Computer Science,2012,graph_oriented_learning_via_automatic_group_sparsity_for_data_analysis_2012.pdf,2,1,1,7023,2.847785846504343,1.4238929232521715,2012-2016
SMCS,Computer Science,2012,knowledge_representation_and_reasoning_for_sensory_rich_smart_environments_to_support_independent_living_2012.pdf,13,9,4,21835,5.953743989008472,4.12182276162125,2012-2016
SMCS,Computer Science,2012,methodologies_for_qualitative_spatial_and_temporal_reasoning_application_design_2012.pdf,5,2,3,17448,2.865657955066483,1.1462631820265932,2012-2016
SMCS,Computer Science,2012,mining_bridging_rules_between_conceptual_clusters_2012.pdf,3,2,1,8108,3.7000493339911196,2.4666995559940803,2012-2016
SMCS,Computer Science,2012,multi_phase_updating_2012.pdf,3,0,3,5145,5.830903790087463,0.0,2012-2016
SMCS,Computer Science,2012,pathways_for_improving_support_for_the_electronic_management_and_marking_of_assignments_2012.pdf,5,3,2,6392,7.822277847309136,4.693366708385482,2012-2016
SMCS,Computer Science,2012,simulating_anaesthetic_effects_on_a_network_of_spiking_neurons_with_graphics_processing_units_2012.pdf,1,0,1,5730,1.7452006980802792,0.0,2012-2016
SMCS,Computer Science,2012,simulating_the_generalised_spatial_lotka_volterra_equations_with_multiple_species_on_gpus_with_automatic_code_generation_2012.pdf,1,0,1,5612,1.7818959372772631,0.0,2012-2016
SMCS,Computer Science,2012,solving_the_traveling_tournament_problem_with_iterative_deepening_a_2012.pdf,0,0,0,1490,0.0,0.0,2012-2016
SMCS,Computer Science,2012,spatio_temporal_footprints_2012.pdf,4,1,3,3817,10.479434110558032,2.619858527639508,2012-2016
SMCS,Computer Science,2012,the_role_of_institutions_in_creating_student_focused_virtual_learning_spaces_with_eportfolio_systems_2012.pdf,0,0,0,129,0.0,0.0,2012-2016
SMCS,Computer Science,2012,two_way_parallel_class_expression_learning_2012.pdf,2,0,2,7818,2.5581990278843696,0.0,2012-2016
SMCS,Computer Science,2013,adaptive_support_framework_for_wisdom_web_of_things_2013.pdf,3,2,1,8105,3.701418877236274,2.4676125848241828,2012-2016
SMCS,Computer Science,2013,an_approach_to_numeric_refinement_in_description_logic_learning_for_learning_activities_duration_in_smart_homes_2013.pdf,2,0,2,5219,3.8321517532094274,0.0,2012-2016
SMCS,Computer Science,2013,a_fuzzy_set_approach_to_representing_spatio_temporal_and_environmental_context_2013.pdf,3,1,2,2553,11.750881316098708,3.916960438699569,2012-2016
SMCS,Computer Science,2013,computational_analysis_of_emotion_dynamics_2013.pdf,2,1,1,3853,5.190760446405398,2.595380223202699,2012-2016
SMCS,Computer Science,2013,emergent_system_effects_from_microscopic_evasion_choices_in_a_predator_prey_simulation_2013.pdf,2,2,0,4745,4.214963119072708,4.214963119072708,2012-2016
SMCS,Computer Science,2013,forecasting_the_behavior_of_an_elderly_using_wireless_sensors_data_in_a_smart_home_2013.pdf,7,2,5,10774,6.497122702803044,1.8563207722294413,2012-2016
SMCS,Computer Science,2013,from_object_recognition_to_activity_interpretation_and_back_based_on_point_cloud_data_2013.pdf,1,0,1,4609,2.1696680407897593,0.0,2012-2016
SMCS,Computer Science,2013,human_behavior_recognition_technologies_2013.pdf,7,4,3,18918,3.700179723015118,2.114388413151496,2012-2016
SMCS,Computer Science,2013,interpreting_observed_action_2013.pdf,32,17,15,40441,7.9127618011424055,4.203654706856903,2012-2016
SMCS,Computer Science,2013,introducing_a_gestation_period_of_time_delayed_benefit_into_an_animat_based_artificial_life_model_2013.pdf,0,0,0,163,0.0,0.0,2012-2016
SMCS,Computer Science,2013,modelling_predator_camouflage_behaviour_and_tradeoffs_in_an_agent_based_animat_model_2013.pdf,0,0,0,113,0.0,0.0,2012-2016
SMCS,Computer Science,2013,online_selective_kernel_based_temporal_difference_learning_2013.pdf,9,5,4,11547,7.79423226812159,4.330129037845327,2012-2016
SMCS,Computer Science,2013,recommendations_to_university_managers_for_facilitating_engagement_of_academics_with_teaching_2013.pdf,1,0,1,6097,1.6401508938822371,0.0,2012-2016
SMCS,Computer Science,2013,statistical_modelling_of_complex_emotions_using_mixture_of_von_mises_distributions_2013.pdf,4,2,2,4861,8.228759514503189,4.114379757251594,2012-2016
SMCS,Computer Science,2013,teaching_groups_as_contexts_for_learning_about_teaching_in_higher_education_2013.pdf,0,0,0,428,0.0,0.0,2012-2016
SMCS,Computer Science,2013,transductive_cost_sensitive_lung_cancer_image_classification_2013.pdf,10,6,4,9229,10.835410120273053,6.501246072163831,2012-2016
SMCS,Computer Science,2014,enhancing_competence_and_autonomy_in_computer_based_instruction_using_a_skill_challenge_balancing_strategy_2014.pdf,0,0,0,117,0.0,0.0,2012-2016
SMCS,Computer Science,2014,feature_selection_for_least_squares_projection_twin_support_vector_machine_2014.pdf,2,2,0,9077,2.203371157871543,2.203371157871543,2012-2016
SMCS,Computer Science,2014,gaussian_process_based_real_time_ground_segmentation_for_autonomous_land_vehicles_2014.pdf,14,4,10,11286,12.404749246854509,3.54421407052986,2012-2016
SMCS,Computer Science,2014,graph_based_learning_via_auto_grouped_sparse_regularization_and_kernelized_extension_2014.pdf,0,0,0,201,0.0,0.0,2012-2016
SMCS,Computer Science,2014,prca_a_parallel_relational_concept_analysis_framework_2014.pdf,34,16,18,40557,8.38326306186355,3.9450649702887297,2012-2016
SMCS,Computer Science,2014,towards_using_relevant_collegial_contexts_for_academic_development_2014.pdf,1,1,0,9063,1.1033873993158998,1.1033873993158998,2012-2016
SMCS,Computer Science,2014,unsupervised_discriminant_canonical_correlation_analysis_for_feature_fusion_2014.pdf,1,0,1,4619,2.164970772894566,0.0,2012-2016
SMCS,Computer Science,2015,assessment_of_students_cognitive_affective_states_in_learning_within_a_computer_based_environment_effects_on_performance_2015.pdf,3,1,2,8202,3.65764447695684,1.21921482565228,2012-2016
SMCS,Computer Science,2015,a_fuzzy_set_approach_to_expressing_preferences_in_spatial_reasoning_2015.pdf,1,1,0,4768,2.097315436241611,2.097315436241611,2012-2016
SMCS,Computer Science,2015,a_practitioners_guide_to_learning_analytics_2015.pdf,1,0,1,1914,5.2246603970741905,0.0,2012-2016
SMCS,Computer Science,2015,can_learning_analytics_provide_useful_insights_2015.pdf,1,0,1,3074,3.253090435914119,0.0,2012-2016
SMCS,Computer Science,2015,identifying_teaching_groups_as_a_basis_for_academic_development_2015.pdf,1,1,0,7320,1.366120218579235,1.366120218579235,2012-2016
SMCS,Computer Science,2015,spatial_health_systems_2015.pdf,13,8,5,13779,9.434646926482328,5.805936570142972,2012-2016
SMCS,Computer Science,2015,towards_an_agent_based_simulation_of_predators_developing_a_search_image_2015.pdf,4,4,0,4679,8.548835221201111,8.548835221201111,2012-2016
SMCS,Computer Science,2016,an_argument_for_research_significance_2016.pdf,0,0,0,1578,0.0,0.0,2012-2016
SMCS,Computer Science,2016,a_question_of_ethics_2016.pdf,1,0,1,1896,5.274261603375527,0.0,2012-2016
SMCS,Computer Science,2016,a_supervised_learning_approach_for_behaviour_recognition_in_smart_homes_2016.pdf,4,0,4,7716,5.184033177812338,0.0,2012-2016
SMCS,Computer Science,2016,a_web-based_environment_to_teach_introductory_programming_based_on_a_bi-directional_layered_notional_machine_2016.pdf,1,0,1,5170,1.9342359767891681,0.0,2012-2016
SMCS,Computer Science,2016,bring_your_own_devices_classroom_2016.pdf,4,1,3,5999,6.667777962993832,1.666944490748458,2012-2016
SMCS,Computer Science,2016,from_tinkering_to_systemic_change_2016.pdf,2,1,1,1806,11.074197120708748,5.537098560354374,2012-2016
SMCS,Computer Science,2016,geospatial_reasoning_with_open_data_2016.pdf,6,4,2,13355,4.492699363534257,2.995132909022838,2012-2016
SMCS,Computer Science,2016,group_based_alternating_direction_method_of_multipliers_for_distributed_linear_classification_2016.pdf,6,3,3,13640,4.39882697947214,2.19941348973607,2012-2016
SMCS,Computer Science,2016,likelihood_field_model_based_dynamic_vehicle_detection_and_tracking_for_self_driving_2016.pdf,7,2,5,14318,4.888950970805978,1.396843134515994,2012-2016
SMCS,Computer Science,2016,model_structure_optimisation_in_lattice_oriented_agent_based_models_2016.pdf,7,4,3,5327,13.140604467805518,7.5089168387460115,2012-2016
SMCS,Computer Science,2016,optimization_of_traffic_signals_using_deep_learning_neural_networks_2016.pdf,138,77,61,291328,4.7369288224956065,2.643068980667838,2012-2016
SMCS,Computer Science,2016,predicting_user_preferences_of_environment_design_2016.pdf,8,2,6,6327,12.644223170538961,3.1610557926347402,2012-2016
SMCS,Computer Science,2016,the_effect_of_changing_search_patterns_in_an_agent_based_model_2016.pdf,3,2,1,3986,7.526342197691922,5.017561465127947,2012-2016
SMCS,Computer Science,2016,understanding_learning_outcome_divide_in_the_learning_process_from_a_teachers_perspective_2016.pdf,8,2,6,6652,12.026458208057727,3.006614552014432,2012-2016
SMCS,Computer Science,2016,working_toward_automated_coding_in_general_practice_2016.pdf,7,1,6,6196,11.297611362169143,1.6139444803098772,2012-2016
SMCS,Computer Science,2017,anonymizing_knn_classification_on_mapreduce_2017.pdf,2,2,0,5688,3.5161744022503516,3.5161744022503516,2017-2022
SMCS,Computer Science,2017,a_comparison_and_analysis_of_rgb_d_cameras_depth_performance_for_robotics_application_2017.pdf,0,0,0,133,0.0,0.0,2017-2022
SMCS,Computer Science,2017,a_longitudinal_journey_with_byod_classrooms_issues_of_access_capability_and_outcome_divides_2017.pdf,14,7,7,13922,10.056026432983765,5.028013216491883,2017-2022
SMCS,Computer Science,2017,a_new_first_break_picking_for_three_component_vsp_data_using_gesture_sensor_and_polarization_analysis_2017.pdf,9,3,6,9311,9.665986467618945,3.221995489206315,2017-2022
SMCS,Computer Science,2017,buffering_fuzzy_maps_in_gis_2017.pdf,11,3,8,4864,22.61513157894737,6.167763157894736,2017-2022
SMCS,Computer Science,2017,efficient_knn_classification_with_different_numbers_of_nearest_neighbors_2017.pdf,7,3,4,10571,6.621890076624728,2.8379528899820263,2017-2022
SMCS,Computer Science,2017,evolving_digital_divides_in_information_literacy_and_learning_outcomes_2017.pdf,2,1,1,9618,2.079434393844874,1.039717196922437,2017-2022
SMCS,Computer Science,2017,intelligent_digital_environment_for_wellbeing_and_health_2017.pdf,3,3,0,744,40.32258064516129,40.32258064516129,2017-2022
SMCS,Computer Science,2017,modular_web_service_design_for_agility_and_maintainability_with_unity_container_2017.pdf,0,0,0,157,0.0,0.0,2017-2022
SMCS,Computer Science,2017,moving_beyond_access_and_skills_2017.pdf,11,6,5,9054,12.149326264634416,6.626905235255136,2017-2022
SMCS,Computer Science,2017,multidimensional_region_connection_calculus_2017.pdf,3,2,1,5093,5.890437855880621,3.9269585705870806,2017-2022
SMCS,Computer Science,2017,parallel_symmetric_class_expression_learning_2017.pdf,5,1,4,14913,3.352779454167505,0.670555890833501,2017-2022
SMCS,Computer Science,2017,regularization_feature_selection_projection_twin_support_vector_machine_via_exterior_penalty_2017.pdf,5,3,2,9897,5.05203597049611,3.031221582297666,2017-2022
SMCS,Computer Science,2017,shifting_interpolation_kernel_toward_orthogonal_projection_2017.pdf,7,2,5,9113,7.681334357511248,2.194666959288928,2017-2022
SMCS,Computer Science,2017,speaker_identification_features_extraction_methods_a_systematic_review_2017.pdf,0,0,0,283,0.0,0.0,2017-2022
SMCS,Computer Science,2017,teaching_groups_as_midlevel_sociocultural_contexts_for_developing_teaching_and_learning_2017.pdf,1,1,0,7393,1.3526308670363856,1.3526308670363856,2017-2022
SMCS,Computer Science,2017,the_endeavour_of_academic_publishing_2017.pdf,3,3,0,1816,16.519823788546255,16.519823788546255,2017-2022
SMCS,Computer Science,2017,why_cant_i_crack_the_code_to_getting_published_2017.pdf,3,0,3,2121,14.144271570014144,0.0,2017-2022
SMCS,Computer Science,2018,a security sandbox approach of android based on hook mechanism_2018.pdf,3,1,2,5531,5.4239739649249685,1.807991321641656,2017-2022
SMCS,Computer Science,2018,an_exception_handling_approach_for_privacy_preserving_service_recommendation_failure_in_a_cloud_environment_2018.pdf,4,1,3,9966,4.013646397752358,1.0034115994380894,2017-2022
SMCS,Computer Science,2018,an_investigation_of_skeleton_based_optical_flow_guided_features_for_3d_action_recognition_using_a_multi_stream_cnn_model_2018.pdf,0,0,0,132,0.0,0.0,2017-2022
SMCS,Computer Science,2018,a_blockchain_based_scheme_for_secure_sharing_of_x_ray_medical_images_2018.pdf,4,3,1,5343,7.486430844095079,5.614823133071309,2017-2022
SMCS,Computer Science,2018,a_caution_about_causation_2018.pdf,4,2,2,2135,18.73536299765808,9.36768149882904,2017-2022
SMCS,Computer Science,2018,back_to_the_future_with_old_fashioned_conversations_2018.pdf,118,70,48,339677,3.4738884293019545,2.0607812716198035,2017-2022
SMCS,Computer Science,2018,durable_relationship_prediction_and_description_using_a_large_dynamic_graph_2018.pdf,6,3,3,12422,4.830140074062148,2.415070037031074,2017-2022
SMCS,Computer Science,2018,entropy_based_feature_extraction_algorithm_for_stone_carving_character_detection_2018.pdf,1,1,0,5194,1.9252984212552946,1.9252984212552946,2017-2022
SMCS,Computer Science,2018,ghtraffic_2018.pdf,1,0,1,6162,1.6228497241155468,0.0,2017-2022
SMCS,Computer Science,2018,how_international_is_ajet_2018.pdf,1,0,1,2944,3.3967391304347827,0.0,2017-2022
SMCS,Computer Science,2018,hybrid_conditional_random_field_based_camera_lidar_fusion_for_road_detection_2018.pdf,5,2,3,11069,4.5171198843617315,1.8068479537446924,2017-2022
SMCS,Computer Science,2018,joint_self_representation_and_subspace_learning_for_unsupervised_feature_selection_2018.pdf,3,1,2,5971,5.0242840395243675,1.6747613465081226,2017-2022
SMCS,Computer Science,2018,joint_user_knowledge_and_matrix_factorization_for_recommender_systems_2018.pdf,9,3,6,10083,8.925914906277894,2.9753049687592976,2017-2022
SMCS,Computer Science,2018,missing_data_estimation_in_mobile_sensing_environments_2018.pdf,6,5,1,11956,5.018400802944129,4.182000669120107,2017-2022
SMCS,Computer Science,2018,review_on_mining_data_from_multiple_data_sources_2018.pdf,10,4,6,11152,8.96700143472023,3.586800573888092,2017-2022
SMCS,Computer Science,2018,self_representation_and_pca_embedding_for_unsupervised_feature_selection_2018.pdf,1,1,0,5876,1.7018379850238257,1.7018379850238257,2017-2022
SMCS,Computer Science,2018,student_and_staff_as_partners_in_learning_and_assessment_conversations_2018.pdf,1,0,1,1673,5.977286312014345,0.0,2017-2022
SMCS,Computer Science,2018,the_detection_of_criminal_groups_in_real_world_fused_data_2018.pdf,7,5,2,11213,6.242753946312316,4.459109961651654,2017-2022
SMCS,Computer Science,2018,the_role_of_grouping_in_sketched_diagram_recognition_2018.pdf,10,5,5,10195,9.808729769494851,4.904364884747426,2017-2022
SMCS,Computer Science,2018,towards_3d_human_action_recognition_using_a_distilled_cnn_model_2018.pdf,0,0,0,145,0.0,0.0,2017-2022
SMCS,Computer Science,2018,toward_three_dimensional_human_action_recognition_using_a_convolutional_neural_network_with_correctness_vigilant_regularizer_2018.pdf,1,0,1,303,33.00330033003301,0.0,2017-2022
SMCS,Computer Science,2018,user_requirements_for_technology_to_assist_aging_in_place_2018.pdf,9,7,2,6146,14.64367068011715,11.389521640091116,2017-2022
SMCS,Computer Science,2018,using_spatio_temporal_anomalies_to_detect_abnormal_behaviour_in_smart_homes_2018.pdf,2,1,1,4313,4.637143519591931,2.3185717597959656,2017-2022
SMCS,Computer Science,2019,a_blockchain_based_authentication_protocol_for_wlan_mesh_security_access_2019.pdf,4,2,2,4704,8.503401360544217,4.2517006802721085,2017-2022
SMCS,Computer Science,2019,a_blockchain_based_data_monitoring_and_sharing_approach_for_smart_grids_2019.pdf,7,5,2,6719,10.418216996576872,7.4415835689834795,2017-2022
SMCS,Computer Science,2019,a_high_order_state_of_charge_estimation_model_by_cubature_particle_filter_2019.pdf,0,0,0,115,0.0,0.0,2017-2022
SMCS,Computer Science,2019,a_modification_of_rcc_9_2019.pdf,2,1,1,5571,3.5900197451085982,1.7950098725542991,2017-2022
SMCS,Computer Science,2019,a_new_local_density_and_relative_distance_based_spectrum_clustering_2019.pdf,4,3,1,5195,7.699711260827718,5.774783445620789,2017-2022
SMCS,Computer Science,2019,a_novel_deep_structure_u_net_for_sea_land_segmentation_in_remote_sensing_images_2019.pdf,5,4,1,11488,4.352367688022284,3.481894150417827,2017-2022
SMCS,Computer Science,2019,a_proposal_for_student_centred_first_year_teaching_2019.pdf,1,0,1,368,27.17391304347826,0.0,2017-2022
SMCS,Computer Science,2019,a_reliable_strategy_for_improving_automatic_first_arrival_picking_of_high_noise_three_component_microseismic_data_2019.pdf,1,0,1,281,35.587188612099645,0.0,2017-2022
SMCS,Computer Science,2019,a_survey_on_an_emerging_area_deep_learning_for_smart_city_data_2019.pdf,25,14,11,18924,13.210737687592475,7.3980131050517866,2017-2022
SMCS,Computer Science,2019,background_foreground_interaction_for_moving_object_detection_in_dynamic_scenes_2019.pdf,4,2,2,10457,3.825188868700392,1.912594434350196,2017-2022
SMCS,Computer Science,2019,dictionary_based_active_learning_for_sound_event_classification_2019.pdf,4,1,3,5289,7.562866326337682,1.8907165815844205,2017-2022
SMCS,Computer Science,2019,gendered_objectification_of_weight_stigma_in_social_media_2019.pdf,10,2,8,7277,13.74192661811186,2.748385323622372,2017-2022
SMCS,Computer Science,2019,gender_diversity_population_simulations_in_an_extended_game_of_life_context_2019.pdf,4,1,3,6395,6.254886630179827,1.5637216575449568,2017-2022
SMCS,Computer Science,2019,generating_mock_skeletons_for_lightweight_web_service_testing_2019.pdf,10,3,7,6803,14.699397324709686,4.409819197412906,2017-2022
SMCS,Computer Science,2019,g_ganisr_gradual_generative_adversarial_network_for_image_super_resolution_2019.pdf,0,0,0,259,0.0,0.0,2017-2022
SMCS,Computer Science,2019,multi_scale_hierarchical_residual_network_for_dense_captioning_2019.pdf,7,4,3,7370,9.49796472184532,5.4274084124830395,2017-2022
SMCS,Computer Science,2019,particle_swarm_optimization_with_damping_factor_and_cooperative_mechanism_2019.pdf,3,2,1,3714,8.077544426494347,5.385029617662897,2017-2022
SMCS,Computer Science,2019,reduce_calibration_time_in_motor_imagery_using_spatially_regularized_symmetric_positives_definite_matrices_based_classification_2019.pdf,8,4,4,8014,9.982530571499876,4.991265285749938,2017-2022
SMCS,Computer Science,2019,relational_recurrent_neural_networks_for_polyphonic_sound_event_detection_2019.pdf,6,3,3,8413,7.131819802686319,3.5659099013431597,2017-2022
SMCS,Computer Science,2019,security_and_privacy_management_in_cross_domain_tracking_systems_within_an_e_marketing_context_2019.pdf,0,0,0,171,0.0,0.0,2017-2022
SMCS,Computer Science,2019,single_image_resolution_enhancement_by_efficient_dilated_densely_connected_residual_network_2019.pdf,0,0,0,219,0.0,0.0,2017-2022
SMCS,Computer Science,2019,small_sample_motor_imagery_classification_using_regularized_riemannian_features_2019.pdf,9,2,7,9409,9.565309809756616,2.125624402168137,2017-2022
SMCS,Computer Science,2019,spatiotemporal_saliency_based_multi_stream_networks_for_action_recognition_2019.pdf,0,0,0,157,0.0,0.0,2017-2022
SMCS,Computer Science,2019,technology_to_assist_aging_in_place_2019.pdf,7,5,2,1607,43.559427504667084,31.113876789047914,2017-2022
SMCS,Computer Science,2019,time_aware_distributed_service_recommendation_with_privacy_preservation_2019.pdf,7,3,4,7405,9.453072248480757,4.051316677920324,2017-2022
SMCS,Computer Science,2019,videos_in_higher_education_2019.pdf,3,0,3,4831,6.20989443179466,0.0,2017-2022
SMCS,Computer Science,2020,advances_in_deep_learning_for_real_time_image_and_video_reconstruction_and_processing_2020.pdf,0,0,0,1310,0.0,0.0,2017-2022
SMCS,Computer Science,2020,adversarial latent representation learning for speech enhancement_2020.pdf,3,1,2,4803,6.246096189881324,2.082032063293775,2017-2022
SMCS,Computer Science,2020,a_fast_adaptive_blockchain_consensus_algorithm_via_wlan_mesh_network_2020.pdf,3,1,2,4718,6.35862653666808,2.11954217888936,2017-2022
SMCS,Computer Science,2020,a_systematic_literature_review_2020.pdf,2,1,1,184,108.69565217391305,54.34782608695652,2017-2022
SMCS,Computer Science,2020,blockchain_meets_dag_a_blockdag_consensus_mechanism_2020.pdf,131,72,59,276016,4.746101675265202,2.6085444322068283,2017-2022
SMCS,Computer Science,2020,computational_intelligence_for_information_security_a_survey_2020.pdf,12,8,4,14815,8.09989875126561,5.399932500843739,2017-2022
SMCS,Computer Science,2020,crookies_2020.pdf,0,0,0,162,0.0,0.0,2017-2022
SMCS,Computer Science,2020,discriminative_deep_multi_task_learning_for_facial_expression_recognition_2020.pdf,3,1,2,6851,4.3789227849948915,1.4596409283316303,2017-2022
SMCS,Computer Science,2020,diversified_service_recommendation_with_high_accuracy_and_efficiency_2020.pdf,3,0,3,4127,7.26920281075842,0.0,2017-2022
SMCS,Computer Science,2020,edge_computing_and_lightning_network_empowered_secure_food_supply_management_2020.pdf,0,0,0,164,0.0,0.0,2017-2022
SMCS,Computer Science,2020,effective_and_efficient_multitask_learning_for_brain_tumor_segmentation_2020.pdf,2,1,1,6232,3.2092426187419765,1.6046213093709882,2017-2022
SMCS,Computer Science,2020,gpuanimats_simulating_animats_an_agent_based_artificial_life_model_on_graphical_processing_units_2020.pdf,6,2,4,11744,5.108991825613079,1.7029972752043596,2017-2022
SMCS,Computer Science,2020,improving_the_robustness_of_the_cross_domain_tracking_process_2020.pdf,0,0,0,160,0.0,0.0,2017-2022
SMCS,Computer Science,2020,issues_associated_with_the_management_and_governance_of_sensor_data_and_information_to_assist_aging_in_place_2020.pdf,10,7,3,8145,12.277470841006751,8.594229588704726,2017-2022
SMCS,Computer Science,2020,multi_dimensional_quality_driven_service_recommendation_with_privacy_preservation_in_mobile_edge_environment_2020.pdf,2,0,2,7843,2.5500446257809513,0.0,2017-2022
SMCS,Computer Science,2020,predicting_activities_of_daily_living_with_spatio_temporal_information_2020.pdf,2,0,2,5965,3.3528918692372174,0.0,2017-2022
SMCS,Computer Science,2020,road_segmentation_for_remote_sensing_images_using_adversarial_spatial_pyramid_networks_2020.pdf,7,2,5,12791,5.472597920412791,1.5635994058322256,2017-2022
SMCS,Computer Science,2020,spatiotemporal_saliency_based_multi_stream_networks_with_attention_aware_lstm_for_action_recognition_2020.pdf,8,6,2,6967,11.482704176833645,8.612028132625234,2017-2022
SMCS,Computer Science,2020,the_evolving_field_of_learning_analytics_research_in_higher_education_2020.pdf,2,1,1,4755,4.206098843322818,2.103049421661409,2017-2022
SMCS,Computer Science,2020,tpack_time_to_reboot_2020.pdf,2,1,1,4986,4.011231448054552,2.005615724027276,2017-2022
SMCS,Computer Science,2020,triple_attention_network_for_video_segmentation_2020.pdf,0,0,0,110,0.0,0.0,2017-2022
SMCS,Computer Science,2020,using_rough_sets_to_improve_activity_recognition_based_on_sensor_data_2020.pdf,3,1,2,5663,5.297545470598623,1.7658484901995408,2017-2022
SMCS,Computer Science,2021,analysis_of_technology_mediated_pedagogies_2021.pdf,0,0,0,337,0.0,0.0,2017-2022
SMCS,Computer Science,2021,an_effective_content_based_event_recommendation_model_2021.pdf,8,5,3,7356,10.87547580206634,6.7971723762914635,2017-2022
SMCS,Computer Science,2021,a_comprehensive_review_on_critical_issues_and_possible_solutions_of_motor_imagery_based_electroencephalography_brain_computer_interface_2021.pdf,17,5,12,23376,7.272416153319644,2.138945927446954,2017-2022
SMCS,Computer Science,2021,a_multi_instance_multi_label_dual_learning_approach_for_video_captioning_2021.pdf,0,0,0,226,0.0,0.0,2017-2022
SMCS,Computer Science,2021,a_novel_webpage_layout_aesthetic_evaluation_model_for_quantifying_webpage_layout_design_2021.pdf,0,0,0,181,0.0,0.0,2017-2022
SMCS,Computer Science,2021,blockchain_based_mobile_edge_computing_system_2021.pdf,9,5,4,6889,13.0643054144288,7.257947452460445,2017-2022
SMCS,Computer Science,2021,cascaded_segmented_matting_network_for_human_matting_2021.pdf,5,3,2,7378,6.776904310111141,4.066142586066685,2017-2022
SMCS,Computer Science,2021,deepf0_end_to_end_fundamental_frequency_estimation_for_music_and_speech_signals_2021.pdf,3,3,0,4527,6.626905235255136,6.626905235255136,2017-2022
SMCS,Computer Science,2021,exploring_course_evaluations_based_on_self_determination_theory_2021.pdf,4,2,2,7953,5.029548598013328,2.514774299006664,2017-2022
SMCS,Computer Science,2021,fuzzy_rough_sets_and_fuzzy_rough_neural_networks_for_feature_selection_a_review_2021.pdf,10,4,6,10809,9.25154963456379,3.7006198538255157,2017-2022
SMCS,Computer Science,2021,image_synthesis_with_adversarial_networks_a_comprehensive_survey_and_case_studies_2021.pdf,16,7,9,17395,9.198045415349238,4.0241448692152915,2017-2022
SMCS,Computer Science,2021,improving_entity_linking_through_semantic_reinforced_entity_embeddings_2021.pdf,8,3,5,3978,20.110608345902463,7.541478129713425,2017-2022
SMCS,Computer Science,2021,interpreting_academic_integrity_transgressions_among_learning_communities_2021.pdf,8,4,4,9656,8.285004142502071,4.142502071251036,2017-2022
SMCS,Computer Science,2021,leveraging_informal_learning_practices_for_broadening_participation_in_university_education_2021.pdf,6,5,1,6885,8.714596949891067,7.262164124909223,2017-2022
SMCS,Computer Science,2021,motion_saliency_based_multi_stream_multiplier_resnets_for_action_recognition_2021.pdf,0,0,0,168,0.0,0.0,2017-2022
SMCS,Computer Science,2021,multi_cue_based_3d residual network for action recognition_2021.pdf,11,7,4,10100,10.891089108910892,6.930693069306931,2017-2022
SMCS,Computer Science,2021,multi_cue_based_four_stream_3d_resnets_for_video_based_action_recognition_2021.pdf,0,0,0,128,0.0,0.0,2017-2022
SMCS,Computer Science,2021,online_tracking_2021.pdf,4,0,4,10881,3.6761327083907727,0.0,2017-2022
SMCS,Computer Science,2021,robust_multi_view_continuous_subspace_clustering_2021.pdf,7,3,4,7262,9.639217846323326,4.131093362709997,2017-2022
SMCS,Computer Science,2021,towards_the_objective_speech_assessment_of_smoking_status_based_on_voice_features_a_review_of_the_literature_2021.pdf,11,7,4,7803,14.097142124823785,8.970908624887864,2017-2022
SMCS,Computer Science,2021,underwater_species_detection_using_channel_sharpening_attention_2021.pdf,15,7,8,7557,19.84914648670107,9.262935027127167,2017-2022
SMCS,Computer Science,2022,adversarial_multi_task_learning_with_inverse_mapping_for_speech_enhancement_2022.pdf,3,1,2,5438,5.516734093416697,1.8389113644722326,2017-2022
SMCS,Computer Science,2022,an_exploration_of_course_and_cohort_communication_spaces_in_discord_teams_and_moodle_2022.pdf,8,6,2,8677,9.219776420421805,6.914832315316353,2017-2022
SMCS,Computer Science,2022,a_new_oversampling_method_and_improved_radial_basis_function_classifier_for_customer_consumption_behavior_prediction_2022.pdf,0,0,0,260,0.0,0.0,2017-2022
SMCS,Computer Science,2022,a_sense_of_community_and_camaraderie_2022.pdf,6,4,2,7678,7.814535035165408,5.209690023443605,2017-2022
SMCS,Computer Science,2022,computational_representation_and_analysis_of_emotion_dynamics_2022.pdf,4,3,1,10146,3.942440370589395,2.9568302779420463,2017-2022
SMCS,Computer Science,2022,discovery_of_behavioral_patterns_in_online_social_commerce_practice_2022.pdf,0,0,0,166,0.0,0.0,2017-2022
SMCS,Computer Science,2022,fat_stigma_and_body_objectification_2022.pdf,7,1,6,9223,7.589721348801908,1.0842459069717012,2017-2022
SMCS,Computer Science,2022,foregrounding_the_importance_of_communication_collaboration_and_an_open_mind_2022.pdf,0,0,0,954,0.0,0.0,2017-2022
SMCS,Computer Science,2022,fostering_connections_for_professional_identity_formation_2022.pdf,5,2,3,6551,7.6324225309113105,3.0529690123645246,2017-2022
SMCS,Computer Science,2022,incremental_learning_of_human_activities_in_smart_homes_2022.pdf,3,0,3,5999,5.0008334722453744,0.0,2017-2022
SMCS,Computer Science,2022,methodological_aspects_in_study_of_fat_stigma_in_social_media_contexts_2022.pdf,8,5,3,11064,7.230657989877079,4.519161243673174,2017-2022
SMCS,Computer Science,2022,what_do_you_mean_you_re_in_trafalgar_square_2022.pdf,8,7,1,7132,11.217049915872126,9.81491867638811,2017-2022
SMCS,Mathematics,2012,a_cell_growth_model_revisited_2012.pdf,5,1,4,3262,15.328019619865113,3.0656039239730224,2012-2016
SMCS,Mathematics,2012,chimeras_in_random_non_complete_networks_of_phase_oscillators_2012.pdf,6,3,3,6517,9.206690194874943,4.6033450974374714,2012-2016
SMCS,Mathematics,2012,disorder_induced_dynamics_in_a_pair_of_coupled_heterogeneous_phase_oscillator_networks_2012.pdf,5,0,5,6773,7.382253063635022,0.0,2012-2016
SMCS,Mathematics,2012,geometric_properties_of_kahans_method_2012.pdf,7,5,2,4751,14.733740265207324,10.524100189433804,2012-2016
SMCS,Mathematics,2012,managing_heterogeneity_in_the_study_of_neural_oscillator_dynamics_2012.pdf,6,3,3,8673,6.918021445866483,3.4590107229332414,2012-2016
SMCS,Mathematics,2012,preserving_energy_resp_dissipation_in_numerical_pdes_using_the_average_vector_field_method_2012.pdf,5,3,2,7646,6.539366989275438,3.923620193565263,2012-2016
SMCS,Mathematics,2012,waves_in_random_neural_media_2012.pdf,4,1,3,8337,4.797888928871297,1.1994722322178242,2012-2016
SMCS,Mathematics,2013,discrete_gradient_methods_have_an_energy_conservation_law_2013.pdf,2,0,2,2134,9.372071227741332,0.0,2012-2016
SMCS,Mathematics,2013,geodesic_warps_by_conformal_mappings_2013.pdf,4,1,3,6625,6.037735849056604,1.509433962264151,2012-2016
SMCS,Mathematics,2013,periodically_forced_piecewise_linear_adaptive_exponential_integrate_and_fire_neuron_2013.pdf,10,6,4,6976,14.334862385321102,8.600917431192661,2012-2016
SMCS,Mathematics,2013,periodically_stimulated_piecewise_linear_adaptive_exponential_integrate_and_fire_neuron_2013.pdf,1,1,0,862,11.600928074245939,11.600928074245939,2012-2016
SMCS,Mathematics,2013,symplectic_integrators_for_index_1_constraints_2013.pdf,3,1,2,5258,5.705591479650057,1.9018638265500192,2012-2016
SMCS,Mathematics,2014,a_minimal-coordinate_symplectic_integrator_on_spheres_2014.pdf,16,4,12,6696,23.894862604540023,5.973715651135006,2012-2016
SMCS,Mathematics,2014,collective_symplectic_integrators_2014.pdf,5,2,3,8728,5.728689275893675,2.2914757103574703,2012-2016
SMCS,Mathematics,2014,derivation_of_a_neural_field_model_from_a_network_of_theta_neurons_2014.pdf,2,1,1,2978,6.71591672263264,3.35795836131632,2012-2016
SMCS,Mathematics,2014,discrete_time_hamiltonian_spin_systems_2014.pdf,16,5,11,9919,16.130658332493194,5.040830728904123,2012-2016
SMCS,Mathematics,2014,geometric_generalisations_of_shake_and_rattle_2014.pdf,10,3,7,11867,8.426729586247577,2.528018875874273,2012-2016
SMCS,Mathematics,2014,heterogeneity_and_reduction_for_complex_network_dynamics_2014.pdf,0,0,0,1259,0.0,0.0,2012-2016
SMCS,Mathematics,2014,high_order_multisymplectic_runge_kutta_methods_2014.pdf,4,0,4,10579,3.781075716041214,0.0,2012-2016
SMCS,Mathematics,2014,integrability_properties_of_kahans_method_2014.pdf,11,6,5,6873,16.00465589989815,8.729812309035356,2012-2016
SMCS,Mathematics,2014,modified_trigonometric_integrators_2014.pdf,4,3,1,9013,4.438033950959725,3.3285254632197936,2012-2016
SMCS,Mathematics,2014,numerical_bifurcation_theory_for_high_dimensional_neural_models_2014.pdf,9,3,6,11667,7.714065312419645,2.5713551041398817,2012-2016
SMCS,Mathematics,2014,on_conformal_variational_problems_and_free_boundary_continua_2014.pdf,3,0,3,9686,3.0972537683254178,0.0,2012-2016
SMCS,Mathematics,2014,partially_coherent_twisted_states_in_arrays_of_coupled_phase_oscillators_2014.pdf,4,1,3,5846,6.842285323297982,1.7105713308244954,2012-2016
SMCS,Mathematics,2014,pde_methods_for_two_dimensional_neural_fields_2014.pdf,7,4,3,6189,11.310389400549363,6.463079657456778,2012-2016
SMCS,Mathematics,2014,symplectic_integrators_for_spin_systems_2014.pdf,7,2,5,3196,21.90237797246558,6.25782227784731,2012-2016
SMCS,Mathematics,2014,taking_the_pulse_2014.pdf,5,4,1,5163,9.684292078249081,7.747433662599264,2012-2016
SMCS,Mathematics,2014,tumour_cell_biology_and_some_new_non_local_calculus_2014.pdf,0,0,0,1887,0.0,0.0,2012-2016
SMCS,Mathematics,2015,a_cell_growth_model_adapted_for_the_minimum_cell_size_division_2015.pdf,1,0,1,5407,1.84945441094877,0.0,2012-2016
SMCS,Mathematics,2015,a_model_for_asymmetrical_cell_division_2015.pdf,1,0,1,4167,2.3998080153587713,0.0,2012-2016
SMCS,Mathematics,2015,butcher_series_2015.pdf,4,1,3,7554,5.295207836907599,1.3238019592268997,2012-2016
SMCS,Mathematics,2015,chimeras_in_networks_with_purely_local_coupling_2015.pdf,2,0,2,2659,7.5216246709289205,0.0,2012-2016
SMCS,Mathematics,2015,coarse_grained_clustering_dynamics_of_heterogeneously_coupled_neurons_2015.pdf,6,2,4,9407,6.378228978420325,2.1260763261401086,2012-2016
SMCS,Mathematics,2015,collective_lie_poisson_integrators_on_ℝ3_2015.pdf,3,0,3,4948,6.063055780113178,0.0,2012-2016
SMCS,Mathematics,2015,discretization_of_polynomial_vector_fields_by_polarization_2015.pdf,7,3,4,4639,15.089458935115326,6.466910972192283,2012-2016
SMCS,Mathematics,2015,equation_free_analysis_of_spike_timing_dependent_plasticity_2015.pdf,16,8,8,9994,16.009605763458076,8.004802881729038,2012-2016
SMCS,Mathematics,2015,exact_neural_fields_incorporating_gap_junctions_2015.pdf,13,7,6,9831,13.223476757196623,7.120333638490489,2012-2016
SMCS,Mathematics,2015,modeling_heterogeneity_in_networks_using_uncertainty_quantification_tools_2015.pdf,10,4,6,7001,14.283673760891302,5.713469504356521,2012-2016
SMCS,Mathematics,2015,solutions_to_an_advanced_functional_partial_differential_equation_of_the_pantograph_type_2015.pdf,4,0,4,7094,5.638567803777841,0.0,2012-2016
SMCS,Mathematics,2015,the_multisymplectic_diamond_scheme_2015.pdf,3,0,3,8373,3.582945180938731,0.0,2012-2016
SMCS,Mathematics,2016,a_mechanistic_model_of_hydrogen_methanogen_dynamics_in_the_rumen_2016.pdf,5,5,0,6123,8.165931732810714,8.165931732810714,2012-2016
SMCS,Mathematics,2016,bumps_in_small-world_networks_2016.pdf,15,2,13,7322,20.486205954657198,2.731494127287626,2012-2016
SMCS,Mathematics,2016,b_series_methods_are_exactly_the_affine_equivariant_methods_2016.pdf,9,4,5,8718,10.323468685478321,4.588208304657031,2012-2016
SMCS,Mathematics,2016,chimera_states_in_networks_of_phase_oscillators_2016.pdf,8,4,4,8037,9.953962921488118,4.976981460744059,2012-2016
SMCS,Mathematics,2016,dimension_reduction_in_heterogeneous_neural_networks _2016.pdf,9,5,4,7058,12.751487673561916,7.084159818645508,2012-2016
SMCS,Mathematics,2016,efficient_and_accurate_methods_for_solving_the_time_dependent_spin_1_gross_pitaevskii_equation_2016.pdf,1,1,0,6460,1.5479876160990713,1.5479876160990713,2012-2016
SMCS,Mathematics,2016,exact_analytical_expressions_for_the_final_epidemic_size_of_an_sir_model_on_small_networks_2016.pdf,5,3,2,6195,8.071025020177562,4.842615012106537,2012-2016
SMCS,Mathematics,2016,geometry_of_discrete-time_spin_systems_2016.pdf,5,0,5,5876,8.509189925119129,0.0,2012-2016
SMCS,Mathematics,2016,modeling_heterogeneity_in_networks_using_polynomial_chaos_2016.pdf,10,4,6,7372,13.564839934888768,5.425935973955507,2012-2016
SMCS,Mathematics,2016,möbius_invariants_of_shapes_and_images_2016.pdf,5,2,3,13002,3.845562221196739,1.5382248884786958,2012-2016
SMCS,Mathematics,2016,neural_field_models_with_threshold_noise_2016.pdf,2,0,2,9044,2.2114108801415306,0.0,2012-2016
SMCS,Mathematics,2016,probability_density_function_solutions_to_a_bessel_type_pantograph_equation_2016.pdf,2,1,1,4039,4.951720722951226,2.475860361475613,2012-2016
SMCS,Mathematics,2016,symmetry_reduction_for_central_force_problems_2016.pdf,7,3,4,7217,9.699321047526674,4.156851877511431,2012-2016
SMCS,Mathematics,2016,the_use_of_discrete_gradient_methods_for_total_variation_type_regularization_problems_in_image_processing_2016.pdf,7,2,5,7609,9.19963201471941,2.6284662899198317,2012-2016
SMCS,Mathematics,2016,travelling_waves_in_arrays_of_delay_coupled_phase_oscillators_2016.pdf,16,8,8,7459,21.45059659471779,10.725298297358895,2012-2016
SMCS,Mathematics,2016,travelling_wave_solutions_of_multisymplectic_discretizations_of_semi_linear_wave_equations_2016.pdf,5,1,4,9532,5.245488879563576,1.0490977759127151,2012-2016
SMCS,Mathematics,2016,waves_in_spatially_disordered_neural_fields_2016.pdf,4,0,4,7785,5.138086062941555,0.0,2012-2016
SMCS,Mathematics,2017,a_minimal_variable_symplectic_integrator_on_spheres_2017.pdf,8,2,6,8331,9.602688752850797,2.4006721882126993,2017-2022
SMCS,Mathematics,2017,chimeras_in_two_dimensional_domains_2017.pdf,21,12,9,13997,15.003214974637423,8.573265699792813,2017-2022
SMCS,Mathematics,2017,coarse_grained_descriptions_of_dynamics_for_networks_with_both_intrinsic_and_structural_heterogeneities_2017.pdf,19,7,12,10960,17.335766423357665,6.386861313868613,2017-2022
SMCS,Mathematics,2017,discrete_gradient_methods_for_solving_variational_image_regularisation_models_2017.pdf,9,2,7,8386,10.732172668733604,2.3849272597185784,2017-2022
SMCS,Mathematics,2017,parametric_study_of_e_coli_incidence_with_reference_to_the_new_zealand_freshwater_standards_and_the_manawatū_whanganui_region_2017.pdf,112,110,2,17787,62.967335694608416,61.84291898577613,2017-2022
SMCS,Mathematics,2017,phase_oscillator_network_models_of_brain_dynamics_2017.pdf,11,7,4,6488,16.954377311960542,10.789149198520345,2017-2022
SMCS,Mathematics,2017,two_classes_of_quadratic_vector_fields_for_which_the_kahan_discretization_is_integrable_2017.pdf,4,3,1,854,46.8384074941452,35.1288056206089,2017-2022
SMCS,Mathematics,2018,asymmetric_cell_division_with_stochastic_growth_rate_2018.pdf,3,0,3,4404,6.8119891008174385,0.0,2017-2022
SMCS,Mathematics,2018,a_functional_partial_differential_equation_arising_in_a_cell_growth_model_with_dispersion_2018.pdf,3,1,2,6157,4.872502842293325,1.6241676140977748,2017-2022
SMCS,Mathematics,2018,bifurcation_of_solutions_to_hamiltonian_boundary_value_problems_2018.pdf,11,1,10,14945,7.360321177651389,0.6691201070592172,2017-2022
SMCS,Mathematics,2018,cell_division_and_the_pantograph_equation_2018.pdf,4,1,3,5202,7.6893502499038835,1.9223375624759709,2017-2022
SMCS,Mathematics,2018,chaos_in_small_networks_of_theta_neurons_2018.pdf,3,1,2,4686,6.402048655569782,2.1340162185232607,2017-2022
SMCS,Mathematics,2018,explicit_solution_and_fine_asymptotics_for_a_critical_growth_fragmentation_equation_2018.pdf,8,6,2,5153,15.524936929943722,11.643702697457792,2017-2022
SMCS,Mathematics,2018,hamiltonian_boundary_value_problems_conformal_symplectic_symmetries_and_conjugate_loci_2018.pdf,3,0,3,7419,4.043671653861706,0.0,2017-2022
SMCS,Mathematics,2018,on_a_cell_division_equation_with_a_linear_growth_rate_2018.pdf,3,1,2,7738,3.8769707934866893,1.2923235978288963,2017-2022
SMCS,Mathematics,2018,symplectic_integration_of_pdes_using_clebsch_variables_2018.pdf,7,2,5,8014,8.73471425006239,2.495632642874969,2017-2022
SMCS,Mathematics,2018,the_dynamics_of_networks_of_identical_theta_neurons_2018.pdf,5,2,3,9146,5.466870763175158,2.1867483052700636,2017-2022
SMCS,Mathematics,2019,currents_and_finite_elements_as_tools_for_shape_space_2019.pdf,6,4,2,12654,4.74158368895211,3.1610557926347402,2017-2022
SMCS,Mathematics,2019,dynamics_and_stability_of_chimera_states_in_two_coupled_populations_of_oscillators_2019.pdf,6,0,6,8024,7.477567298105684,0.0,2017-2022
SMCS,Mathematics,2019,generalised_probability_mass_function_for_the_final_epidemic_size_of_an_sir_model_on_a_line_of_triangles_network_2019.pdf,2,0,2,11032,1.8129079042784626,0.0,2017-2022
SMCS,Mathematics,2019,men_will_stretch_out_their_eyes_2019.pdf,4,2,2,2829,14.139271827500885,7.069635913750442,2017-2022
SMCS,Mathematics,2019,modelling_thermodynamic_feedback_on_the_metabolism_of_hydrogenotrophic_methanogens_2019.pdf,4,2,2,9841,4.06462757849812,2.03231378924906,2017-2022
SMCS,Mathematics,2019,perspectives_on_geometric_numerical_integration_2019.pdf,5,3,2,4922,10.158472165786266,6.095083299471759,2017-2022
SMCS,Mathematics,2019,preface_special_issue_in_honor_of_reinout_quispel_2019.pdf,4,2,2,2428,16.474464579901152,8.237232289950576,2017-2022
SMCS,Mathematics,2019,principal_symmetric_space_analysis_2019.pdf,10,3,7,9444,10.588733587462938,3.176620076238882,2017-2022
SMCS,Mathematics,2019,sea_change_2019.pdf,5,3,2,3566,14.021312394840157,8.412787436904093,2017-2022
SMCS,Mathematics,2019,symplectic_integration_of_boundary_value_problems_2019.pdf,7,3,4,6725,10.408921933085502,4.4609665427509295,2017-2022
SMCS,Mathematics,2019,the_lie_algebra_of_classical_mechanics_2019.pdf,17,10,7,6932,24.523946912867856,14.425851125216388,2017-2022
SMCS,Mathematics,2019,three_classes_of_quadratic_vector_fields_for_which_the_kahan_discretisation_is_the_root_of_a_generalised_manin_transformation_2019.pdf,6,5,1,2555,23.483365949119374,19.569471624266143,2017-2022
SMCS,Mathematics,2020,a_permutation_method_for_network_assembly_2020.pdf,13,5,8,15920,8.165829145728644,3.14070351758794,2017-2022
SMCS,Mathematics,2020,backward_error_analysis_for_variational_discretisations_of_partial_differential_equations_2020.pdf,11,4,7,10860,10.128913443830571,3.6832412523020257,2017-2022
SMCS,Mathematics,2020,conformal_image_registration_based_on_constrained_optimization_2020.pdf,3,2,1,7590,3.952569169960474,2.6350461133069825,2017-2022
SMCS,Mathematics,2020,degree_assortativity_in_networks_of_spiking_neurons_2020.pdf,9,5,4,9394,9.580583351075154,5.322546306152864,2017-2022
SMCS,Mathematics,2020,detection_of_high_codimensional_bifurcations_in_variational_pdes_2020.pdf,4,3,1,14220,2.8129395218002813,2.109704641350211,2017-2022
SMCS,Mathematics,2020,emergent_spaces_for_coupled_oscillators_2020.pdf,10,3,7,13278,7.531254707034192,2.2593764121102575,2017-2022
SMCS,Mathematics,2020,homoclinic_tangencies_with_infinitely_many_asymptotically_stable_single_round_periodic_solutions_2020.pdf,7,4,3,8452,8.282063416942735,4.73260766682442,2017-2022
SMCS,Mathematics,2020,learning_emergent_pdes_in_a_learned_emergent_space_2020.pdf,9,5,4,10459,8.605029161487714,4.780571756382064,2017-2022
SMCS,Mathematics,2020,moving_bumps_in_theta_neuron_networks_2020.pdf,5,1,4,5806,8.61178091629349,1.722356183258698,2017-2022
SMCS,Mathematics,2020,multisymplecticity_of_hybridizable_discontinuous_galerkin_methods_2020.pdf,11,3,8,12519,8.786644300662992,2.3963575365444525,2017-2022
SMCS,Mathematics,2020,novel_computational_approaches_and_their_applications_2020.pdf,0,0,0,281,0.0,0.0,2017-2022
SMCS,Mathematics,2020,numerical_bifurcation_analysis_of_pacemaker_dynamics_in_a_model_of_smooth_muscle_cells_2020.pdf,6,4,2,6284,9.548058561425844,6.365372374283895,2017-2022
SMCS,Mathematics,2020,parallelization_initialization_and_boundary_treatments_for_the_diamond_scheme_2020.pdf,4,0,4,7187,5.565604563795742,0.0,2017-2022
SMCS,Mathematics,2020,preservation_of_bifurcations_of_hamiltonian_boundary_value_problems_under_discretisation_2020.pdf,5,0,5,15493,3.227263925643839,0.0,2017-2022
SMCS,Mathematics,2020,the_effects_of_within_neuron_degree_correlations_in_networks_of_spiking_neurons_2020.pdf,13,7,6,6960,18.67816091954023,10.057471264367816,2017-2022
SMCS,Mathematics,2020,understanding_the_dynamics_of_biological_and_neural_oscillator_networks_through_exact_mean_field_reductions_2020.pdf,15,8,7,17461,8.590573277590059,4.581639081381364,2017-2022
SMCS,Mathematics,2021,analysing_simple_image_registrations_2021.pdf,11,3,8,8948,12.293249888243183,3.3527045149754136,2017-2022
SMCS,Mathematics,2021,asymmetrical_cell_division_with_exponential_growth_2021.pdf,5,1,4,5025,9.950248756218905,1.990049751243781,2017-2022
SMCS,Mathematics,2021,dynamics_of_structured_networks_of_winfree_oscillators_2021.pdf,17,10,7,9413,18.06012960798895,10.623605651758206,2017-2022
SMCS,Mathematics,2021,effects_of_degree_distributions_in_random_networks_of_type_i_neurons_2021.pdf,12,7,5,7915,15.161086544535692,8.843967150979154,2017-2022
SMCS,Mathematics,2021,geometrically_aware_dynamic_markov_bases_for_statistical_linear_inverse_problems_2021.pdf,15,8,7,10356,14.484356894553883,7.72499034376207,2017-2022
SMCS,Mathematics,2021,global_and_local_reduced_models_for_interacting_heterogeneous_agents_2021.pdf,12,3,9,12999,9.231479344564967,2.3078698361412417,2017-2022
SMCS,Mathematics,2021,interpolating_between_bumps_and_chimeras_2021.pdf,4,2,2,6773,5.905802450908018,2.952901225454009,2017-2022
SMCS,Mathematics,2021,structure_preserving_deep_learning_2021.pdf,18,9,9,25065,7.18132854578097,3.590664272890485,2017-2022
SMCS,Mathematics,2021,tuning_symplectic_integrators_is_easy_and_worthwhile_2021.pdf,5,3,2,2990,16.722408026755854,10.03344481605351,2017-2022
SMCS,Mathematics,2021,unfolding_globally_resonant_homoclinic_tangencies_2021.pdf,6,5,1,6609,9.078529278256923,7.565441065214102,2017-2022
SMCS,Mathematics,2022,backward_error_analysis_for_conjugate_symplectic_methods_2022.pdf,5,4,1,8010,6.242197253433209,4.9937578027465666,2017-2022
SMCS,Mathematics,2022,chimeras_on_annuli_2022.pdf,7,1,6,7453,9.392191064001073,1.341741580571582,2017-2022
SMCS,Mathematics,2022,chimeras_with_uniformly_distributed_heterogeneity_2022.pdf,8,1,7,8821,9.069266523069947,1.1336583153837434,2017-2022
SMCS,Mathematics,2022,collective_states_in_a_ring_network_of_theta_neurons_2022.pdf,4,1,3,10337,3.869594659959369,0.9673986649898423,2017-2022
SMCS,Mathematics,2022,differential_invariant_signatures_for_planar_lie_group_transformations_with_application_to_images_2022.pdf,0,0,0,221,0.0,0.0,2017-2022
SMCS,Mathematics,2022,explosive_behaviour_in_networks_of_winfree_oscillators_2022.pdf,15,9,6,6864,21.853146853146853,13.111888111888112,2017-2022
SMCS,Mathematics,2022,functional_equivariance_and_conservation_laws_in_numerical_integration_2022.pdf,12,3,9,11070,10.840108401084011,2.710027100271003,2017-2022
SMCS,Mathematics,2022,learning_emergent_partial_differential_equations_in_a_learned_emergent_space_2022.pdf,7,4,3,12846,5.449167055892885,3.1138097462245056,2017-2022
SMCS,Mathematics,2022,pattern_formation_in_a_spatially_extended_model_of_pacemaker_dynamics_in_smooth_muscle_cells_2022.pdf,14,8,6,10564,13.252555850056797,7.572889057175312,2017-2022
SMCS,Mathematics,2022,theta_neuron_subject_to_delayed_feedback_2022.pdf,6,2,4,12700,4.724409448818897,1.574803149606299,2017-2022
SMCS,Mathematics,2022,using_aromas_to_search_for_preserved_measures_and_integrals_in_kahans_method_2022.pdf,14,5,9,7966,17.57469244288225,6.276675872457946,2017-2022
SMCS,Statistics,2012,effects_of_multiple_matings_on_reproductive_fitness_of_2012.pdf,6,4,2,5372,11.169024571854058,7.4460163812360385,2012-2016
SMCS,Statistics,2012,effects_of_multiple_matings_on_reproductive_fitness_of_male_and_female_diaeretiella_rapae_2012.pdf,6,5,1,4929,12.172854534388314,10.144045445323595,2012-2016
SMCS,Statistics,2012,estimating_the_likelihood_of_an_eruption_from_a_volcano_with_missing_onsets_in_its_record_2012.pdf,8,6,2,8839,9.050797601538635,6.788098201153976,2012-2016
SMCS,Statistics,2012,food_safety_in_the_21st_century_2012.pdf,1,0,1,1777,5.627462014631401,0.0,2012-2016
SMCS,Statistics,2012,forecasting_catastrophic_stratovolcano_collapse_2012.pdf,6,6,0,4415,13.590033975084937,13.590033975084937,2012-2016
SMCS,Statistics,2012,lidar_based_quantification_of_lava_flow_susceptibility_in_the_city_of_auckland_2012.pdf,33,25,8,16318,20.223066552273565,15.320504963843607,2012-2016
SMCS,Statistics,2012,magma_output_rates_of_the_auckland_volcanic_field_2012.pdf,163,128,35,84512,19.287201817493376,15.145778114350623,2012-2016
SMCS,Statistics,2012,markov_modulated_hawkes_process_with_stepwise_decay_2012.pdf,9,5,4,10645,8.454673555659934,4.697040864255519,2012-2016
SMCS,Statistics,2012,new_zealand_and_uk_holocene_flooding_demonstrates_interhemispheric_climate_asynchrony_2012.pdf,3,2,1,4895,6.1287027579162405,4.085801838610827,2012-2016
SMCS,Statistics,2012,paleomagnetic_and_geological_updates_to_an_event_order_model_for_the_auckland_volcanic_field_2012.pdf,163,128,35,84512,19.287201817493376,15.145778114350623,2012-2016
SMCS,Statistics,2012,potential_involvement_of_neospora_caninum_in_naturally_occurring_ovine_abortions_in_new_zealand_2012.pdf,13,8,5,6453,20.145668681233534,12.397334573066791,2012-2016
SMCS,Statistics,2012,probabilistic_eruption_forecasting_at_short_and_long_time_scales_2012.pdf,22,14,8,21686,10.144793876233514,6.455777921239509,2012-2016
SMCS,Statistics,2012,putting_it_all_together_2012.pdf,8,3,5,4062,19.694731659281143,7.385524372230429,2012-2016
SMCS,Statistics,2012,the_brailler_project_2012.pdf,3,2,1,3437,8.728542333430317,5.819028222286878,2012-2016
SMCS,Statistics,2012,the_discrete_additive_weibull_distribution_2012.pdf,4,1,3,5645,7.0859167404783,1.771479185119575,2012-2016
SMCS,Statistics,2012,the_spatial_and_temporal_determinants_of_campylobacteriosis_notifications_in_new_zealand_2012.pdf,11,5,6,8805,12.492901760363429,5.6785917092561045,2012-2016
SMCS,Statistics,2013,age_distance_and_geochemical_evolution_within_a_monogenetic_volcanic_field_2013.pdf,32,31,1,13922,22.985203275391466,22.26691567303548,2012-2016
SMCS,Statistics,2013,application_of_molecular_epidemiology_to_understanding_campylobacteriosis_in_the_canterbury_region_of_new_zealand_2013.pdf,6,4,2,9631,6.229882670543038,4.153255113695359,2012-2016
SMCS,Statistics,2013,assessing_the_potential_improvement_in_short_term_earthquake_forecasts_from_incorporation_of_gps_data_2013.pdf,4,2,2,4201,9.52154248988336,4.76077124494168,2012-2016
SMCS,Statistics,2013,a_first_hazard_analysis_of_the_quaternary_harrat_al_madinah_volcanic_field_saudi_arabia_2013.pdf,6,1,5,6435,9.324009324009324,1.554001554001554,2012-2016
SMCS,Statistics,2013,a_longitudinal_analysis_of_infant_and_senescent_mortality_using_mixture_models_2013.pdf,2,2,0,5819,3.4370166695308475,3.4370166695308475,2012-2016
SMCS,Statistics,2013,a_prospective_case_control_and_molecular_epidemiological_study_of_human_cases_of_shiga_toxin_producing_escherichia_coli_in_new_zealand_2013.pdf,17,12,5,11745,14.474244359301832,10.217113665389528,2012-2016
SMCS,Statistics,2013,campylobacter_jejuni_colonization_and_population_structure_in_urban_populations_of_ducks_and_starlings_in_new_zealand_2013.pdf,8,4,4,11423,7.0034141644051475,3.5017070822025738,2012-2016
SMCS,Statistics,2013,geochemical_precursors_for_eruption_repose_length_2013.pdf,9,7,2,11450,7.860262008733624,6.11353711790393,2012-2016
SMCS,Statistics,2013,holocene_river_behaviour_in_new_zealand_2013.pdf,107,104,3,12994,82.34569801446821,80.0369401262121,2012-2016
SMCS,Statistics,2013,identifying_anomalous_signals_in_gps_data_using_hmms_2013.pdf,2,1,1,3177,6.295247088448222,3.147623544224111,2012-2016
SMCS,Statistics,2013,intracisternal_enzyme_replacement_therapy_in_lysosomal_storage_diseases_2013.pdf,8,3,5,8392,9.532888465204957,3.5748331744518587,2012-2016
SMCS,Statistics,2013,modeling_thickness_variability_in_tephra_deposition_2013.pdf,7,5,2,9411,7.438104345978111,5.312931675698651,2012-2016
SMCS,Statistics,2013,models_for_temporal_volcanic_hazard_2013.pdf,6,4,2,9270,6.472491909385114,4.314994606256742,2012-2016
SMCS,Statistics,2013,multiple_outbreaks_of_a_novel_norovirus_gii_4_linked_to_an_infected_post_symptomatic_food_handler_2013.pdf,6,2,4,7924,7.571933366986371,2.523977788995457,2012-2016
SMCS,Statistics,2013,prevalence_and_risk_factor_analysis_of_feline_haemoplasma_infection_in_new_zealand_domestic_cats_2013.pdf,1,1,0,1018,9.823182711198427,9.823182711198427,2012-2016
SMCS,Statistics,2013,prevalence_and_risk_factor_analysis_of_feline_haemoplasma_infection_in_new_zealand_domestic_cats_using_a_real_time_pcr_assay_2013.pdf,5,5,0,5634,8.874689385871495,8.874689385871495,2012-2016
SMCS,Statistics,2013,robust_estimation_for_the_weibull_process_applied_to_eruption_records_2013.pdf,1,0,1,8284,1.2071463061323031,0.0,2012-2016
SMCS,Statistics,2013,schmidt_hammer_exposure_age_dating_of_late_quaternary_fluvial_terraces_in_new_zealand_2013.pdf,19,16,3,10968,17.323121808898613,14.587892049598834,2012-2016
SMCS,Statistics,2013,statistical_software_from_a_blind_persons_perspective_2013.pdf,1,0,1,5487,1.822489520685256,0.0,2012-2016
SMCS,Statistics,2013,tephra_hazards_and_explosive_eruption_mechanisms_of_basaltic_eruptions_in_the_harrat_rahat_saudi_arabia_2013.pdf,2,0,2,2158,9.267840593141798,0.0,2012-2016
SMCS,Statistics,2014,application_of_molecular_epidemiology_to_understanding_campylobacteriosis_in_the_canterbury_region_of_new_zealand_2014.pdf,4,4,0,10165,3.9350713231677323,3.9350713231677323,2012-2016
SMCS,Statistics,2014,automated_statistical_matching_of_multiple_tephra_records_exemplified_using_five_long_maar_sequences_younger_than_75ka_auckland_new_zealand_2014.pdf,43,39,4,13963,30.79567428203108,27.930960395330516,2012-2016
SMCS,Statistics,2014,beyond_the_gompertz_law_2014.pdf,5,2,3,7788,6.420133538777606,2.568053415511043,2012-2016
SMCS,Statistics,2014,convergent_local_adaptation_in_size_and_growth_rate_but_not_metabolic_rate_in_a_pair_of_parapatric_orthoptera_species_2014.pdf,20,17,3,8981,22.269235051775972,18.928849794009576,2012-2016
SMCS,Statistics,2014,geographic_divergence_of_bovine_and_human_shiga_toxin_producing_escherichia_coli_o157_2014.pdf,10,4,6,6797,14.712373105781962,5.884949242312785,2012-2016
SMCS,Statistics,2014,long_term_forecasting_of_volcanic_explosivity_2014.pdf,10,5,5,12240,8.169934640522875,4.084967320261438,2012-2016
SMCS,Statistics,2014,separating_morphologically_similar_pollen_types_using_basic_shape_features_from_digital_images_2014.pdf,7,5,2,7333,9.545888449474976,6.818491749624982,2012-2016
SMCS,Statistics,2014,statistical_software_for_blind_students_and_practitioners_2014.pdf,3,2,1,11516,2.605071205279611,1.7367141368530739,2012-2016
SMCS,Statistics,2014,traumatic_brain_injury_axonal_injury_and_shaking_in_new_zealand_sea_lion_pups_2014.pdf,4,2,2,5576,7.173601147776184,3.586800573888092,2012-2016
SMCS,Statistics,2014,vents_to_events_2014.pdf,10,3,7,11051,9.04895484571532,2.714686453714596,2012-2016
SMCS,Statistics,2015,advice_from_blind_teachers_on_how_to_teach_statistics_to_blind_students_2015.pdf,2,1,1,12563,1.5919764387487065,0.7959882193743533,2012-2016
SMCS,Statistics,2015,elevational_variation_in_adult_body_size_and_growth_rate_but_not_in_metabolic_rate_in_the_tree_weta_hemideina_crassidens_2015.pdf,24,19,5,8457,28.37885775097552,22.46659571952229,2012-2016
SMCS,Statistics,2015,identifying_multiple_eruption_phases_from_a_compound_tephra_blanket_2015.pdf,16,7,9,8689,18.414086776383936,8.05616296466797,2012-2016
SMCS,Statistics,2015,improved_resolution_of_cave_weta_diversity_2015.pdf,21,20,1,7871,26.680218523694577,25.409731927328167,2012-2016
SMCS,Statistics,2015,probabilistic_volcanic_hazard_assessment_2015.pdf,7,2,5,9576,7.309941520467836,2.0885547201336676,2012-2016
SMCS,Statistics,2015,risk_factors_for_neonatal_calf_diarrhoea_and_enteropathogen_shedding_in_new_zealand_dairy_farms_2015.pdf,6,5,1,5489,10.93095281472035,9.109127345600292,2012-2016
SMCS,Statistics,2015,sensitivity_to_volcanic_field_boundary_2015.pdf,11,7,4,12532,8.777529524417492,5.585700606447494,2012-2016
SMCS,Statistics,2015,septicaemia_and_meningitis_caused_by_infection_of_new_zealand_sea_lion_pups_with_a_hypermucoviscous_strain_of_klebsiella_pneumoniae_2015.pdf,5,4,1,5883,8.499065102838687,6.79925208227095,2012-2016
SMCS,Statistics,2015,spatio_volumetric_hazard_estimation_in_the_auckland_volcanic_field_2015.pdf,25,21,4,9658,25.88527645475254,21.74363222199213,2012-2016
SMCS,Statistics,2015,the_consumers_risk_and_costs_in_zero_acceptance_number_sampling_2015.pdf,4,1,3,6056,6.605019815059445,1.6512549537648613,2012-2016
SMCS,Statistics,2015,using_a_common_commensal_bacterium_in_endangered_takahe_as_a_model_to_explore_pathogen_dynamics_in_isolated_wildlife_populations_2015.pdf,15,11,4,7619,19.68762304764405,14.43759023493897,2012-2016
SMCS,Statistics,2016,circadian_rhythm_of_calciotropic_hormones_serum_calcium_phosphorus_and_magnesium_during_the_shortest_and_longest_days_of_the_year_in_horses_in_new_zealand_2016.pdf,3,1,2,6885,4.357298474945534,1.4524328249818446,2012-2016
SMCS,Statistics,2016,cumulative_coulomb_stress_triggering_as_an_explanation_for_the_canterbury_aftershock_sequence_2016.pdf,8,4,4,9179,8.715546355812181,4.357773177906091,2012-2016
SMCS,Statistics,2016,decomposition_of_stock_market_trade_offs_using_shewhart_methodology_2016.pdf,3,1,2,10285,2.9168692270296552,0.9722897423432182,2012-2016
SMCS,Statistics,2016,diversity_and_relatedness_of_shiga_toxin_producing_escherichia_coli_and_campylobacter_jejuni_between_farms_in_a_dairy_catchment_2016.pdf,13,8,5,7496,17.34258271077908,10.672358591248667,2012-2016
SMCS,Statistics,2016,emergency_department_length_of_stay_for_maori_and_european_patients_in_new_zealand_2016.pdf,10,8,2,6687,14.954389113204726,11.96351129056378,2012-2016
SMCS,Statistics,2016,environment_host_and_fungal_traits_predict_continental_scale_white_nose_syndrome_in_bats_2016.pdf,14,5,9,11782,11.88253267696486,4.243761670344593,2012-2016
SMCS,Statistics,2016,estimating_bacterial_pathogen_levels_in_new_zealand_bulk_tank_milk_2016.pdf,11,7,4,7953,13.831258644536653,8.801710046523324,2012-2016
SMCS,Statistics,2016,estimation_of_tephra_volumes_from_sparse_and_incompletely_observed_deposit_thicknesses_2016.pdf,38,30,8,13801,27.53423664951815,21.737555249619593,2012-2016
SMCS,Statistics,2016,evaluation_and_comparison_of_vitamin_d_responsive_gene_expression_in_ovine_canine_and_equine_kidney_2016.pdf,90,56,34,7221,124.63647694225178,77.55158565295665,2012-2016
SMCS,Statistics,2016,influence_of_blanketing_and_season_on_vitamin_d_and_parathyroid_hormone_calcium_phosphorus_and_magnesium_concentrations_in_horses_in_new_zealand_2016.pdf,7,1,6,7145,9.79706088173548,1.3995801259622114,2012-2016
SMCS,Statistics,2016,integrating_geological_and_geophysical_data_to_improve_probabilistic_hazard_forecasting_of_arabian_shield_volcanism_2016.pdf,12,8,4,14487,8.283288465520812,5.522192310347208,2012-2016
SMCS,Statistics,2016,modeling_earthquake_moment_magnitudes_on_imbricate_reverse_faults_from_paleoseismic_data_2016.pdf,11,7,4,15718,6.998345845527421,4.453492810790177,2012-2016
SMCS,Statistics,2016,molecular_epidemiology_of_campylobacter_coli_strains_isolated_from_different_sources_in_new_zealand_2016.pdf,15,9,6,7979,18.799348289259306,11.279608973555582,2012-2016
SMCS,Statistics,2016,monitoring_acute_and_chronic_kidney_failure_using_statistical_process_control_techniques_2016.pdf,0,0,0,7678,0.0,0.0,2012-2016
SMCS,Statistics,2016,optimal_likelihood_based_matching_of_volcanic_sources_and_deposits_in_the_auckland_volcanic_field_2016.pdf,52,47,5,14918,34.85721946641641,31.505563748491756,2012-2016
SMCS,Statistics,2016,seasonality_of_campylobacter_jejuni_isolates_associated_with_human_campylobacteriosis_in_the_manawatu_region_new_zealand¬_2016.pdf,7,4,3,5496,12.736535662299854,7.27802037845706,2012-2016
SMCS,Statistics,2016,simple_authoring_of_statistical_analyses_by_and_for_blind_people_2016.pdf,0,0,0,2257,0.0,0.0,2012-2016
SMCS,Statistics,2016,statistical_graphs_made_tactile_2016.pdf,0,0,0,2546,0.0,0.0,2012-2016
SMCS,Statistics,2016,tectonic_geomorphology_of_the_fox_peak_and_forest_creek_faults_south_canterbury_new_zealand_2016.pdf,12,8,4,16681,7.193813320544332,4.795875547029555,2012-2016
SMCS,Statistics,2016,the_effects_of_spatial_variability_of_nitrous_oxide_emissions_from_grazed_pastures_on_the_sampling_distribution_of_chamber_measurements_2016.pdf,12,9,3,9327,12.86587327114828,9.64940495336121,2012-2016
SMCS,Statistics,2016,variation_in_the_limit_of_detection_of_the_prospect_campylobacter_microplate_enzyme_immunoassay_in_stools_spiked_with_emerging_campylobacter_species_2016.pdf,4,4,0,6521,6.134028523232633,6.134028523232633,2012-2016
SMCS,Statistics,2017,a_30000_yr_high_precision_eruption_history_for_the_andesitic_mt_taranaki_north_island_new_zealand_2017.pdf,51,42,9,20114,25.355473799343738,20.88097842298896,2017-2022
SMCS,Statistics,2017,characterisation_by_multilocus_sequence_and_pora_and_flaa_typing_of_campylobacter_jejuni_isolated_from_samples_of_dog_faeces_collected_in_one_city_in_new_zealand_2017.pdf,8,5,3,4345,18.411967779056386,11.507479861910241,2017-2022
SMCS,Statistics,2017,control_charts_for_paired_differences_2017.pdf,1,0,1,6838,1.4624159110851125,0.0,2017-2022
SMCS,Statistics,2017,cost_benefit_analyses_of_supplementary_measles_immunisation_in_the_highly_immunized_population_of_new_zealand_2017.pdf,9,7,2,10691,8.418295762791132,6.54756337105977,2017-2022
SMCS,Statistics,2017,culture_independent_analysis_using_gnd_as_a_target_gene_to_assess_escherichia_coli_diversity_and_community_structure_2017.pdf,5,2,3,8820,5.668934240362812,2.2675736961451247,2017-2022
SMCS,Statistics,2017,epidemiology_of_escherichia_coli_serogroups_o26_o103_o111_and_o145_in_very_young_calves_in_the_north_island_new_zealand_2017.pdf,10,5,5,6604,15.142337976983647,7.571168988491824,2017-2022
SMCS,Statistics,2017,establishment_of_auto_sampling_frequency_using_a_two_state_markov_chain_model_2017.pdf,1,0,1,5046,1.9817677368212447,0.0,2017-2022
SMCS,Statistics,2017,forecasting_transitions_in_monogenetic_eruptions_using_the_geologic_record_2017.pdf,11,10,1,4170,26.378896882494008,23.980815347721823,2017-2022
SMCS,Statistics,2017,genomic_analysis_of_salmonella_enterica_serovar_typhimurium_dt160_associated_with_a_14_year_outbreak_new_zealand_2017.pdf,12,3,9,5921,20.266846816416145,5.066711704104036,2017-2022
SMCS,Statistics,2017,global_importation_and_population_risk_factors_for_measles_in_new_zealand_2017.pdf,6,4,2,7348,8.165487207403375,5.443658138268917,2017-2022
SMCS,Statistics,2017,isolation_of_campylobacter_spp_from_client_owned_dogs_and_cats_and_retail_raw_meat_pet_food_in_the_manawatu_new_zealand_2017.pdf,9,5,4,10264,8.768511301636789,4.871395167575994,2017-2022
SMCS,Statistics,2017,producing_accessible_statistics_diagrams_in_r_2017.pdf,2,2,0,3438,5.817335660267597,5.817335660267597,2017-2022
SMCS,Statistics,2017,sourcer_2017.pdf,10,7,3,4649,21.51000215100022,15.05700150570015,2017-2022
SMCS,Statistics,2018,an_accessible_interaction_model_for_data_visualisation_in_statistics_2018.pdf,0,0,0,3876,0.0,0.0,2017-2022
SMCS,Statistics,2018,a_volcanic_event_forecasting_model_for_multiple_tephra_records_demonstrated_on_mt_taranaki_new_zealand_2018.pdf,26,18,8,11293,23.023111662091562,15.939077304524927,2017-2022
SMCS,Statistics,2018,creating_a_framework_for_the_prioritization_of_biosecurity_risks_to_the_new_zealand_dairy_industry_2018.pdf,4,1,3,7451,5.368406925244934,1.3421017313112336,2017-2022
SMCS,Statistics,2018,effect_of_a_one_off_sporidesmin_challenge_on_the_milk_production_of_dairy_cows_2018.pdf,2,1,1,5269,3.7957866767887642,1.8978933383943821,2017-2022
SMCS,Statistics,2018,exposure_to_whole_chicken_carcasses_may_present_a_greater_risk_of_campylobacteriosis_compared_to_exposure_to_chicken_drumsticks_2018.pdf,4,3,1,6467,6.1852481830833455,4.63893613731251,2017-2022
SMCS,Statistics,2018,habitat_fragmentation_biodiversity_loss_and_the_risk_of_novel_infectious_disease_emergence_2018.pdf,5,0,5,7423,6.735821096591674,0.0,2017-2022
SMCS,Statistics,2018,how_to_use_kernel_density_estimation_as_a_diagnostic_and_forecasting_tool_for_distributed_volcanic_vents_2018.pdf,15,6,9,12776,11.740763932373198,4.69630557294928,2017-2022
SMCS,Statistics,2018,long_term_colonization_by_campylobacter_jejuni_within_a_human_host_2018.pdf,13,8,5,6427,20.227166640734403,12.447487163528862,2017-2022
SMCS,Statistics,2018,molecular_epidemiology_of_shiga_toxin_producing_escherichia_coli_on_new_zealand_dairy_farms_2018.pdf,11,6,5,9779,11.24859392575928,6.135596686777789,2017-2022
SMCS,Statistics,2018,serum_metabolomics_using_ultra_performance_liquid_chromatography_coupled_to_mass_spectrometry_in_lactating_dairy_cows_following_a_single_dose_of_sporidesmin_2018.pdf,8,7,1,8610,9.291521486643438,8.130081300813009,2017-2022
SMCS,Statistics,2018,stringent_sampling_inspection_plans_using_upper_envelopes_for_cell_counts_2018.pdf,2,0,2,6107,3.274930407728836,0.0,2017-2022
SMCS,Statistics,2018,testing_steady_and_transient_velocity_scalings_in_a_silo_2018.pdf,6,4,2,8581,6.992192052208367,4.661461368138911,2017-2022
SMCS,Statistics,2018,the_effect_of_transportation_and_lairage_on_faecal_shedding_and_carcass_contamination_with_escherichia_coli_o157_and_o26_in_very_young_calves_in_new_zealand_2018.pdf,7,3,4,9569,7.31528895391368,3.135123837391577,2017-2022
SMCS,Statistics,2018,the_site_of_bone_marrow_acquisition_affects_the_myeloid_to_erythroid_ratio_in_apparently_healthy_dogs_2018.pdf,4,1,3,6056,6.605019815059445,1.6512549537648613,2017-2022
SMCS,Statistics,2018,tutorial_on_kernel_estimation_of_continuous_spatial_and_spatiotemporal_relative_risk_2018.pdf,9,4,5,18085,4.976499861763894,2.211777716339508,2017-2022
SMCS,Statistics,2019,campylobacter_jejuni_strains_associated_with_wild_birds_and_those_causing_human_disease_in_six_high_use_recreational_waterways_in_new_zealand_2019.pdf,23,16,7,9357,24.580527946991555,17.099497702254997,2017-2022
SMCS,Statistics,2019,extending_statistical_models_for_source_attribution_of_zoonotic_diseases_2019.pdf,6,3,3,6900,8.695652173913043,4.3478260869565215,2017-2022
SMCS,Statistics,2019,forecasting_explosion_repose_intervals_with_a_non_parametric_bayesian_survival_model_2019.pdf,9,7,2,8532,10.548523206751055,8.204406938584153,2017-2022
SMCS,Statistics,2019,genomic_correlates_of_extraintestinal_infection_are_linked_with_changes_in_cell_morphology_in_campylobacter_jejuni_2019.pdf,13,8,5,10553,12.318771913200038,7.580782715815408,2017-2022
SMCS,Statistics,2019,gnddb_a_database_of_partial_gnd_sequences_to_assist_with_analysis_of_escherichia_coli_communities_using_high_throughput_sequencing_2019.pdf,3,2,1,1435,20.905923344947734,13.937282229965156,2017-2022
SMCS,Statistics,2019,intra_eruption_forecasting_2019.pdf,6,3,3,10163,5.903768572271966,2.951884286135983,2017-2022
SMCS,Statistics,2019,investigation_of_the_validity_of_two_bayesian_ancestral_state_reconstruction_models_for_estimating_salmonella_transmission_during_outbreaks_2019.pdf,4,0,4,14416,2.774694783573807,0.0,2017-2022
SMCS,Statistics,2019,isolation_of_emerging_campylobacter_species_in_working_farm_dogs_and_their_frozen_home_killed_raw_meat_diets_2019.pdf,7,5,2,8625,8.115942028985508,5.797101449275362,2017-2022
SMCS,Statistics,2019,parthenogenetic_females_of_the_stick_insect_clitarchus_hookeri_maintain_sexual_traits_2019.pdf,14,10,4,7828,17.884517118037813,12.774655084312723,2017-2022
SMCS,Statistics,2019,predicting_ebola_virus_disease_risk_and_the_role_of_african_bat_birthing_2019.pdf,5,3,2,9319,5.365382551775942,3.219229531065565,2017-2022
SMCS,Statistics,2019,probabilistic_volcanic_impact_assessment_and_cost_benefit_analysis_on_network_infrastructure_for_secondary_evacuation_of_farm_livestock_2019.pdf,23,17,6,15621,14.723769284936942,10.882785993214263,2017-2022
SMCS,Statistics,2019,spatiotemporal_dynamics_of_hantavirus_cardiopulmonary_syndrome_transmission_risk_in_brazil_2019.pdf,14,7,7,10449,13.39841133122787,6.699205665613935,2017-2022
SMCS,Statistics,2019,the_characteristics_of_a_multi-episode_volcanic_regime_2019.pdf,40,34,6,16847,23.743099661660832,20.181634712411707,2017-2022
SMCS,Statistics,2019,the_dynamics_of_granular_flow_from_a_silo_with_two_symmetric_openings_2019.pdf,9,6,3,11488,7.834261838440112,5.222841225626741,2017-2022
SMCS,Statistics,2019,the_effects_of_introducing_electric_adjustable_height_desks_in_an_office_setting_on_workplace_physical_activity_levels_2019.pdf,6,2,4,8953,6.701664246621244,2.2338880822070815,2017-2022
SMCS,Statistics,2019,use_of_genomics_to_investigate_historical_importation_of_shiga_toxin_producing_escherichia_coli_serogroup_o26_and_nontoxigenic_variants_into_new_zealand_2019.pdf,14,5,9,7028,19.9203187250996,7.114399544678429,2017-2022
SMCS,Statistics,2020,bayesian_lifetime_analysis_for_landslide_dams_2020.pdf,4,1,3,9843,4.0638016864777,1.015950421619425,2017-2022
SMCS,Statistics,2020,bayesian_modelling_of_marked_point_processes_with_incomplete_records_2020.pdf,10,5,5,9256,10.8038029386344,5.4019014693172,2017-2022
SMCS,Statistics,2020,campylobacteriosis_associated_with_the_consumption_of_unpasteurised_milk_2020.pdf,8,6,2,7475,10.702341137123746,8.02675585284281,2017-2022
SMCS,Statistics,2020,carriage_of_extended_spectrum_beta_lactamase_and_ampc_beta_lactamase_producing_escherichia_coli_strains_from_humans_and_pets_in_the_same_households_2020.pdf,13,5,8,10161,12.794016336974707,4.920775514221041,2017-2022
SMCS,Statistics,2020,comparison_of_the_pathogenic_potential_of_campylobacter_jejuni_c_upsaliensis_and_c_helveticus_and_limitations_of_using_larvae_of_galleria_mellonella_as_an_infection_model_2020.pdf,3,2,1,9895,3.031834259727135,2.02122283981809,2017-2022
SMCS,Statistics,2020,covid_19_in_new_zealand_and_the_impact_of_the_national_response_2020.pdf,17,13,4,10243,16.59670018549253,12.69159425949429,2017-2022
SMCS,Statistics,2020,draft_genome_sequences_of_eight_strains_of_campylobacter_helveticus_isolated_from_cats_and_a_dog_in_new_zealand_2020.pdf,2,1,1,1557,12.845215157353884,6.422607578676942,2017-2022
SMCS,Statistics,2020,effect_of_analgesic_strategies_on_pain_behaviour_associated_with_combined_ring_castration_and_hot_iron_tail_docking_in_merino_lambs_2020.pdf,5,3,2,8831,5.661872947571057,3.397123768542634,2017-2022
SMCS,Statistics,2020,expression_of_phosphatonin_related_genes_in_sheep_dog_and_horse_kidneys_using_quantitative_reverse_transcriptase_pcr_2020.pdf,14,11,3,7242,19.331676332504834,15.189174261253799,2017-2022
SMCS,Statistics,2020,from_eruption_scenarios_to_probabilistic_volcanic_hazard_analysis_2020.pdf,24,17,7,9982,24.043277900220396,17.030655179322782,2017-2022
SMCS,Statistics,2020,mixing_experiments_in_3d_printed_silos_2020.pdf,8,4,4,7035,11.371712864250178,5.685856432125089,2017-2022
SMCS,Statistics,2020,multi_hazard_risk_model_flooding_case_study_2020.pdf,80,72,8,10512,76.10350076103501,68.4931506849315,2017-2022
SMCS,Statistics,2020,natural_variation_in_volatile_emissions_of_the_invasive_weed_calluna_vulgaris_in_new_zealand_2020.pdf,20,15,5,10181,19.644435713584127,14.733326785188096,2017-2022
SMCS,Statistics,2020,passive_immunity_and_colostrum_management_practices_on_ontario_dairy_farms_and_auction_facilities_2020.pdf,0,0,0,884,0.0,0.0,2017-2022
SMCS,Statistics,2020,spatiotemporal_variations_in_eruption_style_magnitude_and_vent_morphology_at_yasur_volcano_vanuatu_2020.pdf,12,8,4,15250,7.868852459016393,5.245901639344263,2017-2022
SMCS,Statistics,2020,spatio_temporal_hazard_estimation_in_the_central_silicic_part_of_taupo_volcanic_zone_new_zealand_based_on_small_to_medium_volume_eruptions_2020.pdf,54,40,14,12423,43.46776141028737,32.19834178539805,2017-2022
SMCS,Statistics,2020,temporal_volume_probabilistic_hazard_model_for_a_supervolcano_2020.pdf,19,16,3,10588,17.944843218738193,15.11144692104269,2017-2022
SMCS,Statistics,2020,the_hypoattenuating_ocular_lens_on_ct_is_not_always_due_to_cataract_formation_2020.pdf,6,4,2,7131,8.413967185527977,5.60931145701865,2017-2022
SMCS,Statistics,2021,combining_mutation_and_horizontal_gene_transfer_in_a_within_host_model_of_antibiotic_resistance_2021.pdf,5,4,1,8835,5.659309564233164,4.527447651386531,2017-2022
SMCS,Statistics,2021,comparing_temporal_sensory_product_profile_data_obtained_from_expert_and_consumer_panels_and_evaluating_the_value_of_a_multiple_sip_tcata_approach_2021.pdf,4,3,1,10855,3.6849378166743434,2.763703362505758,2017-2022
SMCS,Statistics,2021,method_selection_in_short_term_eruption_forecasting_2021.pdf,34,23,11,37222,9.134382891838161,6.1791413680081675,2017-2022
SMCS,Statistics,2021,modelling_spatial_population_exposure_and_evacuation_clearance_time_for_the_auckland_volcanic_field_new_zealand_2021.pdf,21,12,9,20877,10.058916510992958,5.7479522919959765,2017-2022
SMCS,Statistics,2021,modelling_the_effect_of_sampling_methods_on_detection_tests_for_powdered_products_2021.pdf,0,0,0,6396,0.0,0.0,2017-2022
SMCS,Statistics,2021,multihazards_scenario_generator_2021.pdf,14,11,3,13730,10.196649672250546,8.011653313911143,2017-2022
SMCS,Statistics,2021,probabilistic_cascading_multi_hazard_risk_assessment_methodology_using_graph_theory_a_new_zealand_trial_2021.pdf,16,10,6,14606,10.954402300424482,6.846501437765301,2017-2022
SMCS,Statistics,2021,probabilistic_modelling_of_multi_phase_eruptions_found_in_geological_records_2021.pdf,27,21,6,14836,18.198975465084928,14.154758695066056,2017-2022
SMCS,Statistics,2021,source_attributed_case_control_study_of_campylobacteriosis_in_new_zealand_2021.pdf,11,7,4,8901,12.358162004269184,7.864284911807663,2017-2022
SMCS,Statistics,2021,the_effect_of_cryptosporidium_parvum_rotavirus_and_coronavirus_infection_on_the_health_and_performance_of_male_dairy_calves_2021.pdf,5,3,2,9938,5.03119339907426,3.0187160394445565,2017-2022
SMCS,Statistics,2021,the_geological_history_and_hazards_of_a_long_lived_stratovolcano_mt_taranaki_new_zealand_2021.pdf,75,71,4,17515,42.82043962318013,40.53668284327719,2017-2022
SMCS,Statistics,2021,transmission_dynamics_of_shiga_toxin_producing_escherichia_coli_in_new_zealand_cattle_from_farm_to_slaughter_2021.pdf,11,3,8,9902,11.10886689557665,3.029690971520905,2017-2022
SMCS,Statistics,2021,what_is_winter_2021.pdf,7,3,4,10788,6.488691138301816,2.7808676307007785,2017-2022
SMCS,Statistics,2022,an_initial_assessment_of_short_term_eruption_forecasting_options_in_new_zealand_2022.pdf,40,34,6,13668,29.265437518290895,24.87562189054726,2017-2022
SMCS,Statistics,2022,a_modular_framework_for_the_development_of_multi_hazard_multi_phase_volcanic_eruption_scenario_suites_2022.pdf,27,23,4,18331,14.729147346025858,12.547051442910915,2017-2022
SMCS,Statistics,2022,a_new_perspective_on_eruption_data_completeness_2022.pdf,4,2,2,11532,3.46860908775581,1.734304543877905,2017-2022
SMCS,Statistics,2022,delivering_data_differently_2022.pdf,10,4,6,11733,8.522969402539845,3.409187761015938,2017-2022
SMCS,Statistics,2022,development_of_a_bayesian_event_tree_for_short_term_eruption_onset_forecasting_at_taupō_volcano_2022.pdf,34,30,4,18892,17.997035782341733,15.879737455007412,2017-2022
SMCS,Statistics,2022,effect_of_sipping_method_on_sensory_response_to_single_and_multiple_sips_of_vanilla_milkshake_using_temporal_check_all_that_apply_2022.pdf,4,2,2,10157,3.938170719700699,1.9690853598503495,2017-2022
SMCS,Statistics,2022,forecasting_eruptions_at_poorly_known_volcanoes_using_analogs_and_multivariate_renewal_processes_2022.pdf,13,9,4,11290,11.514614703277237,7.971656333038086,2017-2022
SMCS,Statistics,2022,intra_eruption_forecasting_using_analogue_volcano_and_eruption_sets_2022.pdf,11,9,2,16658,6.6034337855684955,5.402809460919679,2017-2022
SMCS,Statistics,2022,recommendations_for_non-lethal_monitoring_of_tree_wētā_using_artificial_galleries_2022.pdf,26,22,4,5960,43.6241610738255,36.91275167785235,2017-2022
SMCS,Statistics,2022,what_is_the_probability_of_unexpected_eruptions_from_potentially_active_volcanoes_or_regions_2022.pdf,13,7,6,9824,13.232899022801302,7.125407166123779,2017-2022
SNS,Biology,2012,a_small_cohort_of_island_southeast_asian_women_founded_madagascar_2012.pdf,66,44,22,85005,7.764249161814011,5.176166107876008,2012-2016
SNS,Biology,2012,a_time_series_of_prehistoric_mitochondrial_dna_reveals_western_european_genetic_diversity_was_largely_established_by_the_bronze_age_2012.pdf,17,9,8,5936,28.638814016172507,15.161725067385445,2012-2016
SNS,Biology,2012,chips_and_tags_suggest_plant_environment_interactions_differ_for_two_alpine_pachycladon_species_2012.pdf,6,2,4,14064,4.266211604095563,1.422070534698521,2012-2016
SNS,Biology,2012,de_novo_sequence_assembly_and_characterisation_of_a_partial_transcriptome_for_an_evolutionarily_distinct_reptile_the_tuatara_2012.pdf,16,7,9,9226,17.3422935183178,7.587253414264037,2012-2016
SNS,Biology,2012,estimating_the_relative_roles_of_recombination_and_point_mutation_in_the_generation_of_single_locus_variants_in_campylobacter_jejuni_and_campylobacter_coli_2012.pdf,3,1,2,5618,5.33997864008544,1.7799928800284799,2012-2016
SNS,Biology,2012,identification_of_a_novel_nidovirus_associated_with_a_neurological_disease_of_the_australian_brushtail_possum_2012.pdf,3,3,0,5274,5.688282138794084,5.688282138794084,2012-2016
SNS,Biology,2012,mutational_dynamics_of_aroid_chloroplast_genomes_2012.pdf,10,7,3,6104,16.3826998689384,11.46788990825688,2012-2016
SNS,Biology,2012,the_guanine_nucleotide_exchange_factor_ric8_regulates_conidial_germination_through_gα_proteins_in_neurospora_crassa_2012.pdf,4,1,3,8809,4.540810534680441,1.1352026336701102,2012-2016
SNS,Biology,2013,are_signature_proteins_the_key_to_evaluating_eukaryotic_phylogeny_2013.pdf,7,4,3,5321,13.155421913174216,7.517383950385266,2012-2016
SNS,Biology,2013,climate_change_influenced_female_population_sizes_through_time_across_the_indonesian_archipelago_2013.pdf,18,10,8,7012,25.67027952082145,14.26126640045636,2012-2016
SNS,Biology,2013,environmental_bio-monitoring_with_high-throughput_sequencing_2013.pdf,6,1,5,10101,5.94000594000594,0.9900009900009901,2012-2016
SNS,Biology,2013,extensive_intra_host_genetic_diversity_uncovered_in_cryptosporidium_parvum_using_next_generation_sequencing_2013.pdf,10,3,7,7110,14.064697609001406,4.219409282700422,2012-2016
SNS,Biology,2013,fragmentation_of_an_aflatoxin_like_gene_cluster_in_a_forest_pathogen_2013.pdf,15,6,9,10286,14.582928251993001,5.8331713007972,2012-2016
SNS,Biology,2013,identification_of_chloroplast_genome_loci_suitable_for_high_resolution_phylogeographic_studies_of_colocasia_esculenta_schott_and_closely_related_taxa_2013.pdf,14,9,5,6426,21.786492374727672,14.005602240896359,2012-2016
SNS,Biology,2013,marine_resources_in_māori_oral_tradition_2013.pdf,119,104,15,7941,149.85518196700667,130.9658733157033,2012-2016
SNS,Biology,2013,plant_symbiotic_fungi_as_chemical_engineers_2013.pdf,33,17,16,20366,16.203476382205636,8.347245409015025,2012-2016
SNS,Biology,2013,reconstructing_past_changes_in_locus_specific_recombination_rates_2013.pdf,2,0,2,7213,2.7727713849993068,0.0,2012-2016
SNS,Biology,2013,southeast_asian_islands_and_oceania_2013.pdf,2,2,0,3694,5.414185165132648,5.414185165132648,2012-2016
SNS,Biology,2013,the_evolutionary_root_of_flowering_plants_2013.pdf,8,4,4,8589,9.31423914309,4.657119571545,2012-2016
SNS,Biology,2013,the_indonesian_archipelago_2013.pdf,10,5,5,7792,12.833675564681725,6.416837782340862,2012-2016
SNS,Biology,2014,an_interspecific_fungal_hybrid_reveals_cross_kingdom_rules_for_allopolyploid_gene_expression_patterns_2014.pdf,5,3,2,11756,4.253147329023477,2.551888397414086,2012-2016
SNS,Biology,2014,genomes_of_plant_associated_clavicipitaceae_2014.pdf,26,21,5,14231,18.269974000421612,14.756517461878996,2012-2016
SNS,Biology,2014,how_do_hybrid_species_overcome_genome_shock_2014.pdf,0,0,0,43,0.0,0.0,2012-2016
SNS,Biology,2014,isolation_contact_and_social_behavior_shaped_genetic_diversity_in_west_timor_2014.pdf,12,8,4,8432,14.231499051233396,9.487666034155598,2012-2016
SNS,Biology,2014,metagenomic_detection_of_bacteria_in_aerosol_samples_in_animal_slaughterhouses_to_develop_exposure_profiles_for_an_epidemiological_analysis_2014.pdf,0,0,0,1035,0.0,0.0,2012-2016
SNS,Biology,2014,regime_shifts_in_balinese_subaks_2014.pdf,1,1,0,4782,2.0911752404851525,2.0911752404851525,2012-2016
SNS,Biology,2014,robust_identification_of_noncoding_rna_from_transcriptomes_requires_phylogenetically_informed_sampling_2014.pdf,3,0,3,7157,4.191700433142378,0.0,2012-2016
SNS,Biology,2014,semi_automatic_selection_of_summary_statistics_for_abc_model_choice_2014.pdf,13,5,8,8822,14.735887553842668,5.667649059170256,2012-2016
SNS,Biology,2014,smartpop_2014.pdf,4,1,3,3902,10.251153254741158,2.5627883136852896,2012-2016
SNS,Biology,2015,a_core_gene_set_describes_the_molecular_basis_of_mutualism_and_antagonism_in_epichloë_spp_2015.pdf,18,14,4,12355,14.569000404694457,11.331444759206798,2012-2016
SNS,Biology,2015,a_flexible_theoretical_representation_for_the_temporal_dynamics_of_structured_populations_as_paths_on_polytope_complexes_2015.pdf,8,6,2,13312,6.009615384615385,4.507211538461538,2012-2016
SNS,Biology,2015,"biochar_in_co_contaminated_soil_manipulates_arsenic_solubility_and_microbiological_community_structure,_and_promotes_organochlorine_degradation_2015.pdf",10,6,4,10310,9.699321047526674,5.819592628516004,2012-2016
SNS,Biology,2015,draft_genome_sequences_of_three_strains_of_geobacillus_stearothermophilus_isolated_from_a_milk_powder_manufacturing_plant_2015.pdf,1,1,0,918,10.893246187363836,10.893246187363836,2012-2016
SNS,Biology,2015,draft_genome_sequence_of_the_filamentous_fungus_penicillium_paxilli_2015.pdf,1,0,1,992,10.080645161290322,0.0,2012-2016
SNS,Biology,2015,estimating_the_relative_rate_of_recombination_to_mutation_in_bacteria_from_single_locus_variants_using_composite_likelihood_methods_2015.pdf,8,1,7,11218,7.131395970761277,0.8914244963451596,2012-2016
SNS,Biology,2015,hylite_2015.pdf,3,1,2,2737,10.960906101571064,3.6536353671903545,2012-2016
SNS,Biology,2015,kissing_cousins_2015.pdf,1,1,0,1418,7.052186177715091,7.052186177715091,2012-2016
SNS,Biology,2015,mitochondrial_dna_and_the_y_chromosome_suggest_the_settlement_of_madagascar_by_indonesian_sea_nomad_populations_2015.pdf,10,6,4,8108,12.333497779970399,7.400098667982239,2012-2016
SNS,Biology,2015,molecular_cloning_and_functional_analysis_of_gene_clusters_for_the_biosynthesis_of_indole_diterpenes_in_penicillium_crustosum_and_p_janthinellum_2015.pdf,30,20,10,9153,32.77613897082924,21.850759313886158,2012-2016
SNS,Biology,2015,reconstructing_past_admixture_processes_from_local_genomic_ancestry_using_wavelet_transformation_2015.pdf,7,2,5,12626,5.544115317598607,1.5840329478853161,2012-2016
SNS,Biology,2015,relaxed_observance_of_traditional_marriage_rules_allows_social_connectivity_without_loss_of_genetic_diversity_2015.pdf,14,5,9,7024,19.931662870159457,7.118451025056948,2012-2016
SNS,Biology,2015,using_a_common_commensal_bacterium_in_endangered_takahe_as_a_model_to_explore_pathogen_dynamics_in_isolated_wildlife_populations_2015.pdf,15,11,4,7619,19.68762304764405,14.43759023493897,2012-2016
SNS,Biology,2015,whole_genome_sequencing_demonstrates_that_geographic_variation_of_escherichia_coli_o157_genotypes_dominates_host_association_2015.pdf,7,2,5,6707,10.436857015058893,2.9819591471596842,2012-2016
SNS,Biology,2016,bandwidth_selection_for_kernel_log_density_estimation_2016.pdf,2,1,1,2936,6.8119891008174385,3.4059945504087192,2012-2016
SNS,Biology,2016,bayesian_inference_of_ancestral_recombination_graphs_for_bacterial_populations_2016.pdf,8,3,5,10592,7.552870090634441,2.8323262839879155,2012-2016
SNS,Biology,2016,contrasting_linguistic_and_genetic_origins_of_the_asian_source_populations_of_malagasy_2016.pdf,10,4,6,7030,14.224751066856332,5.689900426742533,2012-2016
SNS,Biology,2016,genome_scale_investigation_of_phenotypically_distinct_but_nearly_clonal_trichoderma_strains_2016.pdf,12,4,8,11029,10.880406201831535,3.626802067277178,2012-2016
SNS,Biology,2016,genome_wide_gene_expression_dynamics_of_the_fungal_pathogen_dothistroma_septosporum_throughout_its_infection_cycle_of_the_gymnosperm_host_pinus_radiata_2016.pdf,7,4,3,13319,5.2556498235603275,3.0032284706059014,2012-2016
SNS,Biology,2016,genomic_analyses_inform_on_migration_events_during_the_peopling_of_eurasia_2016.pdf,13,6,7,10251,12.681689591259389,5.8530875036581795,2012-2016
SNS,Biology,2016,genomic_insights_into_the_peopling_of_the_southwest_pacific_2016.pdf,16,13,3,12987,12.320012320012319,10.01001001001001,2012-2016
SNS,Biology,2016,high_frequency_haplotypes_are_expected_events_not_historical_figures_2016.pdf,1,0,1,3308,3.022974607013301,0.0,2012-2016
SNS,Biology,2016,malagasy_genetic_ancestry_comes_from_an_historical_malay_trading_post_in_southeast_borneo_2016.pdf,6,2,4,4480,13.392857142857142,4.464285714285714,2012-2016
SNS,Biology,2016,microbial_genomics_of_a_host_associated_commensal_bacterium_in_fragmented_populations_of_endangered_takahe_2016.pdf,13,8,5,7514,17.301038062283737,10.646792653713069,2012-2016
SNS,Biology,2016,molecular_markers_for_quantification_of_bioactive_fungal_strains_associated_with_pinus_radiata_2016.pdf,5,2,3,2201,22.716946842344388,9.086778736937756,2012-2016
SNS,Biology,2016,reconstructing_demography_and_social_behavior_during_the_neolithic_expansion_from_genomic_diversity_across_island_southeast_asia_2016.pdf,8,3,5,11816,6.770480704129993,2.5389302640487474,2012-2016
SNS,Biology,2016,seasonality_of_campylobacter_jejuni_isolates_associated_with_human_campylobacteriosis_in_the_manawatu_region_new_zealand_2016.pdf,7,4,3,5496,12.736535662299854,7.27802037845706,2012-2016
SNS,Biology,2016,small_traditional_human_communities_sustain_genomic_diversity_over_microgeographic_scales_despite_linguistic_isolation_2016.pdf,15,7,8,10038,14.943215780035864,6.97350069735007,2012-2016
SNS,Biology,2016,sticky_genomes_2016.pdf,10,9,1,8701,11.492931846914148,10.343638662222734,2012-2016
SNS,Biology,2016,the_case_of_the_missing_ancient_fungal_polyploids_2016.pdf,21,14,7,10554,19.89766913018761,13.265112753458403,2012-2016
SNS,Biology,2016,variation_in_the_limit_of_detection_of_the_prospect_campylobacter_microplate_enzyme_immunoassay_in_stools_spiked_with_emerging_campylobacter_species_2016.pdf,4,4,0,6521,6.134028523232633,6.134028523232633,2012-2016
SNS,Biology,2016,western_eurasian_genetic_influences_in_the_indonesian_archipelago_2016.pdf,7,4,3,5087,13.760566149007275,7.863180656575586,2012-2016
SNS,Biology,2017,complete_genome_sequence_of_a_legionella_longbeachae_serogroup_1_strain_isolated_from_a_patient_with_legionnaires_disease_2017.pdf,2,0,2,1327,15.071590052750565,0.0,2017-2022
SNS,Biology,2017,complete_genome_sequence_of_campylobacter_concisus_atcc_33237t_and_draft_genome_sequences_for_an_additional_eight_well-characterized_c_concisus_strains_2017.pdf,1,0,1,1700,5.88235294117647,0.0,2017-2022
SNS,Biology,2017,complex_patterns_of_admixture_across_the_indonesian_archipelago_2017.pdf,13,6,7,12443,10.447641244072972,4.821988266495218,2017-2022
SNS,Biology,2017,culture_independent_analysis_using_gnd_as_a_target_gene_to_assess_escherichia_coli_diversity_and_community_structure_2017.pdf,5,2,3,8820,5.668934240362812,2.2675736961451247,2017-2022
SNS,Biology,2017,distinct_gut_microbiome_patterns_associate_with_consensus_molecular_subtypes_of_colorectal_cancer_2017.pdf,7,2,5,8949,7.822103028271315,2.23488657950609,2017-2022
SNS,Biology,2017,epichloë_hybrida_sp_nov_an_emerging_model_system_for_investigating_fungal_allopolyploidy_2017.pdf,18,9,9,11108,16.204537270435722,8.102268635217861,2017-2022
SNS,Biology,2017,genome_wide_detection_of_autosomal_copy_number_variants_in_several_sheep_breeds_using_illumina_ovinesnp50_beadchips_2017.pdf,14,9,5,7711,18.15588120866295,11.671637919854755,2017-2022
SNS,Biology,2017,genomic_admixture_tracks_pulses_of_economic_activity_over_2000_years_in_the_indian_ocean_trading_network_2017.pdf,3,0,3,4947,6.064281382656155,0.0,2017-2022
SNS,Biology,2017,genomic_analysis_of_salmonella_enterica_serovar_typhimurium_dt160_associated_with_a_14-year_outbreak_new_zealand_2017.pdf,12,3,9,5921,20.266846816416145,5.066711704104036,2017-2022
SNS,Biology,2017,genomic_data_quality_impacts_automated_detection_of_lateral_gene_transfer_in_fungi_2017.pdf,15,3,12,13707,10.94331363536879,2.188662727073758,2017-2022
SNS,Biology,2017,genomic_epidemiology_and_management_of_salmonella_in_island_ecosystems_used_for_takahe_conservation_2017.pdf,19,15,4,7457,25.479415314469627,20.11532787984444,2017-2022
SNS,Biology,2017,genomic_epidemiology_of_methicillin_susceptible_staphylococcus_aureus_across_colonisation_and_skin_and_soft_tissue_infection_2017.pdf,13,8,5,7172,18.126045733407697,11.154489682097045,2017-2022
SNS,Biology,2017,host_tissue_environment_directs_activities_of_an_epichloë_endophyte_while_it_induces_systemic_hormone_and_defense_responses_in_its_native_perennial_ryegrass_host_2017.pdf,15,9,6,11911,12.59340105784569,7.556040634707413,2017-2022
SNS,Biology,2017,inferring_ancestral_recombination_graphs_from_bacterial_genomic_data_2017.pdf,8,2,6,10132,7.895775759968417,1.9739439399921042,2017-2022
SNS,Biology,2017,insights_into_the_geobacillus_stearothermophilus_species_based_on_phylogenomic_principles_2017.pdf,19,7,12,9901,19.18998081001919,7.06999293000707,2017-2022
SNS,Biology,2017,isolation_and_characterization_of_microsatellite_loci_from_arthropodium_cirratum_2017.pdf,20,19,1,3121,64.08202499198974,60.87792374239026,2017-2022
SNS,Biology,2017,kinship_structures_create_persistent_channels_for_language_transmission_2017.pdf,9,6,3,6483,13.882461823229987,9.254974548819991,2017-2022
SNS,Biology,2017,the_last_sea_nomads_of_the_indonesian_archipelago_2017.pdf,10,5,5,6698,14.929829799940281,7.4649148999701405,2017-2022
SNS,Biology,2018,ancient_dna_and_its_contribution_to_understanding_the_human_history_of_the_pacific_islands_2018.pdf,20,16,4,13843,14.447735317488982,11.558188253991187,2017-2022
SNS,Biology,2018,complete_genome_sequence_of_legionella_sainthelensi_isolated_from_a_patient_with_legionnaires_disease_2018.pdf,4,2,2,1183,33.8123415046492,16.9061707523246,2017-2022
SNS,Biology,2018,draft_whole_genome_sequences_of_five_klebsiella_pneumoniae_isolates_from_the_subantarctic_islands_of_new_zealand_2018.pdf,5,2,3,1687,29.638411381149968,11.855364552459987,2017-2022
SNS,Biology,2018,draft_whole_genome_sequences_of_seven_isolates_of_klebsiella_pneumoniae_from_new_zealand_sea_lions_2018.pdf,8,3,5,1889,42.35044997353097,15.881418740074112,2017-2022
SNS,Biology,2018,draft_whole_genome_sequences_of_three_diarrheagenic_escherichia_coli_strains_isolated_from_farmed_deer_in_new_zealand_2018.pdf,10,3,7,1546,64.6830530401035,19.404915912031047,2017-2022
SNS,Biology,2018,genomic_medicine_must_reduce_not_compound_health_inequities_2018.pdf,44,38,6,5539,79.436721429861,68.60444123487994,2017-2022
SNS,Biology,2018,human_perceptions_of_megafaunal_extinction_events_revealed_by_linguistic_analysis_of_indigenous_oral_traditions_2018.pdf,92,71,21,7425,123.90572390572392,95.62289562289563,2017-2022
SNS,Biology,2018,investigating_the_origins_of_eastern_polynesians_using_genome_wide_data_from_the_leeward_society_isles_2018.pdf,19,14,5,10954,17.345262004747124,12.780719371918932,2017-2022
SNS,Biology,2018,long_term_colonization_by_campylobacter_jejuni_within_a_human_host_2018.pdf,13,8,5,6400,20.3125,12.5,2017-2022
SNS,Biology,2018,molecular_epidemiology_of_shiga_toxin_producing_escherichia_coli_on_new_zealand_dairy_farms_2018.pdf,11,6,5,9779,11.24859392575928,6.135596686777789,2017-2022
SNS,Biology,2018,māori_oral_traditions_record_and_convey_indigenous_knowledge_of_marine_and_freshwater_resources_2018.pdf,322,270,52,4838,665.5642827614716,558.0818520049608,2017-2022
SNS,Biology,2018,post_marital_residence_patterns_show_lineage_specific_evolution_2018.pdf,7,4,3,7159,9.777901941611956,5.587372538063976,2017-2022
SNS,Biology,2018,repeat_elements_organise_3d_genome_structure_and_mediate_transcription_in_the_filamentous_fungus_epichloë_festucae_2018.pdf,9,2,7,25146,3.5790980672870436,0.7953551260637874,2017-2022
SNS,Biology,2018,the_comoros_show_the_earliest_austronesian_gene_flow_into_the_swahili_corridor_2018.pdf,12,9,3,9307,12.89352100569464,9.67014075427098,2017-2022
SNS,Biology,2018,updating_the_genomic_taxonomy_and_epidemiology_of_campylobacter_hyointestinalis_2018.pdf,10,6,4,8962,11.158223610801162,6.694934166480696,2017-2022
SNS,Biology,2019,16s_rdna_high_throughput_sequencing_and_maldi_tof_ms_are_complementary_when_studying_psychrotrophic_bacterial_diversity_of_raw_cows_milk_2019.pdf,11,6,5,6445,17.067494181536073,9.309542280837858,2017-2022
SNS,Biology,2019,archaic_mitochondrial_dna_inserts_in_modern_day_nuclear_genomes_2019.pdf,3,0,3,7987,3.7561036684612494,0.0,2017-2022
SNS,Biology,2019,breaking_free_2019.pdf,15,10,5,20981,7.149325580286926,4.766217053524618,2017-2022
SNS,Biology,2019,complete_genome_sequence_of_the_telford_type_s_strain_of_mycobacterium_avium_subsp_paratuberculosis_2019.pdf,2,0,2,2160,9.25925925925926,0.0,2017-2022
SNS,Biology,2019,denisovan_modern_human_and_mouse_tnfaip3_alleles_tune_a20_phosphorylation_and_immunity_2019.pdf,15,11,4,17317,8.66200843102154,6.352139516082462,2017-2022
SNS,Biology,2019,draft_genome_sequence_of_a_canine_uropathogenic_escherichia_coli_strain_isolated_in_new_zealand_2019.pdf,4,2,2,1190,33.61344537815126,16.80672268907563,2017-2022
SNS,Biology,2019,draft_whole_genome_sequences_of_campylobacter_strains_isolated_from_brushtail_possums_in_new_zealand_2019.pdf,2,2,0,1383,14.461315979754158,14.461315979754158,2017-2022
SNS,Biology,2019,draft_whole_genome_sequences_of_three_isolates_of_a_novel_strain_of_a_campylobacter_sp_isolated_from_new_zealand_birds_and_water_2019.pdf,6,3,3,1466,40.927694406548426,20.463847203274213,2017-2022
SNS,Biology,2019,evidence_of_austronesian_genetic_lineages_in_east_africa_and_south_arabia_2019.pdf,10,6,4,8048,12.42544731610338,7.455268389662027,2017-2022
SNS,Biology,2019,genetics_adaptation_to_environmental_changes_and_archaic_admixture_in_the_pathogenesis_of_diabetes_mellitus_in_indigenous_australians_2019.pdf,16,12,4,10174,15.726361313151171,11.794770984863378,2017-2022
SNS,Biology,2019,gene_regulatory_networks_2019.pdf,22,13,9,16505,13.329294153286884,7.8764010905786135,2017-2022
SNS,Biology,2019,genomic_analysis_of_fluoroquinolone_and_tetracycline_resistant_campylobacter_jejuni_sequence_type_6964_in_humans_and_poultry_new_zealand_2019.pdf,13,7,6,6628,19.613759806879905,10.561255280627641,2017-2022
SNS,Biology,2019,genomic_correlates_of_extraintestinal_infection_are_linked_with_changes_in_cell_morphology_in_campylobacter_jejuni_2019.pdf,13,8,5,10553,12.318771913200038,7.580782715815408,2017-2022
SNS,Biology,2019,global_population_genomics_of_the_forest_pathogen_dothistroma_septosporum_reveal_chromosome_duplications_in_high_dothistromin_producing_strains_2019.pdf,11,4,7,13941,7.890395237070511,2.869234631662004,2017-2022
SNS,Biology,2019,gnddb_a_database_of_partial_gnd_sequences_to_assist_with_analysis_of_escherichia_coli_communities_using_high_throughput_sequencing_2019.pdf,3,2,1,1435,20.905923344947734,13.937282229965156,2017-2022
SNS,Biology,2019,greater_genetic_and_regulatory_plasticity_of_retained_duplicates_in_epichloë_endophytic_fungi_2019.pdf,14,4,10,10248,13.66120218579235,3.9032006245121,2017-2022
SNS,Biology,2019,identification_of_african_specific_admixture_between_modern_and_archaic_humans_2019.pdf,6,3,3,6912,8.680555555555555,4.340277777777778,2017-2022
SNS,Biology,2019,investigation_of_the_validity_of_two_bayesian_ancestral_state_reconstruction_models_for_estimating_salmonella_transmission_during_outbreaks_2019.pdf,4,0,4,14416,2.774694783573807,0.0,2017-2022
SNS,Biology,2019,isolation_of_emerging_campylobacter_species_in_working_farm_dogs_and_their_frozen_home_killed_raw_meat_diets_2019.pdf,7,5,2,8625,8.115942028985508,5.797101449275362,2017-2022
SNS,Biology,2019,metagenomics_and_transcriptomics_data_from_human_colorectal_cancer_2019.pdf,2,0,2,4543,4.402377283733216,0.0,2017-2022
SNS,Biology,2019,multiple_deeply_divergent_denisovan_ancestries_in_papuans_2019.pdf,21,12,9,36816,5.704041720990873,3.259452411994785,2017-2022
SNS,Biology,2019,novel_5_nitrofuran_activating_reductase_in_escherichia_coli_2019.pdf,19,12,7,10353,18.352168453588334,11.590843233845263,2017-2022
SNS,Biology,2019,phylogeographic_analysis_reveals_multiple_international_transmission_events_have_driven_the_global_emergence_of_escherichia_coli_o157_2019.pdf,8,5,3,6879,11.629597325192615,7.268498328245384,2017-2022
SNS,Biology,2019,phylogeography_of_the_endemic_new_zealand_tree_entelea_arborescens_2019.pdf,54,46,8,6902,78.23819182845553,66.64734859461026,2017-2022
SNS,Biology,2019,reduced_virulence_of_an_introduced_forest_pathogen_over_50_years_2019.pdf,6,5,1,12989,4.619293248133036,3.849411040110863,2017-2022
SNS,Biology,2019,sex_linked_genetic_diversity_originates_from_persistent_sociocultural_processes_at_microgeographic_scales_2019.pdf,6,3,3,9244,6.490696668109044,3.245348334054522,2017-2022
SNS,Biology,2019,the_effect_of_carbohydrate_sources_2019.pdf,5,2,3,18010,2.77623542476402,1.1104941699056081,2017-2022
SNS,Biology,2019,the_genomeasia_100k_project_enables_genetic_discoveries_across_asia_2019.pdf,17,8,9,10986,15.474239941744038,7.281995266703077,2017-2022
SNS,Biology,2019,use_of_genomics_to_investigate_historical_importation_of_shiga_toxin_2019.pdf,14,5,9,7028,19.9203187250996,7.114399544678429,2017-2022
SNS,Biology,2019,warfare_induces_post_marital_residence_change_2019.pdf,11,5,6,10326,10.652721286073987,4.842146039124541,2017-2022
SNS,Biology,2020,a_critical_rebuttal_of_the_proposed_division_of_the_genus_arcobacter_into_six_genera_using_comparative_genomic_phylogenetic_and_phenotypic_criteria_2020.pdf,13,5,8,8564,15.179822512844465,5.838393274170948,2017-2022
SNS,Biology,2020,a_large_scale_waterborne_campylobacteriosis_outbreak_havelock_north_new_zealand_2020.pdf,16,7,9,5969,26.805159993298712,11.727257497068187,2017-2022
SNS,Biology,2020,camellia_plant_resistance_and_susceptibility_to_petal_blight_disease_are_defined_by_the_timing_of_defense_responses_2020.pdf,8,5,3,10185,7.854688267059402,4.909180166912126,2017-2022
SNS,Biology,2020,campylobacter_novaezeelandiae_sp_nov_isolated_from_birds_and_water_in_new_zealand_2020.pdf,11,7,4,5635,19.520851818988465,12.422360248447205,2017-2022
SNS,Biology,2020,carriage_of_extended_spectrum_beta_lactamase_and_ampc_beta_lactamase_producing_escherichia_coli_strains_from_humans_and_pets_in_the_same_households_2020.pdf,13,5,8,10161,12.794016336974707,4.920775514221041,2017-2022
SNS,Biology,2020,characterising_the_methylome_of_legionella_longbeachae_serogroup_1_clinical_isolates_and_assessing_geo-temporal_genetic_diversity_2020.pdf,8,4,4,15041,5.318795292866166,2.659397646433083,2017-2022
SNS,Biology,2020,chromosome_level_reference_genome_of_venturia_effusa_causative_agent_of_pecan_scab_2020.pdf,11,5,6,3293,33.4041907075615,15.183723048891588,2017-2022
SNS,Biology,2020,comparative_genetic_diversity_of_cryptosporidium_species_causing_human_infections_2020.pdf,17,11,6,5094,33.37259521005104,21.594032194738908,2017-2022
SNS,Biology,2020,comparison_of_the_pathogenic_potential_of_campylobacter_jejuni_c_upsaliensis_and_c_helveticus_and_limitations_of_using_larvae_of_galleria_mellonella_2020.pdf,3,2,1,9895,3.031834259727135,2.02122283981809,2017-2022
SNS,Biology,2020,complete_genome_sequence_of_a_legionella_longbeachae_serogroup_2_isolate_derived_from_a_patient_with_legionnaires_disease_2020.pdf,5,1,4,1529,32.701111837802486,6.540222367560498,2017-2022
SNS,Biology,2020,conservation_and_expansion_of_a_necrosis_inducing_small_secreted_protein_family_from_host_variable_phytopathogens_of_the_sclerotiniaceae_2020.pdf,11,4,7,12069,9.11425967354379,3.3142762449250145,2017-2022
SNS,Biology,2020,dense_sampling_of_bird_diversity_increases_power_of_comparative_genomics_2020.pdf,12,11,1,21047,5.701525157979759,5.226398061481446,2017-2022
SNS,Biology,2020,does_land_use_affect_pathogen_presence_in_new_zealand_drinking_water_supplies_2020.pdf,33,26,7,10142,32.53796095444685,25.635969236836917,2017-2022
SNS,Biology,2020,draft_genome_sequences_of_eight_strains_of_campylobacter_helveticus_isolated_from_cats_and_a_dog_in_new_zealand_2020.pdf,2,1,1,1557,12.845215157353884,6.422607578676942,2017-2022
SNS,Biology,2020,genome_wide_dna_methylation_and_gene_expression_patterns_reflect_genetic_ancestry_and_environmental_differences_across_the_indonesian_archipelago_2020.pdf,7,0,7,18335,3.817834742296155,0.0,2017-2022
SNS,Biology,2020,genomic_epidemiology_and_carbon_metabolism_of_escherichia_coli_serogroup_o145_reflect_contrasting_phylogenies_2020.pdf,13,5,8,18979,6.8496759576373885,2.634490752937457,2017-2022
SNS,Biology,2020,mitochondrial_evolution_in_the_entomopathogenic_fungal_genus_beauveria_2020.pdf,15,7,8,8288,18.098455598455597,8.445945945945946,2017-2022
SNS,Biology,2020,mycelial_biomass_and_concentration_of_loline_alkaloids_driven_by_complex_population_structure_in_epichloë_uncinata_and_meadow_fescue_2020.pdf,11,2,9,11571,9.506524933022211,1.7284590787313112,2017-2022
SNS,Biology,2020,novel_mechanisms_of_tolc_independent_decreased_bile_salt_susceptibility_in_escherichia_coli_2020.pdf,4,1,3,5760,6.944444444444445,1.7361111111111112,2017-2022
SNS,Biology,2020,opportunities_for_modern_genetic_technologies_to_maintain_and_enhance_aotearoa_new_zealands_bioheritage_2020.pdf,38,35,3,11722,32.41767616447705,29.858385940965707,2017-2022
SNS,Biology,2020,papuan_mitochondrial_genomes_and_the_settlement_of_sahul_2020.pdf,14,10,4,10185,13.745704467353953,9.818360333824252,2017-2022
SNS,Biology,2020,phylogenetic_determinants_of_toxin_gene_distribution_in_genomes_of_brevibacillus_laterosporus_2020.pdf,16,5,11,9175,17.43869209809264,5.4495912806539515,2017-2022
SNS,Biology,2020,reply_to_baba_and_kanamori_2020.pdf,8,4,4,3290,24.316109422492403,12.158054711246201,2017-2022
SNS,Biology,2020,sismonr_2020.pdf,0,0,0,2134,0.0,0.0,2017-2022
SNS,Biology,2020,the_importance_and_prevalence_of_allopolyploidy_in_aotearoa_new_zealand_2020.pdf,24,18,6,12238,19.611047556790325,14.708285667592746,2017-2022
SNS,Biology,2021,aliarcobacter_halarcobacter_malaciobacter_pseudarcobacter_and_poseidonibacter_are_later_synonyms_of_arcobacter_2021.pdf,3,1,2,4072,7.367387033398821,2.455795677799607,2017-2022
SNS,Biology,2021,an_informatics_consult_approach_for_generating_clinical_evidence_for_treatment_decisions_2021.pdf,12,5,7,9071,13.228971447469958,5.512071436445816,2017-2022
SNS,Biology,2021,a_molecular_survey_of_canine_respiratory_viruses_in_new_zealand_2021.pdf,10,7,3,7832,12.768130745658835,8.937691521961185,2017-2022
SNS,Biology,2021,bacterial_influence_on_the_formation_of_hematite_2021.pdf,11,6,5,12025,9.147609147609147,4.98960498960499,2017-2022
SNS,Biology,2021,characterisation_of_ampc_and_extended_spectrum_beta_lactamase_producing_e_coli_from_new_zealand_dairy_farms_2021.pdf,19,9,10,8850,21.468926553672315,10.169491525423728,2017-2022
SNS,Biology,2021,characterization_of_bicistronic_transcription_in_budding_yeast_2021.pdf,9,3,6,6997,12.862655423753036,4.287551807917679,2017-2022
SNS,Biology,2021,"chromosome_level_genomes_provide_insights_into_genome_evolution,_organization_and_size_in_epichloe_fungi_2021.pdf",9,2,7,9392,9.582623509369677,2.1294718909710393,2017-2022
SNS,Biology,2021,comparative_genomics_of_mycobacterium_avium_subspecies_paratuberculosis_sheep_strains_2021.pdf,22,7,15,11092,19.83411467724486,6.310854670032456,2017-2022
SNS,Biology,2021,comparative_genomics_reveals_a_core_gene_toolbox_for_lifestyle_transitions_in_hypocreales_fungi_2021.pdf,7,5,2,10375,6.746987951807228,4.8192771084337345,2017-2022
SNS,Biology,2021,complete_genome_sequences_of_three_clostridiales_r_7_group_strains_isolated_from_the_bovine_rumen_in_new_zealand_2021.pdf,8,4,4,1762,45.40295119182747,22.701475595913735,2017-2022
SNS,Biology,2021,draft_genome_sequences_of_seven_extended_spectrum_β_lactamase_producing_escherichia_coli_strains_isolated_from_new_zealand_waterways_2021.pdf,2,1,1,1440,13.88888888888889,6.944444444444445,2017-2022
SNS,Biology,2021,evolution_of_virulence_in_a_novel_family_of_transmissible_mega_plasmids_2021.pdf,15,11,4,10456,14.34583014537108,10.520275439938791,2017-2022
SNS,Biology,2021,first_report_of_novel_assemblages_and_mixed_infections_of_giardia_duodenalis_in_human_isolates_from_new_zealand_2021.pdf,8,5,3,5119,15.628052353975384,9.767532721234616,2017-2022
SNS,Biology,2021,genetic_characterisation_of_campylobacter_concisus_2021.pdf,10,3,7,12051,8.298066550493735,2.4894199651481204,2017-2022
SNS,Biology,2021,genome_sequences_for_extended_spectrum_beta_lactamase_producing_escherichia_coli_strains_isolated_from_different_water_sources_2021.pdf,6,3,3,1993,30.105368790767688,15.052684395383844,2017-2022
SNS,Biology,2021,genomic_adaptations_of_campylobacter_jejuni_to_long_term_human_colonization_2021.pdf,18,13,5,10844,16.599040944300995,11.988196237550719,2017-2022
SNS,Biology,2021,genomic_and_phenotypic_comparison_of_two_salmonella_typhimurium_strains_responsible_for_consecutive_salmonellosis_outbreaks_in_new_zealand_2021.pdf,23,10,13,10301,22.327929327249784,9.707795359673817,2017-2022
SNS,Biology,2021,genomic_profiling_of_mycobacterium_tuberculosis_strains_myanmar_2021.pdf,1,1,0,5730,1.7452006980802792,1.7452006980802792,2017-2022
SNS,Biology,2021,microbial_contamination_in_drinking_water_at_public_outdoor_recreation_facilities_in_new_zealand_2021.pdf,14,12,2,6578,21.28306476132563,18.242626938279113,2017-2022
SNS,Biology,2021,microbial_diversity_in_water_and_animal_faeces_2021.pdf,15,15,0,5428,27.63448784082535,27.63448784082535,2017-2022
SNS,Biology,2021,one_dogs_waste_is_another_dogs_wealth_2021.pdf,7,2,5,19858,3.525027696646188,1.0071507704703395,2017-2022
SNS,Biology,2021,papua_new_guinean_genomes_reveal_the_complex_settlement_of_north_sahul_2021.pdf,24,14,10,14002,17.140408513069563,9.99857163262391,2017-2022
SNS,Biology,2021,regulation_of_host_infection_ability_in_the_grass_symbiotic_fungus_epichloë_festucae_by_histone_h3k9_and_h3k36_methyltransferases_2021.pdf,13,7,6,13304,9.771497294046904,5.261575466025255,2017-2022
SNS,Biology,2021,resilience_of_faecal_microbiota_in_stabled_thoroughbred_horses_following_abrupt_dietary_transition_between_freshly_cut_pasture_and_three_forage-based_diets_2021.pdf,8,3,5,14530,5.505849965588438,2.064693737095664,2017-2022
SNS,Biology,2021,seasonal_variation_in_the_faecal_microbiota_of_mature_adult_horses_maintained_on_pasture_in_new_zealand_2021.pdf,16,8,8,15500,10.32258064516129,5.161290322580645,2017-2022
SNS,Biology,2021,transmission_dynamics_of_shiga_toxin_producing_escherichia_coli_in_new_zealand_cattle_from_farm_to_slaughter_2021.pdf,11,3,8,9902,11.10886689557665,3.029690971520905,2017-2022
SNS,Biology,2021,uncovering_the_genetic_diversity_of_giardia_isolates_from_outbreaks_in_new_zealand_2021.pdf,7,3,4,5976,11.713520749665328,5.02008032128514,2017-2022
SNS,Biology,2021,whole_genome_sequencing_and_ad_hoc_shared_genome_analysis_of_staphylococcus_aureus_isolates_from_a_new_zealand_primary_school_2021.pdf,1,0,1,7106,1.4072614691809737,0.0,2017-2022
SNS,Biology,2021,widespread_denisovan_ancestry_in_island_southeast_asia_but_no_evidence_of_substantial_super_archaic_hominin_admixture_2021.pdf,11,5,6,11190,9.830205540661305,4.468275245755138,2017-2022
SNS,Biology,2022,admixture_has_obscured_signals_of_historical_hard_sweeps_in_humans_2022.pdf,10,4,6,13274,7.533524182612626,3.01340967304505,2017-2022
SNS,Biology,2022,an_insight_into_tropical_milk_microbiome_bacterial_community_composition_of_cattle_milk_produced_in_sri_lanka_2022.pdf,18,11,7,9138,19.69796454366382,12.037644998905668,2017-2022
SNS,Biology,2022,a_large_chromosomal_inversion_affects_antimicrobial_sensitivity_of_escherichia_coli_to_sodium_deoxycholate_2022.pdf,15,10,5,6712,22.34803337306317,14.898688915375446,2017-2022
SNS,Biology,2022,a_single_fungal_strain_was_the_unexpected_cause_of_a_mass_aspergillosis_outbreak_in_the_worlds_largest_and_only_flightless_parrot_2022.pdf,17,11,6,8864,19.17870036101083,12.409747292418773,2017-2022
SNS,Biology,2022,chromosome_level_assembly_of_the_phytophthora_agathidicida_genome_reveals_adaptation_in_effector_gene_families_2022.pdf,35,25,10,17478,20.025174505092117,14.303696075065798,2017-2022
SNS,Biology,2022,chronology_of_natural_selection_in_oceanian_genomes_2022.pdf,21,12,9,11330,18.534863195057373,10.59135039717564,2017-2022
SNS,Biology,2022,cross_kingdom_transcriptomic_trends_in_the_evolution_of_hybrid_gene_expression_2022.pdf,12,5,7,10026,11.968880909634949,4.987033712347896,2017-2022
SNS,Biology,2022,deep_ancestry_of_collapsing_networks_of_nomadic_hunter_gatherers_in_borneo_2022.pdf,14,11,3,10732,13.045098770033544,10.249720462169215,2017-2022
SNS,Biology,2022,denisovan_introgression_has_shaped_the_immune_system_of_present_day_papuans_2022.pdf,8,1,7,20588,3.885758694385079,0.48571983679813485,2017-2022
SNS,Biology,2022,epichloë_scottii_sp_nov_a_new_endophyte_isolated_from_melica_uniflora_is_the_missing_ancestor_of_epichloë_disjuncta_2022.pdf,27,11,16,11112,24.29805615550756,9.899208063354932,2017-2022
SNS,Biology,2022,episodes_of_diversification_and_isolation_in_island_southeast_asian_and_near_oceanian_male_lineages_2022.pdf,13,8,5,11629,11.178949178777195,6.879353340785966,2017-2022
SNS,Biology,2022,extensive_epigenetic_modification_with_large_scale_chromosomal_and_plasmid_recombination_characterise_the_legionella_longbeachae_serogroup_1_genome_2022.pdf,7,5,2,9927,7.0514757731439515,5.036768409388536,2017-2022
SNS,Biology,2022,genetic_architecture_of_gene_regulation_in_indonesian_populations_identifies_qtls_associated_with_global_and_local_ancestries_2022.pdf,19,11,8,12490,15.212169735788631,8.807045636509207,2017-2022
SNS,Biology,2022,genetic_characterization_of_hypervirulent_klebsiella_pneumoniae_responsible_for_acute_death_in_captive_marmosets_2022.pdf,3,2,1,5571,5.385029617662897,3.5900197451085982,2017-2022
SNS,Biology,2022,genomic_discrimination_in_new_zealand_health_and_life_insurance_agenda_2022.pdf,14,13,1,2995,46.74457429048414,43.40567612687813,2017-2022
SNS,Biology,2022,identification_of_a_novel_polyomavirus_from_a_marsupial_host_2022.pdf,6,4,2,7384,8.125677139761647,5.417118093174431,2017-2022
SNS,Biology,2022,influence_of_management_practice_on_the_microbiota_of_a_critically_endangered_species_2022.pdf,28,22,6,11340,24.691358024691358,19.400352733686066,2017-2022
SNS,Biology,2022,lost_in_the_forest_2022.pdf,6,3,3,11155,5.378753922008068,2.689376961004034,2017-2022
SNS,Biology,2022,mass_spectrometry_based_lipidomics_of_brown_adipose_tissue_and_plasma_of_new_born_lambs_subjected_to_short_term_cold_exposure_2022.pdf,23,14,9,10814,21.26872572591086,12.946180876641392,2017-2022
SNS,Biology,2022,microbial_diversity_and_ecology_of_geothermal_springs_in_the_high_grade_metamorphic_terrain_of_sri_lanka_2022.pdf,26,18,8,9741,26.69130479416898,18.478595626732368,2017-2022
SNS,Biology,2022,positive_selection_in_the_genomes_of_two_papua_new_guinean_populations_at_distinct_altitude_levels_2022.pdf,11,8,3,13108,8.391821788220934,6.103143118706134,2017-2022
SNS,Biology,2022,prevalence_and_distribution_of_extended_spectrum_β_lactamase_and_ampc_producing_escherichia_coli_in_two_new_zealand_dairy_farm_environments_2022.pdf,17,7,10,17546,9.688817964208367,3.9895132793799157,2017-2022
SNS,Biology,2022,reconstruction_of_gene_innovation_associated_with_major_evolutionary_transitions_in_the_kingdom_fungi_2022.pdf,18,11,7,7706,23.358422008824295,14.274591227614847,2017-2022
SNS,Biology,2022,rnaseq_analysis_of_brown_adipose_tissue_and_thyroid_of_newborn_lambs_subjected_to_short_term_cold_exposure_reveals_signs_of_early_whitening_of_adipose_tissue_2022.pdf,14,9,5,19138,7.31528895391368,4.702685756087366,2017-2022
SNS,Biology,2022,species_wide_genomics_of_kākāpō_provides_transformational_tools_to_accelerate_recovery_2022.pdf,28,25,3,13006,21.52852529601722,19.221897585729664,2017-2022
SNS,Biology,2022,telomere_to_telomere_genome_sequences_across_a_single_genus_reveal_highly_variable_chromosome_rearrangement_rates_but_absolute_stasis_of_chromosome_number_2022.pdf,12,5,7,7276,16.492578339747116,6.871907641561297,2017-2022
SNS,Biology,2022,the_prevalence_of_salmonella_spp_in_working_farm_dogs_and_their_home_kill_raw_meat_diets_in_manawatū_new_zealand_2022.pdf,4,4,0,4418,9.053870529651427,9.053870529651427,2017-2022
SNS,Biology,2022,the_secreted_proteome_of_necrotrophic_ciborinia_camelliae_causes_nonhost_specific_virulence_2022.pdf,4,3,1,7517,5.321271783956366,3.9909538379672744,2017-2022
SNS,Biology,2022,uncovering_the_genetic_diversity_of_giardia_intestinalis_in_isolates_from_outbreaks_in_new_zealand_2022.pdf,11,6,5,13738,8.006987916727326,4.367447954578541,2017-2022
SNS,Biology,2022,whole_genome_sequencing_and_virulome_analysis_of_escherichia_coli_isolated_from_new_zealand_environments_of_contrasting_observed_land_use_2022.pdf,25,16,9,14813,16.877067440761493,10.801323162087355,2017-2022
SNS,Chemistry,2012,atomic_force_microscope_cantilever_calibration_using_a_focused_ion_beam_2012.pdf,5,4,1,10704,4.671150971599402,3.7369207772795217,2012-2016
SNS,Chemistry,2012,calibration_of_atomic_force_microscope_cantilevers_using_standard_and_inverted_static_methods_assisted_by_fib_milled_spatial_markers_2012.pdf,5,3,2,9341,5.352745958676802,3.2116475752060807,2012-2016
SNS,Chemistry,2012,comparison_of_carbon_nanotube_modified_electrodes_for_photovoltaic_devices_2012.pdf,8,6,2,6565,12.185833968012185,9.139375476009139,2012-2016
SNS,Chemistry,2012,dispersant_effects_in_the_selective_reaction_of_aryl_diazonium_salts_with_single_walled_carbon_nanotubes_in_aqueous_solution_2012.pdf,0,0,0,259,0.0,0.0,2012-2016
SNS,Chemistry,2012,evaluation_of_relative_comparator_and_k0_naa_for_characterization_of_aboriginal_australian_ochre_2012.pdf,5,3,2,3289,15.202189115232592,9.121313469139556,2012-2016
SNS,Chemistry,2012,raman_characterisation_of_carbon_nanotubes_grown_by_plasma_enhanced_chemical_vapour_deposition_2012.pdf,3,3,0,2739,10.95290251916758,10.95290251916758,2012-2016
SNS,Chemistry,2013,accurate_measurement_of_atomic_force_microscope_cantilever_deflection_excluding_tip_surface_contact_with_application_to_force_calibration_2013.pdf,6,3,3,10271,5.841690195696621,2.9208450978483107,2012-2016
SNS,Chemistry,2013,application_of_ion_beam_processes_to_scanning_probe_microscopy_2013.pdf,0,0,0,103,0.0,0.0,2012-2016
SNS,Chemistry,2013,cloud_computing_2013.pdf,2,1,1,7577,2.6395671109937973,1.3197835554968986,2012-2016
SNS,Chemistry,2013,communication_2013.pdf,3,1,2,4436,6.762849413886385,2.254283137962128,2012-2016
SNS,Chemistry,2013,determination_of_the_f_parameter_for_k0_neutron_activation_analysis_at_the_australian_20_mw_opal_research_reactor_2013.pdf,8,4,4,6590,12.139605462822459,6.0698027314112295,2012-2016
SNS,Chemistry,2013,efficient_attachment_of_carbon_nanotubes_to_conventional_and_high_frequency_afm_probes_enhanced_by_electron_beam_processes_2013.pdf,5,4,1,9545,5.238344683080147,4.190675746464118,2012-2016
SNS,Chemistry,2013,highly_conductive_interwoven_carbon_nanotube_and_silver_nanowire_transparent_electrodes_2013.pdf,10,5,5,4945,20.222446916076848,10.111223458038424,2012-2016
SNS,Chemistry,2013,identification_of_non_classical_ch_center_dot_center_dot_center_dot_m_interactions_in_early_and_late_transition_metal_complexes_containing_the_ch_ligand_2013.pdf,7,3,4,11815,5.924672027084215,2.5391451544646637,2012-2016
SNS,Chemistry,2013,identification_of_non_classical_c_h_m_interactions_in_early_and_late_transition_metal_complexes_containing_the_ch_3_ligand_2013.pdf,7,3,4,11776,5.94429347826087,2.547554347826087,2012-2016
SNS,Chemistry,2013,ligand_assembly_and_chirality_transfer_guided_by_dna_modified_with_enantiomerically_pure_paracyclophanes_2013.pdf,3,1,2,6316,4.749841671944268,1.5832805573147561,2012-2016
SNS,Chemistry,2013,molecular_engineering_of_guanine_rich_sequences_2013.pdf,51,38,13,35556,14.343570705366183,10.6873664079199,2012-2016
SNS,Chemistry,2013,seagrass_restoration_using_hessian_2013.pdf,0,0,0,91,0.0,0.0,2012-2016
SNS,Chemistry,2013,single_walled_carbon_nanotube_polyaniline_n_silicon_solar_cells_2013.pdf,7,6,1,6665,10.502625656414104,9.002250562640661,2012-2016
SNS,Chemistry,2013,the_role_of_sodium_dodecyl_sulfate_concentration_in_the_separation_of_carbon_nanotubes_using_gel_chromatography_2013.pdf,10,8,2,7294,13.709898546750754,10.967918837400603,2012-2016
SNS,Chemistry,2014,assembly_dependent_fluorescence_enhancing_nucleic_acids_in_sequence_specific_detection_of_double_stranded_dna_2014.pdf,1,0,1,468,21.36752136752137,0.0,2012-2016
SNS,Chemistry,2014,determining_the_origins_of_particulates_on_arkaroo_rock_art_2014.pdf,3,3,0,3614,8.301051466519093,8.301051466519093,2012-2016
SNS,Chemistry,2014,dna_duplex_as_a_scaffold_for_a_ground_state_complex_formation_between_a_zinc_cationic_porphyrin_and_phenylethynylpyren_1_yl_2014.pdf,6,3,3,5204,11.529592621060722,5.764796310530361,2012-2016
SNS,Chemistry,2014,examining_the_role_of_ultra_thin_atomic_layer_deposited_metal_oxide_2014.pdf,4,2,2,5440,7.352941176470588,3.676470588235294,2012-2016
SNS,Chemistry,2014,helicases_g4_dnas_and_drug_design_2014.pdf,7,7,0,3734,18.746652383502944,18.746652383502944,2012-2016
SNS,Chemistry,2014,spring_constant_calibration_techniques_for_next_generation_fast_scanning_atomic_force_microscope_cantilevers_2014.pdf,3,3,0,10298,2.913187026607108,2.913187026607108,2012-2016
SNS,Chemistry,2015,dna_based_assemblies_for_photochemical_upconversion_2015.pdf,9,5,4,7317,12.300123001230013,6.833401667350007,2012-2016
SNS,Chemistry,2015,dna_visualization_in_single_molecule_studies_carried_out_with_optical_tweezers_2015.pdf,8,6,2,5957,13.42957864696995,10.072183985227463,2012-2016
SNS,Chemistry,2015,interdependence_of_pyrene_interactions_and_tetramolecular_g4_dna_assembly_2015.pdf,13,9,4,5905,22.01524132091448,15.241320914479255,2012-2016
SNS,Chemistry,2015,pathway_to_high_throughput_low_cost_indium_free_transparent_electrodes_2015.pdf,10,3,7,6740,14.836795252225519,4.451038575667655,2012-2016
SNS,Chemistry,2015,planar_silver_nanowire_carbon_nanotube_and_pedot_2015.pdf,13,6,7,5273,24.653897212213163,11.378721790252229,2012-2016
SNS,Chemistry,2015,synthesis_of_twisted_intercalating_nucleic_acids_possesing_acridine_derivatives_2015.pdf,2,2,0,5848,3.4199726402188784,3.4199726402188784,2012-2016
SNS,Chemistry,2016,application_of_cu_catalyzed_azide_alkyne_cycloaddition_for_the_design_and_synthesis_of_sequence_specific_probes_targeting_double_stranded_dna_2016.pdf,7,6,1,6377,10.976948408342482,9.408812921436411,2012-2016
SNS,Chemistry,2016,dna_g_quadruplexes_show_strong_interaction_with_dna_methyltransferases_in_vitro_2016.pdf,18,11,7,10325,17.433414043583536,10.653753026634384,2012-2016
SNS,Chemistry,2016,g_quadruplex_supramolecular_assemblies_in_photochemical_upconversion_2016.pdf,19,15,4,4714,40.30547305897327,31.82011030971574,2012-2016
SNS,Chemistry,2016,multiple_weak_c_h_intramolecular_hydrogen_bonding_as_an_aid_to_minimizing_bond_rotation_flexibility_2016.pdf,8,4,4,7796,10.26167265264238,5.13083632632119,2012-2016
SNS,Chemistry,2016,nanoscale_heterogeniety_and_workfunction_variations_in_zno_thin_films_2016.pdf,15,4,11,5476,27.39225712198685,7.304601899196494,2012-2016
SNS,Chemistry,2016,plasma_enhanced_vortex_fluidic_device_manipulation_of_graphene_oxide_2016.pdf,8,7,1,3719,21.511158913686476,18.822264049475663,2012-2016
SNS,Chemistry,2016,steric_and_electronic_manipulation_of_the_anagostic_interaction_in_1_tetralone_oxime_and_imine_complexes_of_rhodium_2016.pdf,14,7,7,14731,9.50376756499898,4.75188378249949,2012-2016
SNS,Chemistry,2016,surface_and_near_surface_area_density_of_states_for_magnetron_sputtered_zno_and_al_zno_2016.pdf,0,0,0,112,0.0,0.0,2012-2016
SNS,Chemistry,2016,surface_modification_of_an_organic_hessian_substrate_leads_to_shifts_in_bacterial_biofilm_community_composition_and_abundance_2016.pdf,4,3,1,6899,5.797941730685607,4.348456298014205,2012-2016
SNS,Chemistry,2017,adsorption_and_desorption_of_single_stranded_dna_from_single_walled_carbon_nanotubes_2017.pdf,10,7,3,9094,10.996261271167802,7.6973828898174625,2017-2022
SNS,Chemistry,2017,chasing_the_agostic_interaction_in_ligand_assisted_cyclometallation_reactions_of_palladium_2017.pdf,25,12,13,12007,20.821187640543016,9.994170067460647,2017-2022
SNS,Chemistry,2017,efficient_and_fast_synthesis_of_few_layer_black_phosphorus_via_microwave_assisted_liquid_phase_exfoliation_2017.pdf,8,3,5,8025,9.968847352024921,3.7383177570093458,2017-2022
SNS,Chemistry,2017,electronic_and_steric_manipulation_of_the_preagostic_interaction_in_isoquinoline_complexes_of_rh_2017.pdf,11,4,7,10256,10.725429017160687,3.9001560062402496,2017-2022
SNS,Chemistry,2017,interplay_of_steric_and_electronic_effects_on_the_bonding_components_in_aromatic_ring_agostic_interactions_2017.pdf,6,1,5,5567,10.777797736662475,1.7962996227770793,2017-2022
SNS,Chemistry,2017,laying_waste_to_mercury_2017.pdf,40,26,14,9554,41.86728072011723,27.2137324680762,2017-2022
SNS,Chemistry,2017,new_complexity_for_aromatic_ring_agostic_interactions_2017.pdf,3,2,1,4184,7.170172084130019,4.780114722753346,2017-2022
SNS,Chemistry,2017,nmr_based_method_of_small_changes_reveals_how_dna_mutator_apobec3a_interacts_with_its_single_stranded_dna_substrate_2017.pdf,16,7,9,7582,21.102611448166712,9.232392508572936,2017-2022
SNS,Chemistry,2017,silencing_of_bcr_abl_chimeric_gene_in_human_chronic_myelogenous_leukemia_cell_line_k562_by_sirna_nuclear_export_signal_peptide_conjugates_2017.pdf,21,14,7,5969,35.181772491204555,23.454514994136375,2017-2022
SNS,Chemistry,2017,solution_based_methods_for_the_fabrication_of_carbon_nanotube_modified_atomic_force_microscopy_probes_2017.pdf,2,2,0,11292,1.7711654268508679,1.7711654268508679,2017-2022
SNS,Chemistry,2017,transparent_electrode_materials_and_methods_for_forming_same_2017.pdf,6,2,4,11266,5.325758920646192,1.7752529735487306,2017-2022
SNS,Chemistry,2018,dipole_formation_at_the_moo3_conjugated_polymer_interface_2018.pdf,0,0,0,141,0.0,0.0,2017-2022
SNS,Chemistry,2018,electronic_manipulation_of_the_agostic_and_syndetic_components_in_1_tetralone_oxime_and_imine_complexes_of_palladium_2018.pdf,11,6,5,9282,11.850894203835379,6.464124111182935,2017-2022
SNS,Chemistry,2018,improved_application_of_carbon_nanotube_atomic_force_microscopy_probes_using_peakforce_tapping_mode_2018.pdf,5,5,0,11077,4.513857542655954,4.513857542655954,2017-2022
SNS,Chemistry,2018,inhibiting_apobec3_activity_with_single_stranded_dna_containing_2_deoxyzebularine_analogues_2018.pdf,16,6,10,9497,16.847425502790355,6.3177845635463825,2017-2022
SNS,Chemistry,2018,investigation_into_the_behaviour_of_aluminium_and_steel_under_melt_freeze_cyclic_conditions_2018.pdf,2,1,1,6948,2.878526194588371,1.4392630972941856,2017-2022
SNS,Chemistry,2018,nonresonant_photons_catalyze_photodissociation_of_phenol_2018.pdf,6,2,4,6093,9.847365829640571,3.282455276546857,2017-2022
SNS,Chemistry,2018,on_the_growth_of_evaporated_lif_on_p3ht_and_pcbm_2018.pdf,0,0,0,172,0.0,0.0,2017-2022
SNS,Chemistry,2018,surface_chemical_characterisation_of_pyrite_exposed_to_acidithiobacillus_ferrooxidans_and_associated_extracellular_polymeric_substances_2018.pdf,11,7,4,9527,11.54613204576467,7.347538574577516,2017-2022
SNS,Chemistry,2018,the_oscillatory_adsorption_of_self_assembled_organosilane_films_on_aluminium_oxide_surfaces_2018.pdf,2,1,1,5277,3.7900322152738295,1.8950161076369147,2017-2022
SNS,Chemistry,2019,characterisation_of_the_material_and_mechanical_properties_of_atomic_force_microscope_cantilevers_with_a_plan_view_trapezoidal_geometry_2019.pdf,3,3,0,11415,2.628120893561104,2.628120893561104,2017-2022
SNS,Chemistry,2019,effects_of_pressure_and_ph_on_the_physical_stability_of_an_i_motif_dna_structure_2019.pdf,6,4,2,2884,20.804438280166433,13.869625520110958,2017-2022
SNS,Chemistry,2019,evaluation_of_the_agostic_and_syndetic_donations_in_aromatic_ring_agostic_interactions_involved_in_heteroatom_ligand_directed_c_h_bond_activation_2019.pdf,26,12,14,15208,17.096265123619148,7.890583903208837,2017-2022
SNS,Chemistry,2019,impact_of_puberty_and_age_on_adolescent_inhibition_over_time_2019.pdf,0,0,0,375,0.0,0.0,2017-2022
SNS,Chemistry,2019,laser_metal_deposition_and_wire_arc_additive_manufacturing_of_materials_2019.pdf,2,0,2,4192,4.770992366412213,0.0,2017-2022
SNS,Chemistry,2019,neutral_and_negatively_charged_phosphate_modifications_altering_thermal_stability_kinetics_of_formation_and_monovalent_ion_dependence_of_dna_g_quadruplexes_2019.pdf,15,10,5,5196,28.868360277136258,19.24557351809084,2017-2022
SNS,Chemistry,2019,scanning_auger_microscopy_studies_of_silane_films_grown_on_plasma_2019.pdf,3,1,2,6935,4.325883201153569,1.4419610670511898,2017-2022
SNS,Chemistry,2019,selective_inhibition_of_apobec3_enzymes_by_single_stranded_dnas_containing_2_deoxyzebularine_2019.pdf,14,9,5,6254,22.385673169171728,14.39078989446754,2017-2022
SNS,Chemistry,2019,spectroscopic_investigation_of_praseodymium_and_cerium_co_doped_20al_3_80lif_glass_for_potential_scintillator_applications_2019.pdf,37,31,6,5239,70.6241649169689,59.171597633136095,2017-2022
SNS,Chemistry,2019,the_oscillatory_adsorption_of_organosilane_films_on_aluminium_oxide_2019.pdf,2,2,0,3362,5.94883997620464,5.94883997620464,2017-2022
SNS,Chemistry,2019,the_role_of_physisorption_and_chemisorption_in_the_oscillatory_adsorption_of_organosilanes_on_aluminium_oxide_2019.pdf,1,1,0,7100,1.4084507042253522,1.4084507042253522,2017-2022
SNS,Chemistry,2019,understanding_the_potential_of_microwave_sintering_on_wc_co_2019.pdf,1,0,1,1840,5.434782608695652,0.0,2017-2022
SNS,Chemistry,2020,a_search_by_nbo_analysis_for_syndetic_donation_in_known_x_ray_structures_of_transition_metal_complexes_with_close_aromatic_ring_c_h_metal_approaches_2020.pdf,11,5,6,12785,8.603832616347281,3.9108330074305826,2017-2022
SNS,Chemistry,2020,differential_inhibition_of_apobec3_dna_mutator_isozymes_by_fluoro_and_non_fluoro_substituted_2_deoxyzebularine_embedded_in_single_stranded_dna_2020.pdf,11,7,4,7473,14.719657433427003,9.367054730362637,2017-2022
SNS,Chemistry,2020,electronic_and_steric_manipulation_of_the_agostic_interaction_in_benzo_quinoline_complexes_of_pd_and_implications_for_the_formation_of_η1_pd_c_bonds_2020.pdf,15,8,7,12142,12.35381321034426,6.588700378850271,2017-2022
SNS,Chemistry,2020,heterochromatin_protein_1α_interacts_with_parallel_rna_and_dna_g_quadruplexes_2020.pdf,7,3,4,7193,9.731683581259558,4.170721534825525,2017-2022
SNS,Chemistry,2020,mechanical_properties_and_microstructural_behaviour_of_microwave_sintered_wc_co_2020.pdf,2,0,2,5917,3.380091262464086,0.0,2017-2022
SNS,Chemistry,2020,new_interpretation_and_approach_to_curve_fitting_synchrotron_x_ray_photoelectron_spectra_of_9s8_fracture_surfaces_2020.pdf,5,4,1,8951,5.585968048262765,4.468774438610211,2017-2022
SNS,Chemistry,2020,panic_learning_off_the_covid_campus_2020.pdf,7,2,5,11356,6.164142303628038,1.7611835153222966,2017-2022
SNS,Chemistry,2020,strong_nonresonant_radiation_enhances_cis_trans_photoisomerization_of_stilbene_in_solution_2020.pdf,0,0,0,0,0.0,0.0,2017-2022
SNS,Chemistry,2020,the_importance_of_phosphates_for_dna_g_quadruplex_formation_2020.pdf,18,10,8,8813,20.424373085215024,11.346873936230567,2017-2022
SNS,Chemistry,2021,degradation_of_fusion_reactor_plasma_facing_materials_through_surface_plasma_etching_2021.pdf,0,0,0,344,0.0,0.0,2017-2022
SNS,Chemistry,2021,dna_with_zwitterionic_and_negatively_charged_phosphate_modifications_2021.pdf,13,9,4,9060,14.34878587196468,9.933774834437086,2017-2022
SNS,Chemistry,2021,microbial_induced_corrosion_of_3d_printed_stainless_steels_2021.pdf,0,0,0,538,0.0,0.0,2017-2022
SNS,Chemistry,2021,probing_molecular_mechanisms_during_the_oscillatory_adsorption_of_propyl_chain_functionalized_organosilane_films_with_sum_frequency_generation_spectroscopy_2021.pdf,6,4,2,7706,7.7861406696080975,5.190760446405398,2017-2022
SNS,Chemistry,2021,small_angle_x_ray_scattering_models_of_apobec3b_catalytic_domain_in_a_complex_with_a_single-stranded_dna_inhibitor_2021.pdf,19,14,5,14381,13.21187678186496,9.735067102426813,2017-2022
SNS,Chemistry,2021,steric_and_electronic_manipulation_of_the_agostic_and_π_syndetic_donations_in_a_known_iminophosphane_ni_complex_containing_a_rotatable_in_plane_aromatic_ring_2021.pdf,9,3,6,6112,14.725130890052357,4.908376963350785,2017-2022
SNS,Chemistry,2021,sub_micron_moulding_topological_mass_transport_regimes_in_angled_vortex_fluidic_flow_2021.pdf,6,3,3,9980,6.012024048096192,3.006012024048096,2017-2022
SNS,Chemistry,2021,surface_characterisation_of_pyrite_exposed_to_a_brierleyi_2021.pdf,4,2,2,9682,4.131377814501136,2.065688907250568,2017-2022
SNS,Chemistry,2021,synthesis_photophysical_and_assembly_studies_of_novel_luminescent_lanthanide_complexes_of_1_2_3_triazolyl_pyridine_2_6_dicarboxamide_based_ligands_2021.pdf,7,3,4,11126,6.29156929714183,2.6963868416322128,2017-2022
SNS,Chemistry,2021,the_corrosion_and_degradation_behaviour_of_wire_arc_additively_manufactured_316_ss_and_aluminium_bronze_alloys_2021.pdf,0,0,0,232,0.0,0.0,2017-2022
SNS,Chemistry,2021,the_impact_of_post_processing_heat_treatments_on_elemental_distribution_and_corrosion_properties_of_cold_spray_printed_ai_alloys_2021.pdf,1,0,1,777,12.87001287001287,0.0,2017-2022
SNS,Chemistry,2021,ultra_thin_films_of_amphiphilic_lanthanide_complexes_2021.pdf,3,1,2,3745,8.01068090787717,2.67022696929239,2017-2022
SNS,Chemistry,2022,beyond_the_stem_comfort_zone_2022.pdf,4,3,1,7788,5.136106831022086,3.852080123266564,2017-2022
SNS,Chemistry,2022,bis_anagostic_structures_in_n_n_chelate_ligand_complexes_of_palladium_2022.pdf,17,7,10,6698,25.380710659898476,10.450880859958197,2017-2022
SNS,Chemistry,2022,coiling_of_single_walled_carbon_nanotubes_via_selective_topological_fluid_flow_2022.pdf,0,0,0,203,0.0,0.0,2017-2022
SNS,Chemistry,2022,design_synthesis_and_evaluation_of_a_cross_linked_oligonucleotide_as_the_first_nanomolar_inhibitor_of_apobec3a_2022.pdf,17,9,8,5913,28.750211398613224,15.220700152207002,2017-2022
SNS,Chemistry,2022,influence_of_co_fe_ni_ratio_on_cobalt_pentlandites_electronic_structure_and_surface_speciation_2022.pdf,5,3,2,8503,5.880277549100317,3.528166529460191,2017-2022
SNS,Chemistry,2022,phosphorothioate_modification_improves_exon_skipping_of_antisense_oligonucleotides_based_on_sulfonyl_phosphoramidates_in_mdx_mouse_myotubes_2022.pdf,9,3,6,5736,15.690376569037657,5.230125523012552,2017-2022
SNS,Chemistry,2022,reconstruction_of_pyrrhotite_fracture_surfaces_2022.pdf,6,4,2,8339,7.195107327017628,4.796738218011752,2017-2022
SNS,Chemistry,2022,small_angle_x_ray_scattering_measurements_of_apobec3g_provide_structural_basis_for_binding_of_single_stranded_dna_and_processivity_2022.pdf,25,15,10,17112,14.609630668536699,8.76577840112202,2017-2022
SNS,Chemistry,2022,the_scientist_tthe_artefact_and_the_exegesis_2022.pdf,11,3,8,10181,10.80443964247127,2.946665357037619,2017-2022
SNS,Chemistry,2022,the_vice_chancellor_in_australian_universities_2022.pdf,6,1,5,9033,6.642311524410495,1.1070519207350826,2017-2022
SNS,Chemistry,2022,ultraviolet_c_photoresponsivity_using_fabricated_tio2_thin_films_and_transimpedance_amplifier_based_test_setup_2022.pdf,12,2,10,9271,12.943587531010678,2.15726458850178,2017-2022
SNS,Chemistry,2022,uncoupling_molecular_testing_for_sars_cov_2_from_international_supply_chains_2022.pdf,28,15,13,11240,24.91103202846975,13.345195729537368,2017-2022
SNS,Chemistry,2022,vortex_fluidic_induced_mass_transfer_across_immiscible_phases_2022.pdf,13,6,7,9870,13.171225937183383,6.079027355623101,2017-2022
SNS,Genetics,2012,diverse_lifestyles_and_strategies_of_plant_pathogenesis_encoded_in_the_genomes_of_eighteen_dothideomycetes_fungi_2012.pdf,24,11,13,21403,11.21338130168668,5.139466429939728,2012-2016
SNS,Genetics,2012,diverse_life_styles_encoded_in_the_genomes_of_eighteen_dothideomycetes_2012.pdf,24,11,13,21403,11.21338130168668,5.139466429939728,2012-2016
SNS,Genetics,2012,protecting_forest_crops_from_disease_2012.pdf,2,1,1,256,78.125,39.0625,2012-2016
SNS,Genetics,2012,quantification_of_dothistroma_septosporum_spores_by_real_time_polymerase_chain_reaction_2012.pdf,1,0,1,618,16.181229773462785,0.0,2012-2016
SNS,Genetics,2012,the_genome_of_the_biotrophic_fungus_cladosporium_fulvum_suggests_that_it_evolved_from_a_necrotrophic_pathogen_2012.pdf,1,1,0,235,42.5531914893617,42.5531914893617,2012-2016
SNS,Genetics,2012,the_genome_of_the_fungus_cladosporium_fulvum_suggests_an_ancestral_host_jump_to_tomato_2012.pdf,1,1,0,234,42.73504273504274,42.73504273504274,2012-2016
SNS,Genetics,2012,the_vea_gene_of_the_pine_needle_pathogen_dothistroma_septosporum_regulates_sporulation_and_secondary_metabolism_2012.pdf,9,2,7,9933,9.06070673512534,2.0134903855834088,2012-2016
SNS,Genetics,2012,transcriptome_analysis_during_incompatible_and_compatible_interactions_of_ciborinia_camelliae_and_camellia_2012.pdf,0,0,0,189,0.0,0.0,2012-2016
SNS,Genetics,2012,transformation_of_cyclaneusma_minus_with_green_fluorescent_protein_to_enable_screening_of_fungi_for_biocontrol_activity_2012.pdf,10,6,4,5973,16.742005692281936,10.045203415369162,2012-2016
SNS,Genetics,2013,an_improved_artificial_pathogenicity_assay_for_dothistroma_needle_blight_on_pinus_radiata_2013.pdf,6,3,3,6173,9.71974728657055,4.859873643285275,2012-2016
SNS,Genetics,2013,ciborinia_camelliae_induces_variable_plant_resistance_responses_in_selected_species_of_camellia_2013.pdf,8,6,2,7571,10.566635847312112,7.924976885484083,2012-2016
SNS,Genetics,2013,diverse_lifestyles_and_strategies_of_plant_pathogenesis_encoded_in_the_genomes_of_eighteen_dothideomycetes_2013.pdf,6,4,2,1697,35.35651149086623,23.57100766057749,2012-2016
SNS,Genetics,2013,dothistroma_needle_blight_2013.pdf,9,5,4,13893,6.478082487583675,3.598934715324264,2012-2016
SNS,Genetics,2013,dothistromin_genes_at_multiple_separate_loci_are_regulated_by_aflr_2013.pdf,6,2,4,8071,7.4340230454714415,2.4780076818238137,2012-2016
SNS,Genetics,2013,fragmentation_of_an_aflatoxin‐like_gene_cluster_in_a_forest_pathogen_2013.pdf,15,6,9,10286,14.582928251993001,5.8331713007972,2012-2016
SNS,Genetics,2013,genomics_of_fungal_plant_pathogens_and_adaptation_to_their_host_plants_2013.pdf,1,1,0,257,38.91050583657588,38.91050583657588,2012-2016
SNS,Genetics,2013,mechanical_stress_sensing_in_epichloë_fungal_symbionts_during_colonization_of_grasses_2013.pdf,0,0,0,251,0.0,0.0,2012-2016
SNS,Genetics,2013,the_fragmented_dothistromin_gene_cluster_and_its_regulation_by_aflr_2013.pdf,0,0,0,254,0.0,0.0,2012-2016
SNS,Genetics,2013,transforming_tertiary_science_education_2013.pdf,8,6,2,10054,7.957032027053909,5.967774020290431,2012-2016
SNS,Genetics,2014,detection_and_quantification_of_three_distinct_neotyphodium_lolii_endophytes_in_lolium_perenne_by_real_time_pcr_of_secondary_metabolite_genes_2014.pdf,10,6,4,7594,13.16829075585989,7.900974453515934,2012-2016
SNS,Genetics,2014,development_of_microsatellite_and_mating_type_markers_for_the_pine_needle_pathogen_lecanosticta_acicola_2014.pdf,2,1,1,3122,6.406149903907751,3.2030749519538757,2012-2016
SNS,Genetics,2014,dothideomycete_plant_pathogens_require_specific_virulence_factors_for_colonization_and_host_plants_have_developed_specific_r_genes_for_defence_2014.pdf,2,2,0,232,86.20689655172414,86.20689655172414,2012-2016
SNS,Genetics,2014,evolutionary_mechanisms_involved_in_development_of_fungal_secondary_metabolite_gene_clusters_2014.pdf,0,0,0,139,0.0,0.0,2012-2016
SNS,Genetics,2014,the_role_of_effectors_pamps_and_secondary_metabolites_in_adaptation_of_cladosporium_fulvum_to_tomato_2014.pdf,2,2,0,258,77.51937984496124,77.51937984496124,2012-2016
SNS,Genetics,2015,dothistromin_toxin_is_a_virulence_factor_in_dothistroma_needle_blight_of_pines_2015.pdf,5,3,2,8131,6.149305128520477,3.689583077112286,2012-2016
SNS,Genetics,2015,mechanical_stress_initiates_intercalary_growth_in_epichloë_fungal_symbionts_of_grasses_2015.pdf,0,0,0,247,0.0,0.0,2012-2016
SNS,Genetics,2015,regulation_of_the_aflatoxin-like_toxin_dothistromin_by_aflj_2015.pdf,5,2,3,4344,11.51012891344383,4.6040515653775325,2012-2016
SNS,Genetics,2015,the_hemibiotrophic_lifestyle_of_the_fungal_pine_pathogen_dothistroma_septosporum_2015.pdf,5,2,3,9193,5.438920918089852,2.1755683672359405,2012-2016
SNS,Genetics,2016,a_conserved_proline_residue_in_dothideomycete_avr4_effector_proteins_is_required_to_trigger_a_cf_4_dependent_hypersensitive_response_2016.pdf,10,2,8,10555,9.474182851729038,1.8948365703458077,2012-2016
SNS,Genetics,2016,a_review_of_pinaceae_resistance_mechanisms_against_needle_and_shoot_pathogens_with_a_focus_on_the_dothistroma–pinus_interaction_2016.pdf,25,15,10,17531,14.260452911984485,8.55627174719069,2012-2016
SNS,Genetics,2016,a_worldwide_perspective_on_the_management_and_control_of_dothistroma_needle_blight_2016.pdf,7,4,3,15983,4.379653381718076,2.5026590752674718,2012-2016
SNS,Genetics,2016,effector_identification_in_the_pine_pathogen_dothistroma_septosporum_2016.pdf,3,1,2,2247,13.35113484646195,4.450378282153983,2012-2016
SNS,Genetics,2016,genome_scale_investigation_of_phenotypically_distinct_but_nearly_clonal_trichoderma_strains_2016.pdf,12,4,8,11029,10.880406201831535,3.626802067277178,2012-2016
SNS,Genetics,2016,genome_wide_gene_expression_dynamics_of_the_fungal_pathogen_dothistroma_septosporum_throughout_its_infection_cycle_of_the_gymnosperm_host_pinus_radiata_2016.pdf,7,4,3,13319,5.2556498235603275,3.0032284706059014,2012-2016
SNS,Genetics,2016,growth_and_fruition_of_a_pathology_research_community_2016.pdf,2,0,2,3733,5.357621216180016,0.0,2012-2016
SNS,Genetics,2016,laea_negatively_regulates_dothistromin_production_in_the_pine_needle_pathogen_dothistroma_septosporum_2016.pdf,10,4,6,8395,11.911852293031567,4.7647409172126265,2012-2016
SNS,Genetics,2016,molecular_markers_for_quantification_of_bioactive_fungal_strains_associated_with_pinus_radiata_2016.pdf,5,2,3,2201,22.716946842344388,9.086778736937756,2012-2016
SNS,Genetics,2017,evolution_of_polyketide_synthesis_in_a_dothideomycete_forest_pathogen_2017.pdf,6,2,4,7996,7.503751875937969,2.501250625312656,2017-2022
SNS,Genetics,2017,sensing_and_signalling_intercalary_growth_in_epichloëendophytes_2017.pdf,0,0,0,254,0.0,0.0,2017-2022
SNS,Genetics,2017,specific_hypersensitive_response_associated_recognition_of_new_apoplastic_effectors_from_cladosporium_fulvumin_wild_tomato_2017.pdf,16,9,7,20244,7.903576368306659,4.445761707172496,2017-2022
SNS,Genetics,2018,can_a_single_genomic_difference_result_in_a_better_biocontrol_agent_2018.pdf,0,0,0,370,0.0,0.0,2017-2022
SNS,Genetics,2018,chromatin_level_regulation_of_the_fragmented_dothistromin_gene_cluster_in_the_forest_pathogen_dothistroma_septosporum_2018.pdf,4,1,3,11686,3.422899195618689,0.8557247989046722,2017-2022
SNS,Genetics,2018,genetic_diversity_of_phytophthora_pluvialis_a_pathogen_of_conifers_in_new_zealand_and_the_west_coast_of_the_united_states_of_america_2018.pdf,6,2,4,7419,8.087343307723412,2.695781102574471,2017-2022
SNS,Genetics,2018,in_vitro_assays_of_phytophthora_agathidicida_on_kauri_leaves_suggest_variability_in_pathogen_virulence_and_host_response_2018.pdf,15,14,1,4066,36.89129365469749,34.43187407771766,2017-2022
SNS,Genetics,2018,specific_hypersensitive_response_associated_recognition_of_new_apoplastic_effectors_from_cladosporium_fulvum_in_wild_tomato_2018.pdf,16,9,7,20244,7.903576368306659,4.445761707172496,2017-2022
SNS,Genetics,2019,a_systems_approach_to_understanding_phytophthora_infection_in_forest_systems_2019.pdf,1,1,0,199,50.25125628140704,50.25125628140704,2017-2022
SNS,Genetics,2019,a_transcriptomics_approach_to_understanding_mechano_transduction_by_epichloësymbionts_of_grasses_2019.pdf,1,0,1,234,42.73504273504274,0.0,2017-2022
SNS,Genetics,2019,evolutionary_relics_dominate_the_small_number_of_secondary_metabolism_genes_in_the_hemibiotrophic_fungus_dothistroma_septosporum_2019.pdf,25,17,8,11706,21.356569280710744,14.522467110883307,2017-2022
SNS,Genetics,2019,global_population_genomics_of_the_forest_pathogen_dothistroma_septosporum_reveal_chromosome_duplications_in_high_dothistromin_producing_strains_2019.pdf,11,4,7,13941,7.890395237070511,2.869234631662004,2017-2022
SNS,Genetics,2019,reduced_virulence_of_an_introduced_forest_pathogen_over_50_years_2019.pdf,6,5,1,12989,4.619293248133036,3.849411040110863,2017-2022
SNS,Genetics,2020,camellia_plant_resistance_and_susceptibility_to_petal_blight_disease_are_defined_by_the_timing_of_defense_responses_2020.pdf,8,5,3,10185,7.854688267059402,4.909180166912126,2017-2022
SNS,Genetics,2020,conservation_and_expansion_of_a_necrosis_inducing_small_secreted_protein_family_from_host_variable_phytopathogens_of_the_sclerotiniaceae_2020.pdf,11,4,7,12069,9.11425967354379,3.3142762449250145,2017-2022
SNS,Genetics,2020,dsecp2_1_is_a_polymorphic_effector_that_restricts_growth_of_dothistroma_septosporum_in_pine_2020.pdf,9,2,7,11188,8.044333214158026,1.787629603146228,2017-2022
SNS,Genetics,2020,functional_analysis_of_rxlr_effectors_from_the_new_zealand_kauri_dieback_pathogen_phytophthora_agathidicida_2020.pdf,32,29,3,13391,23.89664700171757,21.656336345306546,2017-2022
SNS,Genetics,2020,phytophthora_agathidicida_2020.pdf,59,52,7,11937,49.426153975035604,43.56203401189578,2017-2022
SNS,Genetics,2021,apoplastic_effector_candidates_of_a_foliar_forest_pathogen_trigger_cell_death_in_host_and_non-host_plants_2021.pdf,7,4,3,9805,7.139214686384498,4.07955124936257,2017-2022
SNS,Genetics,2021,signatures_of_post_glacial_genetic_isolation_and_human_driven_migration_in_the_dothistroma_needle_blight_pathogen_in_western_canada_2021.pdf,11,7,4,11017,9.984569301987836,6.353816828537714,2017-2022
SNS,Genetics,2022,characterization_of_two_conserved_cell_death_elicitor_families_from_the_dothideomycete_fungal_pathogens_dothistroma_septosporum_and_fulvia_fulva_2022.pdf,19,9,10,17978,10.568472577594838,5.006118589387028,2017-2022
SNS,Genetics,2022,chromosome_level_assembly_of_the_phytophthora_agathidicida_genome_reveals_adaptation_in_effector_gene_families_2022.pdf,35,25,10,17478,20.025174505092117,14.303696075065798,2017-2022
SNS,Genetics,2022,crispr_cas9_gene_editing_and_rapid_detection_of_gene_edited_mutants_using_high_resolution_melting_in_the_apple_scab_fungus_venturia_inaequalis_2022.pdf,12,3,9,11931,10.057832537088258,2.5144581342720644,2017-2022
SNS,Genetics,2022,secreted_glycoside_hydrolase_proteins_as_effectors_and_invasion_patterns_of_plant-associated_fungi_and_oomycetes_2022.pdf,23,12,11,17626,13.048905026665153,6.808124361738341,2017-2022
SNS,Genetics,2022,targeted_gene_mutations_in_the_forest_pathogen_dothistroma_septosporum_using_crispr_cas9_2022.pdf,13,6,7,10905,11.92113709307657,5.502063273727647,2017-2022
SNS,Genetics,2022,the_secreted_proteome_of_necrotrophic_ciborinia_camelliae_causes_nonhost‐specific_virulence_2022.pdf,4,3,1,7517,5.321271783956366,3.9909538379672744,2017-2022
SNS,Plant_Science,2012,construction_of_black_and_red_raspberry_linkage_maps_and_their_comparison_to_the_genomes_of_strawberry_apple_and_peach_2012.pdf,6,3,3,9881,6.072259892723409,3.0361299463617044,2012-2016
SNS,Plant_Science,2012,extensive_chromosomal_variation_in_a_recently_formed_natural_allopolyploid_species_tragopogon_miscellus_2012.pdf,4,3,1,6123,6.532745386248571,4.899559039686428,2012-2016
SNS,Plant_Science,2012,microsatellite_markers_for_the_endangered_root_holoparasite_dactylanthus_taylorii_from_454_pyrosequencing_2012.pdf,6,5,1,2174,27.598896044158234,22.999080036798528,2012-2016
SNS,Plant_Science,2012,natural_variation_in_gl1_and_its_effects_on_trichome_density_in_arabidopsis_thaliana_2012.pdf,11,6,5,12167,9.040848195939837,4.931371743239912,2012-2016
SNS,Plant_Science,2012,proportions_of_anthocyanins_are_consistent_between_years_in_the_fruit_of_a_segregating_purple_raspberry_mapping_population_2012.pdf,7,5,2,3346,20.920502092050206,14.943215780035864,2012-2016
SNS,Plant_Science,2012,rapid_repeated_and_clustered_loss_of_duplicate_genes_in_allopolyploid_plant_populations_of_independent_origin_2012.pdf,3,3,0,5083,5.902026362384419,5.902026362384419,2012-2016
SNS,Plant_Science,2012,rosaceae_conserved_orthologous_set_markers_as_a_tool_to_assess_genome_synteny_between_malus_and_fragaria_2012.pdf,9,5,4,12125,7.422680412371133,4.123711340206186,2012-2016
SNS,Plant_Science,2013,microsatellite_markers_for_the_new_zealand_endemic_tree_fuchsia_excorticata_2013.pdf,7,5,2,2822,24.805102763997166,17.71793054571226,2012-2016
SNS,Plant_Science,2013,qtl_involved_in_the_modification_of_cyanidin_compounds_in_black_and_red_raspberry_fruit_2013.pdf,15,9,6,14077,10.655679477161327,6.393407686296796,2012-2016
SNS,Plant_Science,2014,gene_silencing_via_dna_methylation_in_naturally_occurring_tragopogon_miscellus_allopolyploids_2014.pdf,2,2,0,5867,3.4088972217487643,3.4088972217487643,2012-2016
SNS,Plant_Science,2014,sophora_microphylla_microsatellite_markers_and_their_utility_across_the_genus_2014.pdf,17,15,2,3500,48.57142857142857,42.85714285714286,2012-2016
SNS,Plant_Science,2014,the_genetic_architecture_of_constitutive_and_induced_trichome_density_in_two_new_recombinant_inbred_line_populations_of_arabidopsis_thaliana_2014.pdf,9,5,4,10629,8.46740050804403,4.7041113933577945,2012-2016
SNS,Plant_Science,2015,cytonuclear_coordination_is_not_immediate_upon_allopolyploid_formation_in_tragopogon_miscellus_allopolyploids_2015.pdf,12,7,5,9993,12.008405884118883,7.004903432402681,2012-2016
SNS,Plant_Science,2015,macro_and_micro_morphological_characters_of_hibiscus_diversifolius_jacq_2015.pdf,12,11,1,6227,19.270916974466033,17.665007226593865,2012-2016
SNS,Plant_Science,2015,microsatellite_markers_for_the_new_zealand_endemic_myosotis_pygmaea_species_group_amplify_across_species_2015.pdf,24,23,1,4233,56.69737774627924,54.33498700685094,2012-2016
SNS,Plant_Science,2015,the_compounding_effects_of_high_pollen_limitation_selfing_rates_and_inbreeding_depression_leave_a_new_zealand_tree_with_few_viable_offspring_2015.pdf,16,14,2,9767,16.381693457561177,14.333981775366029,2012-2016
SNS,Plant_Science,2016,isolation_and_characterization_of_polymorphic_microsatellite_loci_in_selliera_radicans_2016.pdf,8,6,2,2971,26.926960619320095,20.19522046449007,2012-2016
SNS,Plant_Science,2016,tyrosine_hydroxylation_in_betalain_pigment_biosynthesis_is_performed_by_cytochrome_p450_enzymes_in_beets_2016.pdf,6,4,2,8463,7.089684509039348,4.726456339359565,2012-2016
SNS,Plant_Science,2017,cytonuclear_responses_to_genome_doubling_2017.pdf,4,3,1,2560,15.625,11.71875,2017-2022
SNS,Plant_Science,2017,distributions_of_mutational_effects_and_the_estimation_of_directional_selection_in_divergent_lineages_of_arabidopsis_thaliana_2017.pdf,3,0,3,10102,2.969708968521085,0.0,2017-2022
SNS,Plant_Science,2017,hibiscus_diversifolius_subsp_2017.pdf,5,4,1,2896,17.265193370165743,13.812154696132596,2017-2022
SNS,Plant_Science,2018,bolstering_species_delimitation_in_difficult_species_complexes_by_analyzing_herbarium_and_common_garden_morphological_data_2018.pdf,54,52,2,18231,29.619878229389503,28.522845702375076,2017-2022
SNS,Plant_Science,2018,host_range_host_specificity_regional_host_preferences_and_genetic_variability_of_korthalsella_tiegh_2018.pdf,100,97,3,12639,79.12018355882586,76.74657805206108,2017-2022
SNS,Plant_Science,2018,microsatellite_markers_for_corybas_species_in_new_zealand_2018.pdf,13,12,1,4673,27.819387973464583,25.679435052428843,2017-2022
SNS,Plant_Science,2018,molecular_phylogenetics_and_character_evolution_of_gaya_and_related_genera_2018.pdf,14,10,4,9092,15.39815222173339,10.998680158380994,2017-2022
SNS,Plant_Science,2018,pollinator_service_affects_quantity_but_not_quality_of_offspring_in_a_widespread_new_zealand_endemic_tree_species_2018.pdf,16,11,5,9390,17.03940362087327,11.714589989350374,2017-2022
SNS,Plant_Science,2019,a_malvaceae_mystery_2019.pdf,17,7,10,13805,12.31437884824339,5.0706265845708085,2017-2022
SNS,Plant_Science,2019,can_morphology_and_chromosome_number_contribute_to_species_delimitation_2019.pdf,7,6,1,4801,14.580295771714226,12.49739637575505,2017-2022
SNS,Plant_Science,2019,comparing_and_co_analysing_microsatellite_and_morphological_data_for_species_delimitation_in_the_new_zealand_native_myosotis_pygmaea_species_group_2019.pdf,44,41,3,16874,26.07561929595828,24.29773616214294,2017-2022
SNS,Plant_Science,2019,one_thousand_plant_transcriptomes_and_the_phylogenomics_of_green_plants_2019.pdf,15,11,4,16553,9.061801486135444,6.645321089832659,2017-2022
SNS,Plant_Science,2019,widespread_morphological_parallelism_in_korthalsella_2019.pdf,42,33,9,11823,35.52397868561279,27.911697538695762,2017-2022
SNS,Plant_Science,2020,polysaccharide_structures_in_the_outer_mucilage_of_arabidopsis_seeds_visualized_by_afm_2020.pdf,10,4,6,7129,14.027212792818066,5.610885117127227,2017-2022
SNS,Plant_Science,2021,an_open_community_toolkit_for_collaborative_phylogenomic_research_on_flowering_plants_2021.pdf,5,4,1,8901,5.617346365576902,4.4938770924615214,2017-2022
SNS,Plant_Science,2021,exploring_angiosperms353_2021.pdf,1,1,0,5702,1.75377060680463,1.75377060680463,2017-2022
SNS,Plant_Science,2021,new_targets_acquired_2021.pdf,5,3,2,8114,6.162188809465122,3.697313285679073,2017-2022
SNS,Plant_Science,2021,polyploidy_on_islands_2021.pdf,14,10,4,13534,10.344318013890941,7.388798581350673,2017-2022
SNS,Plant_Science,2022,estimation_of_quantitative_genetic_parameters_for_dry_matter_yield_and_vegetative_persistence_related_traits_in_a_white_clover_training_population_2022.pdf,18,14,4,13755,13.086150490730644,10.178117048346056,2017-2022
SNS,Plant_Science,2022,inferring_the_biogeography_of_new_zealands_only_endemic_holoparasitic_plant_the_threatened_dactylanthus_taylorii_2022.pdf,20,14,6,11745,17.02852277564921,11.91996594295445,2017-2022
SNS,Plant_Science,2022,inferring_the_biogeography_of_new_zealands_only_endemic_holoparasitic_plant__the_threatened_dactylanthus_taylorii__mystropetalaceae_2022.pdf,20,14,6,11745,17.02852277564921,11.91996594295445,2017-2022
SNS,Plant_Science,2022,taxonomic_revision_of_the_southern_hemisphere_pygmy_forget_me_not_group_based_on_morphological_population_genetic_and_climate_edaphic_niche_modelling_data_2022.pdf,66,56,10,25910,25.47279042840602,21.613276727132384,2017-2022
SNS,Zoology_and_Ecology,2012,does_genetic_diversity_reduce_sibling_competition_2012.pdf,7,7,0,7822,8.949117872666836,8.949117872666836,2012-2016
SNS,Zoology_and_Ecology,2012,evolutionary_optimum_for_male_sexual_traits_characterized_using_the_multivariate_robertson–price_identity_2012.pdf,2,2,0,6978,2.866150759529951,2.866150759529951,2012-2016
SNS,Zoology_and_Ecology,2012,genetic_diversity_increases_population_productivity_in_a_sessile_marine_invertebrate_2012.pdf,9,9,0,7461,12.0627261761158,12.0627261761158,2012-2016
SNS,Zoology_and_Ecology,2012,ontogenetic_variability_in_the_habitat_associations_of_haliotis_iris_in_central_new_zealand_2012.pdf,9,9,0,8985,10.016694490818029,10.016694490818029,2012-2016
SNS,Zoology_and_Ecology,2013,a_novel_widespread_cryptic_species_and_phylogeographic_patterns_within_several_giant_clam_species_from_the_indo_pacific_ocean_2013.pdf,6,3,3,6807,8.814455707360072,4.407227853680036,2012-2016
SNS,Zoology_and_Ecology,2013,habitat_complexity_mediates_predation_of_juvenile_abalone_by_starfish_2013.pdf,14,10,4,7946,17.618927762396176,12.584948401711554,2012-2016
SNS,Zoology_and_Ecology,2013,regional_patterns_of_mtdna_diversit_ in_styela_plicata_an_invasive_ascidian_from_australian_and_new_zealand_marinas_2013.pdf,3,2,1,6339,4.73260766682442,3.155071777882947,2012-2016
SNS,Zoology_and_Ecology,2013,relatedness_affects_the_density_distribution_and_phenotype_of_colonisers_in_four_sessile_marine_2013.pdf,7,6,1,7410,9.446693657219972,8.097165991902834,2012-2016
SNS,Zoology_and_Ecology,2013,seascape_genetics_2013.pdf,4,2,2,11115,3.598740440845704,1.799370220422852,2012-2016
SNS,Zoology_and_Ecology,2013,taking_the_plunge_2013.pdf,3,2,1,14130,2.1231422505307855,1.4154281670205238,2012-2016
SNS,Zoology_and_Ecology,2014,comparing_g_multivariate_analysis_of_genetic_variation_in_multiple_populations_2014.pdf,4,2,2,9656,4.142502071251036,2.071251035625518,2012-2016
SNS,Zoology_and_Ecology,2014,"evaluating_edge_of_range_genetic_patterns_for_tropical_echinoderms,_acanthaster_planci_and_tripneustes_gratilla_of_the_kermadec_islands_southwest_pacific_2014.pdf",26,19,7,10100,25.742574257425744,18.81188118811881,2012-2016
SNS,Zoology_and_Ecology,2014,mechanisms_of_biotic_resistance_across_complex_life_cycles_2014.pdf,3,1,2,8729,3.4368197960820255,1.1456065986940085,2012-2016
SNS,Zoology_and_Ecology,2014,return_of_the_ghosts_of_dispersal_past_2014.pdf,26,17,9,15162,17.148133491623796,11.212241129138636,2012-2016
SNS,Zoology_and_Ecology,2014,the_genetic_covariance_between_life_cyclestages_separated_by_metamorphosis_2014.pdf,8,7,1,7850,10.19108280254777,8.9171974522293,2012-2016
SNS,Zoology_and_Ecology,2015,latitude_wide_genetic_patterns_reveal_historical_effects_and_contrasting_patterns_of_turnover_and_nestedness_at_the_range_peripheries_of_a_tropical_marine_fish_2015.pdf,3,0,3,10514,2.853338405934944,0.0,2012-2016
SNS,Zoology_and_Ecology,2015,limited_scope_for_latitudinal_extension_of_reef_corals_2015.pdf,1,0,1,4561,2.1925016443762333,0.0,2012-2016
SNS,Zoology_and_Ecology,2015,not_the_time_or_the_place_2015.pdf,6,3,3,6745,8.895478131949593,4.447739065974797,2012-2016
SNS,Zoology_and_Ecology,2015,scleractinian_corals_and_crown_of_thorns_seastars_of_the_kermadec_islands_2015.pdf,4,3,1,2387,16.75743611227482,12.568077084206116,2012-2016
SNS,Zoology_and_Ecology,2015,simultaneous_estimation_of_additive_and_mutational_genetic_variance_in_an_outbred_population_of_drosophila_serrata_2015.pdf,7,3,4,12456,5.619781631342325,2.4084778420038537,2012-2016
SNS,Zoology_and_Ecology,2016,a_decade_of_seascape_genetics_2016.pdf,16,13,3,14015,11.416339636104173,9.275775954334641,2012-2016
SNS,Zoology_and_Ecology,2016,conflicts_in_some_of_the_world_harbours_2016.pdf,27,19,8,13317,20.274836674926785,14.267477660133663,2012-2016
SNS,Zoology_and_Ecology,2016,diversification_across_a_heterogeneous_landscape_2016.pdf,0,0,0,10481,0.0,0.0,2012-2016
SNS,Zoology_and_Ecology,2016,female_song_occurs_in_songbirds_with_more_elaborate_female_coloration_and_reduced_sexual_dichromatism_2016.pdf,4,2,2,6662,6.004202942059441,3.0021014710297207,2012-2016
SNS,Zoology_and_Ecology,2016,genetic_compatibility_underlies_benefits_of_mate_choice_in_an_external_fertilizer_2016.pdf,7,4,3,9549,7.33061053513457,4.188920305791183,2012-2016
SNS,Zoology_and_Ecology,2016,loved_to_pieces_2016.pdf,56,50,6,11604,48.25922095829024,43.08859014133058,2012-2016
SNS,Zoology_and_Ecology,2016,loved_to_pieces_toward_the_sustainable_management_of_the_waitematā_harbour_and_hauraki_gulf_2016.pdf,40,36,4,6004,66.62225183211193,59.96002664890073,2012-2016
SNS,Zoology_and_Ecology,2016,navigating_the_currents_of_seascape_genomics_2016.pdf,12,6,6,19301,6.217294440702554,3.108647220351277,2012-2016
SNS,Zoology_and_Ecology,2016,quantitative_genetic_variation_comparing_patterns_of_2016_abstract.pdf,0,0,0,111,0.0,0.0,2012-2016
SNS,Zoology_and_Ecology,2016,response_to_letter_regarding_limited_scope_for_latitudinal_extension_of_reef_corals_2016.pdf,1,0,1,1774,5.636978579481398,0.0,2012-2016
SNS,Zoology_and_Ecology,2016,seascape_features_rather_than_dispersal_traits_predict_spatial_genetic_patterns_in_co_distributed_reef_fishes_2016.pdf,15,12,3,11250,13.333333333333332,10.666666666666668,2012-2016
SNS,Zoology_and_Ecology,2017,biodiversity_of_the_kermadec_islands_and_offshore_waters_of_the_kermadec_ridge_2017.pdf,2,2,0,163,122.69938650306749,122.69938650306749,2017-2022
SNS,Zoology_and_Ecology,2017,biodiversity_of_th_ kermadec_islands_and_offshore_waters_of_the_kermadec_ridge_2017.pdf,40,27,13,29754,13.443570612354643,9.074410163339383,2017-2022
SNS,Zoology_and_Ecology,2017,cryptic_speciation_in_pan_tropical_sea_urchins_2017.pdf,17,13,4,10553,16.109163271107743,12.318771913200038,2017-2022
SNS,Zoology_and_Ecology,2017,skelesim_2017.pdf,1,1,0,6262,1.5969338869370808,1.5969338869370808,2017-2022
SNS,Zoology_and_Ecology,2017,species_identity_and_depth_predict_bleaching_severity_in_reef-building_corals_2017.pdf,7,4,3,6366,10.995915802701854,6.283380458686773,2017-2022
SNS,Zoology_and_Ecology,2017,the_short_lived_neon_damsel_pomacentrus_coelestis_2017.pdf,6,4,2,8359,7.1778920923555445,4.785261394903697,2017-2022
SNS,Zoology_and_Ecology,2018,environmentally_induced_development_costs_underlie_fitness_tradeoffs_2018.pdf,3,1,2,8944,3.3542039355992843,1.118067978533095,2017-2022
SNS,Zoology_and_Ecology,2018,evolution_of_genetic_variance_during_adaptive_radiation_2018.pdf,4,3,1,14290,2.7991602519244227,2.099370188943317,2017-2022
SNS,Zoology_and_Ecology,2018,genetic_diversity_and_connectivity_of_beveridge_reefs_marine_biodiversity_in_an_indo_pacific_wide_context_2018.pdf,12,9,3,11296,10.623229461756376,7.96742209631728,2017-2022
SNS,Zoology_and_Ecology,2018,larval_traits_show_temporally_consistent_constraints_but_are_decoupled_from_postsettlement_juvenile_growth_in_an_intertidal_fish_2018.pdf,8,4,4,9097,8.794107947675057,4.3970539738375285,2017-2022
SNS,Zoology_and_Ecology,2019,an_integrated_pathway_for_building_regional_phylogenies_for_ecological_studies_2019.pdf,18,8,10,10103,17.816490151440167,7.918440067306741,2017-2022
SNS,Zoology_and_Ecology,2019,changes_in_key_traits_versus_depth_and_latitude_suggest_energy_efficient_locomotion_opportunistic_feeding_and_light_lead_to_adaptive_morphologies_of_marine_fishes_2019.pdf,22,15,7,12048,18.260292164674635,12.450199203187251,2017-2022
SNS,Zoology_and_Ecology,2019,connecting_genetic_incompatibilities_with_natural_selection_on_additive_genetic_variation_during_adaptive_radiation_2019.pdf,0,0,0,12134,0.0,0.0,2017-2022
SNS,Zoology_and_Ecology,2019,genetic_admixture_predicts_parasite_intensity_2019.pdf,9,7,2,5566,16.169601149838304,12.576356449874238,2017-2022
SNS,Zoology_and_Ecology,2019,local_adaptation_and_hybrid_failure_share_a_common_genetic_basis_2019.pdf,3,1,2,10945,2.7409776153494745,0.9136592051164916,2017-2022
SNS,Zoology_and_Ecology,2019,seascape_genomics_2019.pdf,140,93,47,219451,6.379556256294116,4.237848084538234,2017-2022
SNS,Zoology_and_Ecology,2019,the_molecular_biogeography_of_the_indo_pacific_2019.pdf,20,14,6,15456,12.939958592132506,9.057971014492754,2017-2022
SNS,Zoology_and_Ecology,2020,building_a_global_genomics_observatory_2020.pdf,23,18,5,10481,21.94447094742868,17.173933784944186,2017-2022
SNS,Zoology_and_Ecology,2020,genetic_diversity_targets_and_indicators_in_the_cbd_post_global_biodiversity_framework_must_be_improved_2020.pdf,8,6,2,7045,11.3555713271824,8.516678495386799,2017-2022
SNS,Zoology_and_Ecology,2020,loss_of_ecologically_important_genetic_variation_in_late_generation_hybrids_reveals_links_between_adaptation_and_speciation_2020.pdf,2,2,0,11968,1.6711229946524062,1.6711229946524062,2017-2022
SNS,Zoology_and_Ecology,2020,mares_a_replicable_pipeline_and_curated_reference_database_for_marine_eukaryote_metabarcoding_2020.pdf,4,1,3,6847,5.841974587410545,1.4604936468526362,2017-2022
SNS,Zoology_and_Ecology,2020,natural_history_footage_provides_new_reef_fish_biodiversity_information_for_a_pristine_but_rarely_visited_archipelago_2020.pdf,22,18,4,5296,41.54078549848943,33.987915407854985,2017-2022
SNS,Zoology_and_Ecology,2020,phylogenetic_measures_reveal_eco_evolutionary_drivers_of_biodiversity_along_a_depth_gradient_2020.pdf,15,6,9,11614,12.915446874461857,5.166178749784742,2017-2022
SNS,Zoology_and_Ecology,2020,post_goals_overlook_genetic_diversity_2020.pdf,1,1,0,1707,5.8582308142940835,5.8582308142940835,2017-2022
SNS,Zoology_and_Ecology,2021,authors_reply_to_letter_to_the_editor_continued_improvement_to_genetic_diversity_indicator_for_cbd_2021.pdf,3,1,2,2440,12.295081967213116,4.098360655737705,2017-2022
SNS,Zoology_and_Ecology,2021,a_global_analysis_of_complexity–biodiversity_relationships_on_marine_artificial_structures_2021.pdf,17,9,8,11671,14.56601833604661,7.711421472024676,2017-2022
SNS,Zoology_and_Ecology,2021,creating_space_for_indigenous_perspectives_on_access_and_benefit_sharing_2021.pdf,23,18,5,4797,47.94663331248697,37.5234521575985,2017-2022
SNS,Zoology_and_Ecology,2021,functional_beta_diversity_of_new_zealand_fishes_2021.pdf,18,12,6,12594,14.292520247737018,9.528346831824678,2017-2022
SNS,Zoology_and_Ecology,2021,genetic_and_phenotypic_variation_exhibit_both_predictable_and_stochastic_patterns_across_an_intertidal_fish_metapopulation_2021.pdf,17,11,6,19091,8.904719501335707,5.761877324393694,2017-2022
SNS,Zoology_and_Ecology,2021,high_functional_diversity_in_deep_sea_fish_communities_and_increasing_intraspecific_trait_variation_with_increasing_latitude_2021.pdf,27,16,11,11666,23.144179667409563,13.715069432539003,2017-2022
SNS,Zoology_and_Ecology,2021,high_regional_and_intrageneric_variation_in_susceptibility_to_mass_bleaching_in_indo_pacific_coral_species_2021.pdf,10,6,4,8419,11.87789523696401,7.126737142178406,2017-2022
SNS,Zoology_and_Ecology,2021,introduced_alien_range_extension_or_just_visiting_2021.pdf,25,15,10,13237,18.886454634735966,11.33187278084158,2017-2022
SNS,Zoology_and_Ecology,2021,metabarcoding_hyperdiverse_kelp_holdfast_communities_on_temperate_reefs_2021.pdf,22,12,10,16511,13.324450366422385,7.2678820180485735,2017-2022
SNS,Zoology_and_Ecology,2021,morphological_and_genetic_divergence_supports_peripheral_endemism_and_a_recent_evolutionary_history_of_chrysiptera_demoiselles_in_the_subtropical_south_pacific_2021.pdf,41,27,14,11763,34.855053982827506,22.953328232593726,2017-2022
SNS,Zoology_and_Ecology,2021,opportunities_and_challenges_of_macrogenetic_studies_2021.pdf,8,4,4,17384,4.601932811780948,2.300966405890474,2017-2022
SNS,Zoology_and_Ecology,2021,poor_data_stewardship_will_hinder_global_genetic_diversity_surveillance_2021.pdf,3,3,0,3108,9.652509652509652,9.652509652509652,2017-2022
SNS,Zoology_and_Ecology,2021,social_environment_mediates_habitat_shifts_in_a_range_restricted_giant_limpet_2021.pdf,14,10,4,6902,20.28397565922921,14.488554042306578,2017-2022
SNS,Zoology_and_Ecology,2021,the_contribution_of_mutation_and_selection_to_multivariate_quantitative_genetic_variance_in_an_outbred_population_of_drosophila_serrata_2021.pdf,7,6,1,11456,6.110335195530726,5.237430167597766,2017-2022
SNS,Zoology_and_Ecology,2021,the_ira_moana_project_2021.pdf,26,18,8,9982,26.04688439190543,18.0324584251653,2017-2022
SNS,Zoology_and_Ecology,2021,the_population_genetic_structure_of_the_urchin_centrostephanus_rodgersii_in_new_zealand_with_links_to_australia_2021.pdf,35,25,10,8519,41.084634346754314,29.346167390538795,2017-2022
SNS,Zoology_and_Ecology,2021,using_qualitative_data_to_classify_reef_fishes_into_dietary_guilds_2021.pdf,7,6,1,7022,9.968669894616918,8.54457419538593,2017-2022
SNS,Zoology_and_Ecology,2022,a_piece_of_the_puzzle_2022.pdf,179,146,33,12308,145.43386415339617,118.62203444913877,2017-2022
SNS,Zoology_and_Ecology,2022,balancing_openness_with_indigenous_data_sovereignty_2022.pdf,33,23,10,9732,33.908754623921084,23.63337443485409,2017-2022
SNS,Zoology_and_Ecology,2022,comparative_phylogeography_in_the_genomic_age_2022.pdf,17,10,7,15600,10.897435897435896,6.410256410256411,2017-2022
SNS,Zoology_and_Ecology,2022,global _genetic_diversity_status_and_trends_2022.pdf,24,14,10,28681,8.367909068721453,4.881280290087514,2017-2022
SNS,Zoology_and_Ecology,2022,metabarcoding_hyperdiverse_kelp_holdfast_communities_on_temperate_reefs_2022.pdf,22,12,10,16456,13.36898395721925,7.292173067574137,2017-2022
SNS,Zoology_and_Ecology,2022,molecular_phylogenetics_reveals_the_evolutionary_history_of_marine_fishes_endemic_to_the_subtropical_islands_of_the_southwest_pacific_2022.pdf,41,33,8,18054,22.70964883128393,18.27849783981389,2017-2022
SNS,Zoology_and_Ecology,2022,morphological_and_genetic_divergence_supports_peripheral_endemism_and_a_recent_evolutionary_history_of_chrysiptera_demoiselles_in_the_subtropical_south_pacific_2022.pdf,41,27,14,11763,34.855053982827506,22.953328232593726,2017-2022
SNS,Zoology_and_Ecology,2022,the_future_of_molecular_ecology_in_aotearoa_new_zealand_2022.pdf,140,115,25,14193,98.6401747340238,81.02585781723384,2017-2022
